	Timestamp	Temperatures
0	2023-01-16 14:21:17	4.213357211760654
1	2023-01-16 14:21:24	4.213357211760654
2	2023-01-16 14:21:31	4.213506042419596
3	2023-01-16 14:21:38	4.213357211760654
4	2023-01-16 14:21:46	4.213207732427574
5	2023-01-16 14:21:53	4.213207732427574
6	2023-01-16 14:22:00	4.213207732427574
7	2023-01-16 14:22:07	4.213133330786661
8	2023-01-16 14:22:14	4.213282137969189
9	2023-01-16 14:22:21	4.213207732427574
10	2023-01-16 14:22:29	4.213058933085236
11	2023-01-16 14:22:36	4.213207732427574
12	2023-01-16 14:22:43	4.213207732427574
13	2023-01-16 14:22:50	4.213058933085236
14	2023-01-16 14:22:57	4.212909485155704
15	2023-01-16 14:23:04	4.213058933085236
16	2023-01-16 14:23:12	4.212909485155704
17	2023-01-16 14:23:19	4.212983875062377
18	2023-01-16 14:23:26	4.212983875062377
19	2023-01-16 14:23:33	4.212909485155704
20	2023-01-16 14:23:40	4.212835099186758
21	2023-01-16 14:23:47	4.212760717049304
22	2023-01-16 14:23:55	4.212835099186758
23	2023-01-16 14:24:02	4.212835099186758
24	2023-01-16 14:24:09	4.212760717049304
25	2023-01-16 14:24:16	4.212760717049304
26	2023-01-16 14:24:23	4.212685674820884
27	2023-01-16 14:24:30	4.212611300577938
28	2023-01-16 14:24:38	4.2125369302087705
29	2023-01-16 14:24:45	4.212611300577938
30	2023-01-16 14:24:52	4.2125369302087705
31	2023-01-16 14:24:59	4.212462563758846
32	2023-01-16 14:25:06	4.212387537286808
33	2023-01-16 14:25:13	4.2125369302087705
34	2023-01-16 14:25:21	4.212387537286808
35	2023-01-16 14:25:28	4.212462563758846
36	2023-01-16 14:25:35	4.212313178660007
37	2023-01-16 14:25:42	4.212462563758846
38	2023-01-16 14:25:49	4.212238823951484
39	2023-01-16 14:25:57	4.212238823951484
40	2023-01-16 14:26:04	4.212238823951484
41	2023-01-16 14:26:11	4.212164473102812
42	2023-01-16 14:26:18	4.212164473102812
43	2023-01-16 14:26:25	4.212164473102812
44	2023-01-16 14:26:32	4.211940780298447
45	2023-01-16 14:26:39	4.212015119420776
46	2023-01-16 14:26:47	4.21186644509635
47	2023-01-16 14:26:54	4.212015119420776
48	2023-01-16 14:27:01	4.21186644509635
49	2023-01-16 14:27:08	4.21186644509635
50	2023-01-16 14:27:15	4.21186644509635
51	2023-01-16 14:27:22	4.211792113794271
52	2023-01-16 14:27:30	4.211792113794271
53	2023-01-16 14:27:37	4.21186644509635
54	2023-01-16 14:27:44	4.211717122767274
55	2023-01-16 14:27:51	4.211792113794271
56	2023-01-16 14:27:58	4.211792113794271
57	2023-01-16 14:28:06	4.211792113794271
58	2023-01-16 14:28:13	4.211717122767274
59	2023-01-16 14:28:20	4.211717122767274
60	2023-01-16 14:28:27	4.211568479709993
61	2023-01-16 14:28:34	4.211568479709993
62	2023-01-16 14:28:41	4.211642799299028
63	2023-01-16 14:28:49	4.211717122767274
64	2023-01-16 14:28:56	4.211642799299028
65	2023-01-16 14:29:03	4.211568479709993
66	2023-01-16 14:29:10	4.211494163982472
67	2023-01-16 14:29:17	4.211419188734847
68	2023-01-16 14:29:25	4.211494163982472
69	2023-01-16 14:29:32	4.211568479709993
70	2023-01-16 14:29:39	4.211568479709993
71	2023-01-16 14:29:46	4.211344880866572
72	2023-01-16 14:29:53	4.211419188734847
73	2023-01-16 14:30:00	4.211344880866572
74	2023-01-16 14:30:08	4.211344880866572
75	2023-01-16 14:30:15	4.211196276832199
76	2023-01-16 14:30:22	4.211196276832199
77	2023-01-16 14:30:29	4.211121980626026
78	2023-01-16 14:30:36	4.2108984522203565
79	2023-01-16 14:30:43	4.211047025068669
80	2023-01-16 14:30:51	4.210972736690437
81	2023-01-16 14:30:58	4.210972736690437
82	2023-01-16 14:31:05	4.210972736690437
83	2023-01-16 14:31:12	4.210749231777655
84	2023-01-16 14:31:19	4.210824171624754
85	2023-01-16 14:31:26	4.210749231777655
86	2023-01-16 14:31:34	4.210749231777655
87	2023-01-16 14:31:41	4.210749231777655
88	2023-01-16 14:31:48	4.210749231777655
89	2023-01-16 14:31:55	4.210674959032369
90	2023-01-16 14:32:02	4.210674959032369
91	2023-01-16 14:32:09	4.210451501062363
92	2023-01-16 14:32:17	4.21037724391518
93	2023-01-16 14:32:24	4.210526425197073
94	2023-01-16 14:32:31	4.210526425197073
95	2023-01-16 14:32:38	4.210302990634396
96	2023-01-16 14:32:45	4.210302990634396
97	2023-01-16 14:32:53	4.21037724391518
98	2023-01-16 14:33:00	4.21022874123866
99	2023-01-16 14:33:07	4.21022874123866
100	2023-01-16 14:33:14	4.210154495744205
101	2023-01-16 14:33:21	4.21037724391518
102	2023-01-16 14:33:28	4.21022874123866
103	2023-01-16 14:33:36	4.210154495744205
104	2023-01-16 14:33:43	4.21007959128405
105	2023-01-16 14:33:50	4.210005353598302
106	2023-01-16 14:33:57	4.21022874123866
107	2023-01-16 14:34:04	4.209931119796585
108	2023-01-16 14:34:11	4.210005353598302
109	2023-01-16 14:34:19	4.209931119796585
110	2023-01-16 14:34:26	4.209856889927157
111	2023-01-16 14:34:33	4.209856889927157
112	2023-01-16 14:34:40	4.209782001187073
113	2023-01-16 14:34:47	4.209707779098
114	2023-01-16 14:34:54	4.209782001187073
115	2023-01-16 14:35:02	4.209782001187073
116	2023-01-16 14:35:09	4.209707779098
117	2023-01-16 14:35:16	4.209707779098
118	2023-01-16 14:35:23	4.209633560897584
119	2023-01-16 14:35:30	4.209707779098
120	2023-01-16 14:35:37	4.209633560897584
121	2023-01-16 14:35:45	4.209559346566039
122	2023-01-16 14:35:52	4.209633560897584
123	2023-01-16 14:35:59	4.2094844735200265
124	2023-01-16 14:36:06	4.2094844735200265
125	2023-01-16 14:36:13	4.209410267057947
126	2023-01-16 14:36:20	4.209261865650856
127	2023-01-16 14:36:28	4.209410267057947
128	2023-01-16 14:36:35	4.209261865650856
129	2023-01-16 14:36:42	4.209187008389889
130	2023-01-16 14:36:49	4.209187008389889
131	2023-01-16 14:36:56	4.209187008389889
132	2023-01-16 14:37:03	4.209187008389889
133	2023-01-16 14:37:11	4.209187008389889
134	2023-01-16 14:37:18	4.209187008389889
135	2023-01-16 14:37:25	4.2090386303725715
136	2023-01-16 14:37:32	4.2091128174346135
137	2023-01-16 14:37:39	4.208964447207976
138	2023-01-16 14:37:47	4.208964447207976
139	2023-01-16 14:37:54	4.2091128174346135
140	2023-01-16 14:38:01	4.208964447207976
141	2023-01-16 14:38:08	4.2091128174346135
142	2023-01-16 14:38:15	4.208964447207976
143	2023-01-16 14:38:22	4.2090386303725715
144	2023-01-16 14:38:30	4.208890267919666
145	2023-01-16 14:38:37	4.208964447207976
146	2023-01-16 14:38:44	4.208890267919666
147	2023-01-16 14:38:51	4.208890267919666
148	2023-01-16 14:38:58	4.208815430272998
149	2023-01-16 14:39:06	4.208741258778678
150	2023-01-16 14:39:13	4.208815430272998
151	2023-01-16 14:39:20	4.208890267919666
152	2023-01-16 14:39:27	4.208667091166397
153	2023-01-16 14:39:34	4.208518105509916
154	2023-01-16 14:39:42	4.208592927460129
155	2023-01-16 14:39:49	4.208518105509916
156	2023-01-16 14:39:56	4.208518105509916
157	2023-01-16 14:40:03	4.208518105509916
158	2023-01-16 14:40:10	4.208443949567713
159	2023-01-16 14:40:17	4.208592927460129
160	2023-01-16 14:40:25	4.208592927460129
161	2023-01-16 14:40:32	4.208518105509916
162	2023-01-16 14:40:39	4.208667091166397
163	2023-01-16 14:40:46	4.208518105509916
164	2023-01-16 14:40:53	4.208518105509916
165	2023-01-16 14:41:00	4.208592927460129
166	2023-01-16 14:41:08	4.208592927460129
167	2023-01-16 14:41:15	4.208443949567713
168	2023-01-16 14:41:22	4.208518105509916
169	2023-01-16 14:41:29	4.208518105509916
170	2023-01-16 14:41:36	4.208369797524674
171	2023-01-16 14:41:44	4.208295649403119
172	2023-01-16 14:41:51	4.208369797524674
173	2023-01-16 14:41:58	4.208443949567713
174	2023-01-16 14:42:05	4.208369797524674
175	2023-01-16 14:42:12	4.208220843130155
176	2023-01-16 14:42:19	4.208220843130155
177	2023-01-16 14:42:26	4.208220843130155
178	2023-01-16 14:42:34	4.208295649403119
179	2023-01-16 14:42:41	4.208220843130155
180	2023-01-16 14:42:48	4.208220843130155
181	2023-01-16 14:42:55	4.208146702760474
182	2023-01-16 14:43:02	4.207998433694046
183	2023-01-16 14:43:10	4.2080725662808485
184	2023-01-16 14:43:17	4.2080725662808485
185	2023-01-16 14:43:24	4.208146702760474
186	2023-01-16 14:43:31	4.208146702760474
187	2023-01-16 14:43:38	4.2080725662808485
188	2023-01-16 14:43:45	4.2080725662808485
189	2023-01-16 14:43:53	4.207998433694046
190	2023-01-16 14:44:00	4.208146702760474
191	2023-01-16 14:44:07	4.208220843130155
192	2023-01-16 14:44:14	4.207924304974467
193	2023-01-16 14:44:21	4.208146702760474
194	2023-01-16 14:44:28	4.2080725662808485
195	2023-01-16 14:44:36	4.208146702760474
196	2023-01-16 14:44:43	4.207924304974467
197	2023-01-16 14:44:50	4.207924304974467
198	2023-01-16 14:44:57	4.207998433694046
199	2023-01-16 14:45:04	4.207998433694046
200	2023-01-16 14:45:12	4.207998433694046
201	2023-01-16 14:45:19	4.2080725662808485
202	2023-01-16 14:45:26	4.207998433694046
203	2023-01-16 14:45:33	4.207998433694046
204	2023-01-16 14:45:40	4.207998433694046
205	2023-01-16 14:45:47	4.207998433694046
206	2023-01-16 14:45:54	4.207924304974467
207	2023-01-16 14:46:02	4.207924304974467
208	2023-01-16 14:46:09	4.207849518322298
209	2023-01-16 14:46:16	4.207775397375132
210	2023-01-16 14:46:23	4.207849518322298
211	2023-01-16 14:46:30	4.207924304974467
212	2023-01-16 14:46:38	4.207924304974467
213	2023-01-16 14:46:45	4.207775397375132
214	2023-01-16 14:46:52	4.207998433694046
215	2023-01-16 14:46:59	4.207924304974467
216	2023-01-16 14:47:06	4.207849518322298
217	2023-01-16 14:47:14	4.207849518322298
218	2023-01-16 14:47:21	4.207849518322298
219	2023-01-16 14:47:28	4.207924304974467
220	2023-01-16 14:47:35	4.207924304974467
221	2023-01-16 14:47:42	4.2080725662808485
222	2023-01-16 14:47:50	4.2080725662808485
223	2023-01-16 14:47:57	4.207998433694046
224	2023-01-16 14:48:04	4.207924304974467
225	2023-01-16 14:48:11	4.2080725662808485
226	2023-01-16 14:48:18	4.2080725662808485
227	2023-01-16 14:48:25	4.2080725662808485
228	2023-01-16 14:48:33	4.2080725662808485
229	2023-01-16 14:48:40	4.207998433694046
230	2023-01-16 14:48:47	4.208146702760474
231	2023-01-16 14:48:54	4.2080725662808485
232	2023-01-16 14:49:01	4.2080725662808485
233	2023-01-16 14:49:09	4.2080725662808485
234	2023-01-16 14:49:16	4.2080725662808485
235	2023-01-16 14:49:23	4.2080725662808485
236	2023-01-16 14:49:30	4.2080725662808485
237	2023-01-16 14:49:37	4.2080725662808485
238	2023-01-16 14:49:44	4.2080725662808485
239	2023-01-16 14:49:52	4.207998433694046
240	2023-01-16 14:49:59	4.207849518322298
241	2023-01-16 14:50:06	4.207998433694046
242	2023-01-16 14:50:13	4.207924304974467
243	2023-01-16 14:50:20	4.207775397375132
244	2023-01-16 14:50:27	4.208369797524674
245	2023-01-16 14:50:35	4.208295649403119
246	2023-01-16 14:50:42	4.208369797524674
247	2023-01-16 14:50:49	4.208443949567713
248	2023-01-16 14:50:56	4.208443949567713
249	2023-01-16 14:51:03	4.208369797524674
250	2023-01-16 14:51:10	4.208443949567713
251	2023-01-16 14:51:18	4.208369797524674
252	2023-01-16 14:51:25	4.208369797524674
253	2023-01-16 14:51:32	4.208295649403119
254	2023-01-16 14:51:39	4.208295649403119
255	2023-01-16 14:51:46	4.208295649403119
256	2023-01-16 14:51:54	4.208369797524674
257	2023-01-16 14:52:01	4.208369797524674
258	2023-01-16 14:52:08	4.208443949567713
259	2023-01-16 14:52:15	4.208220843130155
260	2023-01-16 14:52:22	4.208295649403119
261	2023-01-16 14:52:29	4.208295649403119
262	2023-01-16 14:52:36	4.208220843130155
263	2023-01-16 14:52:44	4.208220843130155
264	2023-01-16 14:52:51	4.208369797524674
265	2023-01-16 14:52:58	4.208220843130155
266	2023-01-16 14:53:05	4.208146702760474
267	2023-01-16 14:53:12	4.208146702760474
268	2023-01-16 14:53:19	4.208146702760474
269	2023-01-16 14:53:27	4.208146702760474
270	2023-01-16 14:53:34	4.208146702760474
271	2023-01-16 14:53:41	4.2080725662808485
272	2023-01-16 14:53:48	4.207998433694046
273	2023-01-16 14:53:55	4.2080725662808485
274	2023-01-16 14:54:03	4.207998433694046
275	2023-01-16 14:54:10	4.208146702760474
276	2023-01-16 14:54:17	4.208146702760474
277	2023-01-16 14:54:24	4.207998433694046
278	2023-01-16 14:54:31	4.207924304974467
279	2023-01-16 14:54:39	4.208146702760474
280	2023-01-16 14:54:46	4.207924304974467
281	2023-01-16 14:54:53	4.207924304974467
282	2023-01-16 14:55:00	4.207849518322298
283	2023-01-16 14:55:07	4.207849518322298
284	2023-01-16 14:55:15	4.207849518322298
285	2023-01-16 14:55:22	4.207924304974467
286	2023-01-16 14:55:29	4.207849518322298
287	2023-01-16 14:55:36	4.207924304974467
288	2023-01-16 14:55:43	4.207849518322298
289	2023-01-16 14:55:50	4.207924304974467
290	2023-01-16 14:55:58	4.207849518322298
291	2023-01-16 14:56:05	4.207775397375132
292	2023-01-16 14:56:12	4.207924304974467
293	2023-01-16 14:56:19	4.20770128033495
294	2023-01-16 14:56:26	4.20770128033495
295	2023-01-16 14:56:34	4.207775397375132
296	2023-01-16 14:56:41	4.207552396193375
297	2023-01-16 14:56:48	4.20770128033495
298	2023-01-16 14:56:55	4.207627167161908
299	2023-01-16 14:57:02	4.207627167161908
300	2023-01-16 14:57:10	4.207627167161908
301	2023-01-16 14:57:17	4.207552396193375
302	2023-01-16 14:57:24	4.207552396193375
303	2023-01-16 14:57:31	4.207627167161908
304	2023-01-16 14:57:38	4.207627167161908
305	2023-01-16 14:57:46	4.207627167161908
306	2023-01-16 14:57:53	4.207478290830634
307	2023-01-16 14:58:00	4.207478290830634
308	2023-01-16 14:58:07	4.207552396193375
309	2023-01-16 14:58:14	4.207404189340096
310	2023-01-16 14:58:22	4.207330091717471
311	2023-01-16 14:58:29	4.207404189340096
312	2023-01-16 14:58:36	4.207404189340096
313	2023-01-16 14:58:43	4.207330091717471
314	2023-01-16 14:58:50	4.207330091717471
315	2023-01-16 14:58:58	4.207330091717471
316	2023-01-16 14:59:05	4.207255336421839
317	2023-01-16 14:59:12	4.207255336421839
318	2023-01-16 14:59:19	4.207181246606135
319	2023-01-16 14:59:26	4.207255336421839
320	2023-01-16 14:59:33	4.207255336421839
321	2023-01-16 14:59:41	4.207330091717471
322	2023-01-16 14:59:48	4.207255336421839
323	2023-01-16 14:59:55	4.207255336421839
324	2023-01-16 15:00:02	4.207181246606135
325	2023-01-16 15:00:09	4.207181246606135
326	2023-01-16 15:00:17	4.207033078590229
327	2023-01-16 15:00:24	4.207181246606135
328	2023-01-16 15:00:31	4.2071071606304375
329	2023-01-16 15:00:38	4.2069583389378735
330	2023-01-16 15:00:45	4.2071071606304375
331	2023-01-16 15:00:53	4.2071071606304375
332	2023-01-16 15:01:00	4.2071071606304375
333	2023-01-16 15:01:07	4.20688426466827
334	2023-01-16 15:01:14	4.207033078590229
335	2023-01-16 15:01:21	4.20688426466827
336	2023-01-16 15:01:29	4.207033078590229
337	2023-01-16 15:01:36	4.20688426466827
338	2023-01-16 15:01:43	4.2069583389378735
339	2023-01-16 15:01:50	4.20688426466827
340	2023-01-16 15:01:57	4.206736127702118
341	2023-01-16 15:02:04	4.20688426466827
342	2023-01-16 15:02:12	4.20688426466827
343	2023-01-16 15:02:19	4.206810194239829
344	2023-01-16 15:02:26	4.206810194239829
345	2023-01-16 15:02:33	4.20688426466827
346	2023-01-16 15:02:40	4.206810194239829
347	2023-01-16 15:02:48	4.206736127702118
348	2023-01-16 15:02:55	4.206662065011377
349	2023-01-16 15:03:02	4.206587344978799
350	2023-01-16 15:03:09	4.206662065011377
351	2023-01-16 15:03:16	4.206662065011377
352	2023-01-16 15:03:23	4.206736127702118
353	2023-01-16 15:03:31	4.206736127702118
354	2023-01-16 15:03:38	4.206587344978799
355	2023-01-16 15:03:45	4.206587344978799
356	2023-01-16 15:03:52	4.206587344978799
357	2023-01-16 15:03:59	4.2065132901027
358	2023-01-16 15:04:06	4.2065132901027
359	2023-01-16 15:04:14	4.2065132901027
360	2023-01-16 15:04:21	4.2065132901027
361	2023-01-16 15:04:28	4.2065132901027
362	2023-01-16 15:04:35	4.206439239086068
363	2023-01-16 15:04:42	4.206365191931086
364	2023-01-16 15:04:49	4.206365191931086
365	2023-01-16 15:04:57	4.206365191931086
366	2023-01-16 15:05:04	4.2065132901027
367	2023-01-16 15:05:11	4.206365191931086
368	2023-01-16 15:05:18	4.206290487593187
369	2023-01-16 15:05:25	4.206290487593187
370	2023-01-16 15:05:33	4.206439239086068
371	2023-01-16 15:05:40	4.206290487593187
372	2023-01-16 15:05:47	4.206365191931086
373	2023-01-16 15:05:54	4.206290487593187
374	2023-01-16 15:06:01	4.206216448209655
375	2023-01-16 15:06:08	4.206290487593187
376	2023-01-16 15:06:16	4.206216448209655
377	2023-01-16 15:06:23	4.206216448209655
378	2023-01-16 15:06:30	4.206290487593187
379	2023-01-16 15:06:37	4.206290487593187
380	2023-01-16 15:06:44	4.2061424127420395
381	2023-01-16 15:06:51	4.2061424127420395
382	2023-01-16 15:06:59	4.206068381097108
383	2023-01-16 15:07:06	4.2061424127420395
384	2023-01-16 15:07:13	4.206068381097108
385	2023-01-16 15:07:20	4.2059936924082
386	2023-01-16 15:07:27	4.206068381097108
387	2023-01-16 15:07:35	4.206068381097108
388	2023-01-16 15:07:42	4.2061424127420395
389	2023-01-16 15:07:49	4.2059196685752465
390	2023-01-16 15:07:56	4.2059936924082
391	2023-01-16 15:08:03	4.2059196685752465
392	2023-01-16 15:08:11	4.206068381097108
393	2023-01-16 15:08:18	4.206068381097108
394	2023-01-16 15:08:25	4.2059196685752465
395	2023-01-16 15:08:32	4.2059196685752465
396	2023-01-16 15:08:39	4.2059196685752465
397	2023-01-16 15:08:47	4.2059936924082
398	2023-01-16 15:08:54	4.2057716324981556
399	2023-01-16 15:09:01	4.2058456486233355
400	2023-01-16 15:09:08	4.2058456486233355
401	2023-01-16 15:09:15	4.2058456486233355
402	2023-01-16 15:09:22	4.2059196685752465
403	2023-01-16 15:09:30	4.2058456486233355
404	2023-01-16 15:09:37	4.2058456486233355
405	2023-01-16 15:09:44	4.2058456486233355
406	2023-01-16 15:09:51	4.205697620258381
407	2023-01-16 15:09:58	4.205697620258381
408	2023-01-16 15:10:05	4.205697620258381
409	2023-01-16 15:10:13	4.2057716324981556
410	2023-01-16 15:10:20	4.2057716324981556
411	2023-01-16 15:10:27	4.2057716324981556
412	2023-01-16 15:10:34	4.205697620258381
413	2023-01-16 15:10:42	4.2057716324981556
414	2023-01-16 15:10:49	4.2057716324981556
415	2023-01-16 15:10:56	4.205697620258381
416	2023-01-16 15:11:03	4.2057716324981556
417	2023-01-16 15:11:10	4.205697620258381
418	2023-01-16 15:11:17	4.205697620258381
419	2023-01-16 15:11:25	4.205622951127153
420	2023-01-16 15:11:32	4.205548946677322
421	2023-01-16 15:11:39	4.205474946112315
422	2023-01-16 15:11:46	4.205548946677322
423	2023-01-16 15:11:53	4.205474946112315
424	2023-01-16 15:12:01	4.205548946677322
425	2023-01-16 15:12:08	4.205474946112315
426	2023-01-16 15:12:15	4.205548946677322
427	2023-01-16 15:12:22	4.205474946112315
428	2023-01-16 15:12:29	4.205474946112315
429	2023-01-16 15:12:36	4.205400949413156
430	2023-01-16 15:12:44	4.205474946112315
431	2023-01-16 15:12:51	4.205400949413156
432	2023-01-16 15:12:58	4.205474946112315
433	2023-01-16 15:13:05	4.205548946677322
434	2023-01-16 15:13:12	4.205400949413156
435	2023-01-16 15:13:20	4.205400949413156
436	2023-01-16 15:13:27	4.205474946112315
437	2023-01-16 15:13:34	4.205400949413156
438	2023-01-16 15:13:41	4.205400949413156
439	2023-01-16 15:13:48	4.205548946677322
440	2023-01-16 15:13:56	4.205400949413156
441	2023-01-16 15:14:03	4.205474946112315
442	2023-01-16 15:14:10	4.205326295884959
443	2023-01-16 15:14:17	4.205474946112315
444	2023-01-16 15:14:24	4.205326295884959
445	2023-01-16 15:14:31	4.205326295884959
446	2023-01-16 15:14:39	4.205474946112315
447	2023-01-16 15:14:46	4.205400949413156
448	2023-01-16 15:14:53	4.205548946677322
449	2023-01-16 15:15:00	4.205400949413156
450	2023-01-16 15:15:07	4.205326295884959
451	2023-01-16 15:15:15	4.205400949413156
452	2023-01-16 15:15:22	4.205474946112315
453	2023-01-16 15:15:29	4.205326295884959
454	2023-01-16 15:15:36	4.205400949413156
455	2023-01-16 15:15:43	4.20517832186945
456	2023-01-16 15:15:50	4.205474946112315
457	2023-01-16 15:15:58	4.205326295884959
458	2023-01-16 15:16:05	4.205474946112315
459	2023-01-16 15:16:12	4.205400949413156
460	2023-01-16 15:16:19	4.205400949413156
461	2023-01-16 15:16:26	4.205326295884959
462	2023-01-16 15:16:33	4.20517832186945
463	2023-01-16 15:16:41	4.205326295884959
464	2023-01-16 15:16:48	4.205252306945706
465	2023-01-16 15:16:55	4.205252306945706
466	2023-01-16 15:17:02	4.205252306945706
467	2023-01-16 15:17:09	4.205252306945706
468	2023-01-16 15:17:17	4.205104340662261
469	2023-01-16 15:17:24	4.205104340662261
470	2023-01-16 15:17:31	4.205326295884959
471	2023-01-16 15:17:38	4.205252306945706
472	2023-01-16 15:17:45	4.20517832186945
473	2023-01-16 15:17:53	4.20517832186945
474	2023-01-16 15:18:00	4.205029702793183
475	2023-01-16 15:18:07	4.20517832186945
476	2023-01-16 15:18:14	4.205104340662261
477	2023-01-16 15:18:21	4.204881759788532
478	2023-01-16 15:18:29	4.2049557293683275
479	2023-01-16 15:18:36	4.2049557293683275
480	2023-01-16 15:18:43	4.205029702793183
481	2023-01-16 15:18:50	4.2049557293683275
482	2023-01-16 15:18:57	4.2049557293683275
483	2023-01-16 15:19:05	4.205029702793183
484	2023-01-16 15:19:12	4.205029702793183
485	2023-01-16 15:19:19	4.2049557293683275
486	2023-01-16 15:19:26	4.205029702793183
487	2023-01-16 15:19:33	4.2049557293683275
488	2023-01-16 15:19:40	4.2049557293683275
489	2023-01-16 15:19:48	4.205029702793183
490	2023-01-16 15:19:55	4.2049557293683275
491	2023-01-16 15:20:02	4.204881759788532
492	2023-01-16 15:20:09	4.2049557293683275
493	2023-01-16 15:20:16	4.2049557293683275
494	2023-01-16 15:20:23	4.204807794076548
495	2023-01-16 15:20:31	4.204807794076548
496	2023-01-16 15:20:38	4.204807794076548
497	2023-01-16 15:20:45	4.204733832246768
498	2023-01-16 15:20:52	4.204881759788532
499	2023-01-16 15:20:59	4.204733832246768
500	2023-01-16 15:21:06	4.204807794076548
501	2023-01-16 15:21:14	4.204733832246768
502	2023-01-16 15:21:21	4.204659213950397
503	2023-01-16 15:21:28	4.204733832246768
504	2023-01-16 15:21:35	4.204881759788532
505	2023-01-16 15:21:42	4.204733832246768
506	2023-01-16 15:21:49	4.204733832246768
507	2023-01-16 15:21:57	4.204733832246768
508	2023-01-16 15:22:04	4.204733832246768
509	2023-01-16 15:22:11	4.204733832246768
510	2023-01-16 15:22:18	4.204807794076548
511	2023-01-16 15:22:25	4.204733832246768
512	2023-01-16 15:22:32	4.204659213950397
513	2023-01-16 15:22:40	4.204659213950397
514	2023-01-16 15:22:47	4.204659213950397
515	2023-01-16 15:22:54	4.204733832246768
516	2023-01-16 15:23:01	4.204659213950397
517	2023-01-16 15:23:08	4.204807794076548
518	2023-01-16 15:23:15	4.204807794076548
519	2023-01-16 15:23:23	4.204807794076548
520	2023-01-16 15:23:30	4.2049557293683275
521	2023-01-16 15:23:37	4.204807794076548
522	2023-01-16 15:23:44	4.204807794076548
523	2023-01-16 15:23:51	4.204659213950397
524	2023-01-16 15:23:58	4.204733832246768
525	2023-01-16 15:24:06	4.204659213950397
526	2023-01-16 15:24:13	4.204733832246768
527	2023-01-16 15:24:20	4.204733832246768
528	2023-01-16 15:24:27	4.204659213950397
529	2023-01-16 15:24:34	4.204585259875078
530	2023-01-16 15:24:42	4.20451130967777
531	2023-01-16 15:24:49	4.204585259875078
532	2023-01-16 15:24:56	4.204437363329114
533	2023-01-16 15:25:03	4.204437363329114
534	2023-01-16 15:25:10	4.204362760650383
535	2023-01-16 15:25:17	4.20451130967777
536	2023-01-16 15:25:25	4.204437363329114
537	2023-01-16 15:25:32	4.204362760650383
538	2023-01-16 15:25:39	4.204437363329114
539	2023-01-16 15:25:46	4.204362760650383
540	2023-01-16 15:25:53	4.204362760650383
541	2023-01-16 15:26:00	4.204288822082533
542	2023-01-16 15:26:08	4.204288822082533
543	2023-01-16 15:26:15	4.204214887348346
544	2023-01-16 15:26:22	4.204362760650383
545	2023-01-16 15:26:29	4.204214887348346
546	2023-01-16 15:26:36	4.204140956519374
547	2023-01-16 15:26:43	4.204362760650383
548	2023-01-16 15:26:51	4.204214887348346
549	2023-01-16 15:26:58	4.204140956519374
550	2023-01-16 15:27:05	4.204140956519374
551	2023-01-16 15:27:12	4.204214887348346
552	2023-01-16 15:27:19	4.204066369460604
553	2023-01-16 15:27:26	4.204066369460604
554	2023-01-16 15:27:34	4.204140956519374
555	2023-01-16 15:27:41	4.204140956519374
556	2023-01-16 15:27:48	4.204066369460604
557	2023-01-16 15:27:55	4.203918527157573
558	2023-01-16 15:28:02	4.204066369460604
559	2023-01-16 15:28:09	4.204140956519374
560	2023-01-16 15:28:17	4.20399244635366
561	2023-01-16 15:28:24	4.20399244635366
562	2023-01-16 15:28:31	4.203844611758733
563	2023-01-16 15:28:38	4.204066369460604
564	2023-01-16 15:28:45	4.203918527157573
565	2023-01-16 15:28:52	4.203844611758733
566	2023-01-16 15:29:00	4.203918527157573
567	2023-01-16 15:29:07	4.203844611758733
568	2023-01-16 15:29:14	4.203844611758733
569	2023-01-16 15:29:21	4.203844611758733
570	2023-01-16 15:29:28	4.203844611758733
571	2023-01-16 15:29:35	4.203918527157573
572	2023-01-16 15:29:43	4.203770040357633
573	2023-01-16 15:29:50	4.203770040357633
574	2023-01-16 15:29:57	4.203770040357633
575	2023-01-16 15:30:04	4.203770040357633
576	2023-01-16 15:30:11	4.203770040357633
577	2023-01-16 15:30:19	4.203622229007499
578	2023-01-16 15:30:26	4.2035483291197515
579	2023-01-16 15:30:33	4.203622229007499
580	2023-01-16 15:30:40	4.203696132761466
581	2023-01-16 15:30:47	4.203696132761466
582	2023-01-16 15:30:55	4.203696132761466
583	2023-01-16 15:31:02	4.203622229007499
584	2023-01-16 15:31:09	4.203474433086165
585	2023-01-16 15:31:16	4.203622229007499
586	2023-01-16 15:31:23	4.2035483291197515
587	2023-01-16 15:31:30	4.2035483291197515
588	2023-01-16 15:31:38	4.203474433086165
589	2023-01-16 15:31:45	4.203622229007499
590	2023-01-16 15:31:52	4.203474433086165
591	2023-01-16 15:31:59	4.203622229007499
592	2023-01-16 15:32:06	4.203622229007499
593	2023-01-16 15:32:14	4.203325992890014
594	2023-01-16 15:32:21	4.203474433086165
595	2023-01-16 15:32:28	4.203474433086165
596	2023-01-16 15:32:35	4.203474433086165
597	2023-01-16 15:32:42	4.203474433086165
598	2023-01-16 15:32:49	4.203399881179257
599	2023-01-16 15:32:57	4.203325992890014
600	2023-01-16 15:33:04	4.203399881179257
601	2023-01-16 15:33:11	4.203252108489463
602	2023-01-16 15:33:18	4.203399881179257
603	2023-01-16 15:33:25	4.203325992890014
604	2023-01-16 15:33:33	4.203325992890014
605	2023-01-16 15:33:40	4.203325992890014
606	2023-01-16 15:33:47	4.203252108489463
607	2023-01-16 15:33:54	4.203252108489463
608	2023-01-16 15:34:01	4.203252108489463
609	2023-01-16 15:34:09	4.203252108489463
610	2023-01-16 15:34:16	4.203029818868799
611	2023-01-16 15:34:23	4.203178227943816
612	2023-01-16 15:34:30	4.203178227943816
613	2023-01-16 15:34:37	4.203103691647238
614	2023-01-16 15:34:45	4.203178227943816
615	2023-01-16 15:34:52	4.203029818868799
616	2023-01-16 15:34:59	4.203029818868799
617	2023-01-16 15:35:06	4.202955949893183
618	2023-01-16 15:35:13	4.203029818868799
619	2023-01-16 15:35:20	4.203178227943816
620	2023-01-16 15:35:28	4.203029818868799
621	2023-01-16 15:35:35	4.203029818868799
622	2023-01-16 15:35:42	4.203103691647238
623	2023-01-16 15:35:49	4.203178227943816
624	2023-01-16 15:35:56	4.203029818868799
625	2023-01-16 15:36:04	4.203029818868799
626	2023-01-16 15:36:11	4.202955949893183
627	2023-01-16 15:36:18	4.203029818868799
628	2023-01-16 15:36:25	4.202882084837372
629	2023-01-16 15:36:32	4.203029818868799
630	2023-01-16 15:36:39	4.203029818868799
631	2023-01-16 15:36:46	4.202955949893183
632	2023-01-16 15:36:54	4.202882084837372
633	2023-01-16 15:37:01	4.202955949893183
634	2023-01-16 15:37:08	4.203029818868799
635	2023-01-16 15:37:15	4.202955949893183
636	2023-01-16 15:37:22	4.203029818868799
637	2023-01-16 15:37:30	4.203029818868799
638	2023-01-16 15:37:37	4.202807564148151
639	2023-01-16 15:37:44	4.202882084837372
640	2023-01-16 15:37:51	4.202882084837372
641	2023-01-16 15:37:58	4.202882084837372
642	2023-01-16 15:38:05	4.202882084837372
643	2023-01-16 15:38:13	4.202807564148151
644	2023-01-16 15:38:20	4.202882084837372
645	2023-01-16 15:38:27	4.202807564148151
646	2023-01-16 15:38:34	4.202882084837372
647	2023-01-16 15:38:41	4.202807564148151
648	2023-01-16 15:38:48	4.202586003726063
649	2023-01-16 15:38:56	4.202733706822932
650	2023-01-16 15:39:03	4.202807564148151
651	2023-01-16 15:39:10	4.202659853334872
652	2023-01-16 15:39:17	4.202807564148151
653	2023-01-16 15:39:24	4.202807564148151
654	2023-01-16 15:39:31	4.202659853334872
655	2023-01-16 15:39:39	4.202659853334872
656	2023-01-16 15:39:46	4.202733706822932
657	2023-01-16 15:39:53	4.202733706822932
658	2023-01-16 15:40:00	4.202733706822932
659	2023-01-16 15:40:07	4.202733706822932
660	2023-01-16 15:40:15	4.202807564148151
661	2023-01-16 15:40:22	4.202733706822932
662	2023-01-16 15:40:29	4.202659853334872
663	2023-01-16 15:40:36	4.202659853334872
664	2023-01-16 15:40:43	4.202586003726063
665	2023-01-16 15:40:51	4.202733706822932
666	2023-01-16 15:40:58	4.202659853334872
667	2023-01-16 15:41:05	4.202659853334872
668	2023-01-16 15:41:12	4.202586003726063
669	2023-01-16 15:41:19	4.202586003726063
670	2023-01-16 15:41:26	4.202512157960528
671	2023-01-16 15:41:34	4.202586003726063
672	2023-01-16 15:41:41	4.202659853334872
673	2023-01-16 15:41:48	4.202807564148151
674	2023-01-16 15:41:55	4.202807564148151
675	2023-01-16 15:42:02	4.202586003726063
676	2023-01-16 15:42:10	4.202586003726063
677	2023-01-16 15:42:17	4.202733706822932
678	2023-01-16 15:42:24	4.202659853334872
679	2023-01-16 15:42:31	4.202659853334872
680	2023-01-16 15:42:38	4.202733706822932
681	2023-01-16 15:42:46	4.202733706822932
682	2023-01-16 15:42:53	4.202659853334872
683	2023-01-16 15:43:00	4.202659853334872
684	2023-01-16 15:43:07	4.202659853334872
685	2023-01-16 15:43:14	4.202659853334872
686	2023-01-16 15:43:21	4.202733706822932
687	2023-01-16 15:43:29	4.202807564148151
688	2023-01-16 15:43:36	4.202586003726063
689	2023-01-16 15:43:43	4.202659853334872
690	2023-01-16 15:43:50	4.202512157960528
691	2023-01-16 15:43:57	4.202659853334872
692	2023-01-16 15:44:04	4.202512157960528
693	2023-01-16 15:44:12	4.202659853334872
694	2023-01-16 15:44:19	4.202586003726063
695	2023-01-16 15:44:26	4.202659853334872
696	2023-01-16 15:44:33	4.202437656764807
697	2023-01-16 15:44:40	4.202512157960528
698	2023-01-16 15:44:47	4.202586003726063
699	2023-01-16 15:44:55	4.202586003726063
700	2023-01-16 15:45:02	4.202586003726063
701	2023-01-16 15:45:09	4.202586003726063
702	2023-01-16 15:45:16	4.202659853334872
703	2023-01-16 15:45:23	4.202586003726063
704	2023-01-16 15:45:30	4.202586003726063
705	2023-01-16 15:45:38	4.202586003726063
706	2023-01-16 15:45:45	4.202659853334872
707	2023-01-16 15:45:52	4.202512157960528
708	2023-01-16 15:45:59	4.202586003726063
709	2023-01-16 15:46:06	4.202586003726063
710	2023-01-16 15:46:14	4.202586003726063
711	2023-01-16 15:46:21	4.202512157960528
712	2023-01-16 15:46:28	4.202586003726063
713	2023-01-16 15:46:35	4.202437656764807
714	2023-01-16 15:46:42	4.202512157960528
715	2023-01-16 15:46:49	4.202437656764807
716	2023-01-16 15:46:57	4.202512157960528
717	2023-01-16 15:47:04	4.202437656764807
718	2023-01-16 15:47:11	4.202512157960528
719	2023-01-16 15:47:18	4.2023638187664725
720	2023-01-16 15:47:25	4.2023638187664725
721	2023-01-16 15:47:33	4.202437656764807
722	2023-01-16 15:47:40	4.202437656764807
723	2023-01-16 15:47:47	4.202437656764807
724	2023-01-16 15:47:54	4.202437656764807
725	2023-01-16 15:48:01	4.2023638187664725
726	2023-01-16 15:48:08	4.2023638187664725
727	2023-01-16 15:48:15	4.202289984582472
728	2023-01-16 15:48:23	4.202289984582472
729	2023-01-16 15:48:30	4.2023638187664725
730	2023-01-16 15:48:37	4.202216154291682
731	2023-01-16 15:48:44	4.202289984582472
732	2023-01-16 15:48:51	4.202289984582472
733	2023-01-16 15:48:58	4.202141668704061
734	2023-01-16 15:49:06	4.202216154291682
735	2023-01-16 15:49:13	4.2023638187664725
736	2023-01-16 15:49:20	4.202216154291682
737	2023-01-16 15:49:27	4.202216154291682
738	2023-01-16 15:49:34	4.202141668704061
739	2023-01-16 15:49:41	4.202216154291682
740	2023-01-16 15:49:49	4.202141668704061
741	2023-01-16 15:49:56	4.202216154291682
742	2023-01-16 15:50:03	4.202141668704061
743	2023-01-16 15:50:10	4.202216154291682
744	2023-01-16 15:50:17	4.202141668704061
745	2023-01-16 15:50:25	4.202289984582472
746	2023-01-16 15:50:32	4.202289984582472
747	2023-01-16 15:50:39	4.202141668704061
748	2023-01-16 15:50:46	4.202289984582472
749	2023-01-16 15:50:53	4.202067846172325
750	2023-01-16 15:51:00	4.202067846172325
751	2023-01-16 15:51:08	4.202141668704061
752	2023-01-16 15:51:15	4.202067846172325
753	2023-01-16 15:51:22	4.2019940274391
754	2023-01-16 15:51:29	4.202216154291682
755	2023-01-16 15:51:36	4.202067846172325
756	2023-01-16 15:51:43	4.202067846172325
757	2023-01-16 15:51:51	4.202216154291682
758	2023-01-16 15:51:58	4.202216154291682
759	2023-01-16 15:52:05	4.202067846172325
760	2023-01-16 15:52:12	4.202067846172325
761	2023-01-16 15:52:19	4.202067846172325
762	2023-01-16 15:52:26	4.202067846172325
763	2023-01-16 15:52:34	4.202067846172325
764	2023-01-16 15:52:41	4.202141668704061
765	2023-01-16 15:52:48	4.2019940274391
766	2023-01-16 15:52:55	4.2019940274391
767	2023-01-16 15:53:02	4.2019940274391
768	2023-01-16 15:53:09	4.2019940274391
769	2023-01-16 15:53:17	4.2019940274391
770	2023-01-16 15:53:24	4.2019940274391
771	2023-01-16 15:53:31	4.20192021259398
772	2023-01-16 15:53:38	4.202067846172325
773	2023-01-16 15:53:45	4.20192021259398
774	2023-01-16 15:53:52	4.20192021259398
775	2023-01-16 15:54:00	4.20192021259398
776	2023-01-16 15:54:07	4.201845742596883
777	2023-01-16 15:54:14	4.20192021259398
778	2023-01-16 15:54:21	4.20192021259398
779	2023-01-16 15:54:28	4.20192021259398
780	2023-01-16 15:54:35	4.201845742596883
781	2023-01-16 15:54:43	4.201845742596883
782	2023-01-16 15:54:50	4.201845742596883
783	2023-01-16 15:54:57	4.20192021259398
784	2023-01-16 15:55:04	4.2019940274391
785	2023-01-16 15:55:11	4.2017719354656204
786	2023-01-16 15:55:18	4.2017719354656204
787	2023-01-16 15:55:26	4.2017719354656204
788	2023-01-16 15:55:33	4.20192021259398
789	2023-01-16 15:55:40	4.20192021259398
790	2023-01-16 15:55:47	4.201845742596883
791	2023-01-16 15:55:54	4.2017719354656204
792	2023-01-16 15:56:02	4.2017719354656204
793	2023-01-16 15:56:09	4.201845742596883
794	2023-01-16 15:56:16	4.20192021259398
795	2023-01-16 15:56:23	4.2017719354656204
796	2023-01-16 15:56:30	4.2017719354656204
797	2023-01-16 15:56:38	4.2017719354656204
798	2023-01-16 15:56:45	4.20192021259398
799	2023-01-16 15:56:52	4.2017719354656204
800	2023-01-16 15:56:59	4.201845742596883
801	2023-01-16 15:57:06	4.201845742596883
802	2023-01-16 15:57:13	4.201845742596883
803	2023-01-16 15:57:21	4.201698132239862
804	2023-01-16 15:57:28	4.2017719354656204
805	2023-01-16 15:57:35	4.2017719354656204
806	2023-01-16 15:57:42	4.2017719354656204
807	2023-01-16 15:57:49	4.201698132239862
808	2023-01-16 15:57:57	4.2017719354656204
809	2023-01-16 15:58:04	4.201624332837127
810	2023-01-16 15:58:11	4.201624332837127
811	2023-01-16 15:58:18	4.201624332837127
812	2023-01-16 15:58:25	4.201624332837127
813	2023-01-16 15:58:33	4.201698132239862
814	2023-01-16 15:58:40	4.201698132239862
815	2023-01-16 15:58:47	4.201624332837127
816	2023-01-16 15:58:54	4.201624332837127
817	2023-01-16 15:59:01	4.201624332837127
818	2023-01-16 15:59:09	4.201624332837127
819	2023-01-16 15:59:16	4.201549878394658
820	2023-01-16 15:59:23	4.201624332837127
821	2023-01-16 15:59:30	4.201698132239862
822	2023-01-16 15:59:37	4.201549878394658
823	2023-01-16 15:59:45	4.201549878394658
824	2023-01-16 15:59:52	4.201549878394658
825	2023-01-16 15:59:59	4.201624332837127
826	2023-01-16 16:00:06	4.201624332837127
827	2023-01-16 16:00:13	4.201549878394658
828	2023-01-16 16:00:21	4.201549878394658
829	2023-01-16 16:00:28	4.201476086728574
830	2023-01-16 16:00:35	4.201624332837127
831	2023-01-16 16:00:42	4.201402298930857
832	2023-01-16 16:00:49	4.201476086728574
833	2023-01-16 16:00:56	4.201549878394658
834	2023-01-16 16:01:04	4.201624332837127
835	2023-01-16 16:01:11	4.201402298930857
836	2023-01-16 16:01:18	4.201402298930857
837	2023-01-16 16:01:25	4.201476086728574
838	2023-01-16 16:01:32	4.201402298930857
839	2023-01-16 16:01:40	4.201476086728574
840	2023-01-16 16:01:47	4.201549878394658
841	2023-01-16 16:01:54	4.201476086728574
842	2023-01-16 16:02:01	4.201328514982481
843	2023-01-16 16:02:08	4.201476086728574
844	2023-01-16 16:02:16	4.201402298930857
845	2023-01-16 16:02:23	4.201402298930857
846	2023-01-16 16:02:30	4.201476086728574
847	2023-01-16 16:02:37	4.201476086728574
848	2023-01-16 16:02:44	4.201328514982481
849	2023-01-16 16:02:51	4.201476086728574
850	2023-01-16 16:02:59	4.201476086728574
851	2023-01-16 16:03:06	4.201402298930857
852	2023-01-16 16:03:13	4.201402298930857
853	2023-01-16 16:03:20	4.201328514982481
854	2023-01-16 16:03:27	4.201328514982481
855	2023-01-16 16:03:34	4.201476086728574
856	2023-01-16 16:03:42	4.201254734849986
857	2023-01-16 16:03:49	4.201402298930857
858	2023-01-16 16:03:56	4.201402298930857
859	2023-01-16 16:04:03	4.201402298930857
860	2023-01-16 16:04:10	4.201328514982481
861	2023-01-16 16:04:17	4.201254734849986
862	2023-01-16 16:04:25	4.201402298930857
863	2023-01-16 16:04:32	4.201402298930857
864	2023-01-16 16:04:39	4.201328514982481
865	2023-01-16 16:04:46	4.201254734849986
866	2023-01-16 16:04:53	4.201254734849986
867	2023-01-16 16:05:01	4.201402298930857
868	2023-01-16 16:05:08	4.201254734849986
869	2023-01-16 16:05:15	4.201402298930857
870	2023-01-16 16:05:22	4.201180299918586
871	2023-01-16 16:05:29	4.201328514982481
872	2023-01-16 16:05:36	4.201402298930857
873	2023-01-16 16:05:43	4.201328514982481
874	2023-01-16 16:05:51	4.201180299918586
875	2023-01-16 16:05:58	4.201180299918586
876	2023-01-16 16:06:05	4.201180299918586
877	2023-01-16 16:06:12	4.201402298930857
878	2023-01-16 16:06:19	4.201328514982481
879	2023-01-16 16:06:27	4.201254734849986
880	2023-01-16 16:06:34	4.201254734849986
881	2023-01-16 16:06:41	4.201254734849986
882	2023-01-16 16:06:48	4.201180299918586
883	2023-01-16 16:06:55	4.201106527538443
884	2023-01-16 16:07:03	4.201180299918586
885	2023-01-16 16:07:10	4.201180299918586
886	2023-01-16 16:07:17	4.201180299918586
887	2023-01-16 16:07:24	4.201180299918586
888	2023-01-16 16:07:31	4.201180299918586
889	2023-01-16 16:07:39	4.201254734849986
890	2023-01-16 16:07:46	4.201180299918586
891	2023-01-16 16:07:53	4.201180299918586
892	2023-01-16 16:08:00	4.201180299918586
893	2023-01-16 16:08:07	4.201106527538443
894	2023-01-16 16:08:14	4.201180299918586
895	2023-01-16 16:08:22	4.201106527538443
896	2023-01-16 16:08:29	4.201032759030106
897	2023-01-16 16:08:36	4.201032759030106
898	2023-01-16 16:08:43	4.201180299918586
899	2023-01-16 16:08:50	4.201032759030106
900	2023-01-16 16:08:58	4.201032759030106
901	2023-01-16 16:09:05	4.201106527538443
902	2023-01-16 16:09:12	4.201032759030106
903	2023-01-16 16:09:19	4.201106527538443
904	2023-01-16 16:09:26	4.201032759030106
905	2023-01-16 16:09:33	4.201032759030106
906	2023-01-16 16:09:41	4.201106527538443
907	2023-01-16 16:09:48	4.201106527538443
908	2023-01-16 16:09:55	4.201032759030106
909	2023-01-16 16:10:02	4.2009589943379835
910	2023-01-16 16:10:09	4.201032759030106
911	2023-01-16 16:10:16	4.201032759030106
912	2023-01-16 16:10:24	4.201032759030106
913	2023-01-16 16:10:31	4.200810818033095
914	2023-01-16 16:10:38	4.201032759030106
915	2023-01-16 16:10:45	4.201032759030106
916	2023-01-16 16:10:52	4.201032759030106
917	2023-01-16 16:10:59	4.201032759030106
918	2023-01-16 16:11:07	4.201032759030106
919	2023-01-16 16:11:14	4.201032759030106
920	2023-01-16 16:11:21	4.2009589943379835
921	2023-01-16 16:11:28	4.2009589943379835
922	2023-01-16 16:11:35	4.200884574971762
923	2023-01-16 16:11:43	4.2009589943379835
924	2023-01-16 16:11:50	4.201032759030106
925	2023-01-16 16:11:57	4.200884574971762
926	2023-01-16 16:12:04	4.200810818033095
927	2023-01-16 16:12:11	4.201032759030106
928	2023-01-16 16:12:18	4.200884574971762
929	2023-01-16 16:12:26	4.200884574971762
930	2023-01-16 16:12:33	4.200884574971762
931	2023-01-16 16:12:40	4.200884574971762
932	2023-01-16 16:12:47	4.200884574971762
933	2023-01-16 16:12:54	4.2009589943379835
934	2023-01-16 16:13:02	4.200884574971762
935	2023-01-16 16:13:09	4.200884574971762
936	2023-01-16 16:13:16	4.200884574971762
937	2023-01-16 16:13:23	4.200810818033095
938	2023-01-16 16:13:30	4.200810818033095
939	2023-01-16 16:13:37	4.2009589943379835
940	2023-01-16 16:13:44	4.2009589943379835
941	2023-01-16 16:13:52	4.2009589943379835
942	2023-01-16 16:13:59	4.200884574971762
943	2023-01-16 16:14:06	4.200810818033095
944	2023-01-16 16:14:13	4.200884574971762
945	2023-01-16 16:14:20	4.200810818033095
946	2023-01-16 16:14:28	4.200737064950928
947	2023-01-16 16:14:35	4.200884574971762
948	2023-01-16 16:14:42	4.2009589943379835
949	2023-01-16 16:14:49	4.200810818033095
950	2023-01-16 16:14:56	4.200810818033095
951	2023-01-16 16:15:04	4.200884574971762
952	2023-01-16 16:15:11	4.200810818033095
953	2023-01-16 16:15:18	4.200737064950928
954	2023-01-16 16:15:25	4.200810818033095
955	2023-01-16 16:15:32	4.200663315697406
956	2023-01-16 16:15:39	4.200810818033095
957	2023-01-16 16:15:47	4.200663315697406
958	2023-01-16 16:15:54	4.200810818033095
959	2023-01-16 16:16:01	4.200737064950928
960	2023-01-16 16:16:08	4.200810818033095
961	2023-01-16 16:16:15	4.200810818033095
962	2023-01-16 16:16:23	4.200737064950928
963	2023-01-16 16:16:30	4.200810818033095
964	2023-01-16 16:16:37	4.200663315697406
965	2023-01-16 16:16:44	4.200810818033095
966	2023-01-16 16:16:51	4.200588911892748
967	2023-01-16 16:16:59	4.200663315697406
968	2023-01-16 16:17:06	4.200663315697406
969	2023-01-16 16:17:13	4.200737064950928
970	2023-01-16 16:17:20	4.200737064950928
971	2023-01-16 16:17:27	4.200663315697406
972	2023-01-16 16:17:34	4.200737064950928
973	2023-01-16 16:17:42	4.200663315697406
974	2023-01-16 16:17:49	4.200588911892748
975	2023-01-16 16:17:56	4.200663315697406
976	2023-01-16 16:18:03	4.200737064950928
977	2023-01-16 16:18:10	4.200737064950928
978	2023-01-16 16:18:17	4.200663315697406
979	2023-01-16 16:18:25	4.200588911892748
980	2023-01-16 16:18:32	4.200663315697406
981	2023-01-16 16:18:39	4.200663315697406
982	2023-01-16 16:18:46	4.200663315697406
983	2023-01-16 16:18:53	4.200663315697406
984	2023-01-16 16:19:01	4.200588911892748
985	2023-01-16 16:19:08	4.2005151703775985
986	2023-01-16 16:19:15	4.200588911892748
987	2023-01-16 16:19:22	4.2005151703775985
988	2023-01-16 16:19:29	4.2005151703775985
989	2023-01-16 16:19:37	4.2005151703775985
990	2023-01-16 16:19:44	4.2005151703775985
991	2023-01-16 16:19:51	4.2005151703775985
992	2023-01-16 16:19:58	4.200663315697406
993	2023-01-16 16:20:05	4.200588911892748
994	2023-01-16 16:20:13	4.2005151703775985
995	2023-01-16 16:20:20	4.2005151703775985
996	2023-01-16 16:20:27	4.200663315697406
997	2023-01-16 16:20:34	4.2003676989333725
998	2023-01-16 16:20:41	4.200663315697406
999	2023-01-16 16:20:48	4.2005151703775985
1000	2023-01-16 16:20:56	4.2005151703775985
1001	2023-01-16 16:21:03	4.200588911892748
1002	2023-01-16 16:21:10	4.200441432727665
1003	2023-01-16 16:21:17	4.2005151703775985
1004	2023-01-16 16:21:24	4.200441432727665
1005	2023-01-16 16:21:32	4.2005151703775985
1006	2023-01-16 16:21:39	4.200441432727665
1007	2023-01-16 16:21:46	4.200441432727665
1008	2023-01-16 16:21:53	4.2005151703775985
1009	2023-01-16 16:22:00	4.2003676989333725
1010	2023-01-16 16:22:08	4.200441432727665
1011	2023-01-16 16:22:15	4.200293968942715
1012	2023-01-16 16:22:22	4.2005151703775985
1013	2023-01-16 16:22:29	4.2005151703775985
1014	2023-01-16 16:22:36	4.2003676989333725
1015	2023-01-16 16:22:43	4.2005151703775985
1016	2023-01-16 16:22:51	4.200441432727665
1017	2023-01-16 16:22:58	4.200441432727665
1018	2023-01-16 16:23:05	4.200441432727665
1019	2023-01-16 16:23:12	4.2003676989333725
1020	2023-01-16 16:23:19	4.200441432727665
1021	2023-01-16 16:23:26	4.200441432727665
1022	2023-01-16 16:23:34	4.2003676989333725
1023	2023-01-16 16:23:41	4.200293968942715
1024	2023-01-16 16:23:48	4.2003676989333725
1025	2023-01-16 16:23:55	4.2003676989333725
1026	2023-01-16 16:24:02	4.2003676989333725
1027	2023-01-16 16:24:10	4.2003676989333725
1028	2023-01-16 16:24:17	4.200293968942715
1029	2023-01-16 16:24:24	4.2003676989333725
1030	2023-01-16 16:24:31	4.2003676989333725
1031	2023-01-16 16:24:38	4.2003676989333725
1032	2023-01-16 16:24:46	4.200293968942715
1033	2023-01-16 16:24:53	4.2003676989333725
1034	2023-01-16 16:25:00	4.2003676989333725
1035	2023-01-16 16:25:07	4.200293968942715
1036	2023-01-16 16:25:14	4.200293968942715
1037	2023-01-16 16:25:21	4.200441432727665
1038	2023-01-16 16:25:29	4.200441432727665
1039	2023-01-16 16:25:36	4.2003676989333725
1040	2023-01-16 16:25:43	4.200588911892748
1041	2023-01-16 16:25:50	4.203844611758733
1042	2023-01-16 16:25:57	4.210972736690437
1043	2023-01-16 16:26:05	4.211792113794271
1044	2023-01-16 16:26:12	4.212387537286808
1045	2023-01-16 16:26:19	4.212685674820884
1046	2023-01-16 16:26:26	4.212760717049304
1047	2023-01-16 16:26:33	4.212835099186758
1048	2023-01-16 16:26:41	4.213357211760654
1049	2023-01-16 16:26:48	4.213282137969189
1050	2023-01-16 16:26:55	4.2136548886693355
1051	2023-01-16 16:27:02	4.21358046359311
1052	2023-01-16 16:27:09	4.214401348826546
1053	2023-01-16 16:27:17	4.21455028904305
1054	2023-01-16 16:27:24	4.215371735590206
1055	2023-01-16 16:27:31	4.216118433724133
1056	2023-01-16 16:27:38	4.216043879350601
1057	2023-01-16 16:27:45	4.215595969956839
1058	2023-01-16 16:27:52	4.215222043914779
1059	2023-01-16 16:28:00	4.215894116817171
1060	2023-01-16 16:28:07	4.216043879350601
1061	2023-01-16 16:28:14	4.216417356098967
1062	2023-01-16 16:28:21	4.216268219899419
1063	2023-01-16 16:28:28	4.2167163414175155
1064	2023-01-16 16:28:36	4.217389122037162
1065	2023-01-16 16:28:43	4.217164604373508
1066	2023-01-16 16:28:50	4.217164604373508
1067	2023-01-16 16:28:57	4.217463747034773
1068	2023-01-16 16:29:04	4.217762952737239
1069	2023-01-16 16:29:12	4.218062221443347
1070	2023-01-16 16:29:19	4.21866094800769
1071	2023-01-16 16:29:26	4.218136881785034
1072	2023-01-16 16:29:33	4.2188857022830675
1073	2023-01-16 16:29:40	4.219035113478013
1074	2023-01-16 16:29:47	4.218511576125099
1075	2023-01-16 16:29:55	4.218586260090932
1076	2023-01-16 16:30:02	4.219035113478013
1077	2023-01-16 16:30:09	4.2194093775263575
1078	2023-01-16 16:30:16	4.21918520755909
1079	2023-01-16 16:30:23	4.220683013348066
1080	2023-01-16 16:30:30	4.220083434642107
1081	2023-01-16 16:30:38	4.220533428833295
1082	2023-01-16 16:30:45	4.220608219147963
1083	2023-01-16 16:30:52	4.220533428833295
1084	2023-01-16 16:30:59	4.221282844953982
1085	2023-01-16 16:31:06	4.221433176494112
1086	2023-01-16 16:31:14	4.221282844953982
1087	2023-01-16 16:31:21	4.221282844953982
1088	2023-01-16 16:31:28	4.221357674650202
1089	2023-01-16 16:31:35	4.221508014107562
1090	2023-01-16 16:31:42	4.221282844953982
1091	2023-01-16 16:31:50	4.221433176494112
1092	2023-01-16 16:31:57	4.22195779093211
1093	2023-01-16 16:32:04	4.221282844953982
1094	2023-01-16 16:32:11	4.221882929633222
1095	2023-01-16 16:32:18	4.222257944026432
1096	2023-01-16 16:32:25	4.22195779093211
1097	2023-01-16 16:32:33	4.222558160454884
1098	2023-01-16 16:32:40	4.222558160454884
1099	2023-01-16 16:32:47	4.222558160454884
1100	2023-01-16 16:32:54	4.222558160454884
1101	2023-01-16 16:33:01	4.2223328250608425
1102	2023-01-16 16:33:09	4.222483267564328
1103	2023-01-16 16:33:16	4.223083858913463
1104	2023-01-16 16:33:23	4.223684703839937
1105	2023-01-16 16:33:30	4.223985221420351
1106	2023-01-16 16:33:37	4.224060193379828
1107	2023-01-16 16:33:45	4.224435782010832
1108	2023-01-16 16:33:52	4.224736458200059
1109	2023-01-16 16:33:59	4.224135169289691
1110	2023-01-16 16:34:06	4.225037197888342
1111	2023-01-16 16:34:13	4.225262961867398
1112	2023-01-16 16:34:21	4.225638867939285
1113	2023-01-16 16:34:28	4.225338001170634
1114	2023-01-16 16:34:35	4.225488091570748
1115	2023-01-16 16:34:42	4.225413044391573
1116	2023-01-16 16:34:49	4.226089952134722
1117	2023-01-16 16:34:57	4.226315883048057
1118	2023-01-16 16:35:04	4.226842300315517
1119	2023-01-16 16:35:11	4.226616956485309
1120	2023-01-16 16:35:18	4.227294436686549
1121	2023-01-16 16:35:25	4.227068350584664
1122	2023-01-16 16:35:33	4.226918093600328
1123	2023-01-16 16:35:40	4.227520558729412
1124	2023-01-16 16:35:47	4.2271434850085186
1125	2023-01-16 16:35:54	4.228198468752206
1126	2023-01-16 16:36:01	4.227897061009454
1127	2023-01-16 16:36:09	4.228424062757768
1128	2023-01-16 16:36:16	4.228273662786351
1129	2023-01-16 16:36:23	4.228801475482891
1130	2023-01-16 16:36:30	4.228650364100921
1131	2023-01-16 16:36:37	4.22887670134488
1132	2023-01-16 16:36:44	4.2292535620505
1133	2023-01-16 16:36:52	4.229705791989648
1134	2023-01-16 16:36:59	4.229479995104597
1135	2023-01-16 16:37:06	4.229630522389595
1136	2023-01-16 16:37:13	4.229781737677095
1137	2023-01-16 16:37:20	4.229705791989648
1138	2023-01-16 16:37:28	4.231215382914558
1139	2023-01-16 16:37:35	4.231290736222685
1140	2023-01-16 16:37:42	4.23212190481348
1141	2023-01-16 16:37:49	4.231668235390339
1142	2023-01-16 16:37:56	4.232575045107198
1143	2023-01-16 16:38:03	4.232272711203611
1144	2023-01-16 16:38:11	4.232424206813446
1145	2023-01-16 16:38:18	4.2326504702282435
1146	2023-01-16 16:38:25	4.233633381449972
1147	2023-01-16 16:38:32	4.233179905138799
1148	2023-01-16 16:38:39	4.233406962209101
1149	2023-01-16 16:38:46	4.23461696979609
1150	2023-01-16 16:38:54	4.234541440721469
1151	2023-01-16 16:39:01	4.233785021556792
1152	2023-01-16 16:39:08	4.23461696979609
1153	2023-01-16 16:39:15	4.234390394560545
1154	2023-01-16 16:39:22	4.234844255495871
1155	2023-01-16 16:39:30	4.235601235987229
1156	2023-01-16 16:39:37	4.234996024219618
1157	2023-01-16 16:39:44	4.234919800559909
1158	2023-01-16 16:39:51	4.235677495994011
1159	2023-01-16 16:39:58	4.2362836716937835
1160	2023-01-16 16:40:05	4.23635929294364
1161	2023-01-16 16:40:13	4.236586180705835
1162	2023-01-16 16:40:20	4.236662493301439
1163	2023-01-16 16:40:27	4.236889429200893
1164	2023-01-16 16:40:34	4.2374204378867315
1165	2023-01-16 16:40:41	4.237572480508566
1166	2023-01-16 16:40:48	4.238255182237032
1167	2023-01-16 16:40:56	4.237951643900755
1168	2023-01-16 16:41:03	4.238558785025741
1169	2023-01-16 16:41:10	4.238861775894289
1170	2023-01-16 16:41:17	4.239089737678732
1171	2023-01-16 16:41:24	4.239089737678732
1172	2023-01-16 16:41:31	4.239773164323054
1173	2023-01-16 16:41:39	4.240001271424387
1174	2023-01-16 16:41:46	4.24015291169271
1175	2023-01-16 16:41:53	4.24076098809412
1176	2023-01-16 16:42:00	4.240989252723298
1177	2023-01-16 16:42:07	4.241673587518427
1178	2023-01-16 16:42:15	4.2417494942729865
1179	2023-01-16 16:42:22	4.242129766513749
1180	2023-01-16 16:42:29	4.242586769117034
1181	2023-01-16 16:42:36	4.242967263828765
1182	2023-01-16 16:42:43	4.243347859692107
1183	2023-01-16 16:42:50	4.244033322969877
1184	2023-01-16 16:42:58	4.243728556714756
1185	2023-01-16 16:43:05	4.2442621099888695
1186	2023-01-16 16:43:12	4.244338154117247
1187	2023-01-16 16:43:19	4.244643050127321
1188	2023-01-16 16:43:26	4.245482018695939
1189	2023-01-16 16:43:34	4.2457871582119875
1190	2023-01-16 16:43:41	4.246015545673027
1191	2023-01-16 16:43:48	4.246092362707408
1192	2023-01-16 16:43:55	4.246092362707408
1193	2023-01-16 16:44:02	4.246626116951494
1194	2023-01-16 16:44:10	4.247160750334175
1195	2023-01-16 16:44:17	4.247390037168778
1196	2023-01-16 16:44:24	4.248688887052369
1197	2023-01-16 16:44:31	4.248153683725293
1198	2023-01-16 16:44:38	4.249071005447197
1199	2023-01-16 16:44:46	4.249605869652238
1200	2023-01-16 16:44:53	4.249299916551129
1201	2023-01-16 16:45:00	4.249988232358346
1202	2023-01-16 16:45:07	4.250141615009968
1203	2023-01-16 16:45:14	4.251519385095446
1204	2023-01-16 16:45:21	4.2512130238558035
1205	2023-01-16 16:45:28	4.251902257937692
1206	2023-01-16 16:45:36	4.252055845243242
1207	2023-01-16 16:45:43	4.252438861167722
1208	2023-01-16 16:45:50	4.2527454840906245
1209	2023-01-16 16:45:57	4.253435454221132
1210	2023-01-16 16:46:04	4.253588522222756
1211	2023-01-16 16:46:12	4.2539726306588
1212	2023-01-16 16:46:19	4.254585913347017
1213	2023-01-16 16:46:26	4.254892994839814
1214	2023-01-16 16:46:33	4.255737978539815
1215	2023-01-16 16:46:40	4.255814633218808
1216	2023-01-16 16:46:48	4.256276016431647
1217	2023-01-16 16:46:55	4.256890282781199
1218	2023-01-16 16:47:02	4.256967683907761
1219	2023-01-16 16:47:09	4.258197756010717
1220	2023-01-16 16:47:16	4.2583520175566365
1221	2023-01-16 16:47:23	4.258736714996032
1222	2023-01-16 16:47:31	4.259660820417719
1223	2023-01-16 16:47:38	4.260199641145133
1224	2023-01-16 16:47:45	4.260662432892773
1225	2023-01-16 16:47:52	4.261356212484671
1226	2023-01-16 16:47:59	4.261587775665964
1227	2023-01-16 16:48:07	4.262205001354564
1228	2023-01-16 16:48:14	4.262744775031235
1229	2023-01-16 16:48:21	4.263516624437472
1230	2023-01-16 16:48:28	4.26452092253245
1231	2023-01-16 16:48:35	4.265217251852977
1232	2023-01-16 16:48:43	4.265448747378394
1233	2023-01-16 16:48:50	4.2663771695937145
1234	2023-01-16 16:48:57	4.267460739660124
1235	2023-01-16 16:49:04	4.267770579244441
1236	2023-01-16 16:49:11	4.268467789039747
1237	2023-01-16 16:49:18	4.2697084123491145
1238	2023-01-16 16:49:26	4.269941320786035
1239	2023-01-16 16:49:33	4.270872638590472
1240	2023-01-16 16:49:40	4.2709501025865615
1241	2023-01-16 16:49:47	4.272425478165316
1242	2023-01-16 16:49:54	4.273047358661841
1243	2023-01-16 16:50:02	4.273903054693105
1244	2023-01-16 16:50:09	4.27460323135354
1245	2023-01-16 16:50:16	4.275069973034877
1246	2023-01-16 16:50:23	4.276471796672507
1247	2023-01-16 16:50:30	4.27764148469084
1248	2023-01-16 16:50:38	4.278733537047409
1249	2023-01-16 16:50:45	4.279748472858039
1250	2023-01-16 16:50:52	4.2808421159030905
1251	2023-01-16 16:50:59	4.281545658097704
1252	2023-01-16 16:51:06	4.282954465409218
1253	2023-01-16 16:51:13	4.28444353067458
1254	2023-01-16 16:51:21	4.285933427345609
1255	2023-01-16 16:51:28	4.287502510294963
1256	2023-01-16 16:51:35	4.288366789407175
1257	2023-01-16 16:51:42	4.290096191259583
1258	2023-01-16 16:51:49	4.291749065858101
1259	2023-01-16 16:51:56	4.292694510494859
1260	2023-01-16 16:52:04	4.294980996628422
1261	2023-01-16 16:52:11	4.295691424063812
1262	2023-01-16 16:52:18	4.297745876411132
1263	2023-01-16 16:52:25	4.300041022194419
1264	2023-01-16 16:52:32	4.301467172118541
1265	2023-01-16 16:52:39	4.304085880207641
1266	2023-01-16 16:52:47	4.307265890735032
1267	2023-01-16 16:52:54	4.309735898189211
1268	2023-01-16 16:53:01	4.3133276865462555
1269	2023-01-16 16:53:08	4.317569510547113
1270	2023-01-16 16:53:15	4.322146002735319
1271	2023-01-16 16:53:23	4.328511540459571
1272	2023-01-16 16:53:30	4.337502852146309
1273	2023-01-16 16:53:37	4.3498226931707435
1274	2023-01-16 16:53:44	4.372859215477078
1275	2023-01-16 16:53:51	4.401252875550925
1276	2023-01-16 16:53:58	4.4289829969930485
1277	2023-01-16 16:54:06	4.4601369495781045
1278	2023-01-16 16:54:13	4.494461405742645
1279	2023-01-16 16:54:20	4.538907143932593
1280	2023-01-16 16:54:27	4.584366168782082
1281	2023-01-16 16:54:34	4.634020279274136
1282	2023-01-16 16:54:41	4.69289958515639
1283	2023-01-16 16:54:49	4.73815421522634
1284	2023-01-16 16:54:56	4.7831688290790515
1285	2023-01-16 16:55:03	4.820248806134859
1286	2023-01-16 16:55:10	4.877206857633303
1287	2023-01-16 16:55:17	4.964293508903083
1288	2023-01-16 16:55:25	5.033715712916778
1289	2023-01-16 16:55:32	5.110480907457394
1290	2023-01-16 16:55:39	5.183560623749635
1291	2023-01-16 16:55:46	5.2433535097092925
1292	2023-01-16 16:55:53	5.288866274304524
1293	2023-01-16 16:56:01	5.335488457211538
1294	2023-01-16 16:56:08	5.3564116913759925
1295	2023-01-16 16:56:15	5.37591658167554
1296	2023-01-16 16:56:22	5.396373807367994
1297	2023-01-16 16:56:29	5.427463190559039
1298	2023-01-16 16:56:36	5.4368553087460745
1299	2023-01-16 16:56:44	5.4464482679302195
1300	2023-01-16 16:56:51	5.459674811795675
1301	2023-01-16 16:56:58	5.506108306164076
1302	2023-01-16 16:57:05	5.507227597659642
1303	2023-01-16 16:57:12	5.517966411718213
1304	2023-01-16 16:57:20	5.528278902246179
1305	2023-01-16 16:57:27	5.539131743663664
1306	2023-01-16 16:57:34	5.54694205132343
1307	2023-01-16 16:57:41	5.548735387329769
1308	2023-01-16 16:57:48	5.554619130202049
1309	2023-01-16 16:57:56	5.573359995455976
1310	2023-01-16 16:58:03	5.582962240962472
1311	2023-01-16 16:58:10	5.588943912663011
1312	2023-01-16 16:58:17	5.614901055469902
1313	2023-01-16 16:58:24	5.621315125436804
1314	2023-01-16 16:58:31	5.613554598029639
1315	2023-01-16 16:58:38	5.6372669242436535
1316	2023-01-16 16:58:46	5.6372669242436535
1317	2023-01-16 16:58:53	5.6523129191921
1318	2023-01-16 16:59:00	5.645288995632753
1319	2023-01-16 16:59:07	5.6629778573916605
1320	2023-01-16 16:59:14	5.6815136234610915
1321	2023-01-16 16:59:22	5.686391976254646
1322	2023-01-16 16:59:29	5.695829965568442
1323	2023-01-16 16:59:36	5.695655149732338
1324	2023-01-16 16:59:43	5.696356061390229
1325	2023-01-16 16:59:50	5.704959234442597
1326	2023-01-16 16:59:57	5.710420289050504
1327	2023-01-16 17:00:05	5.717134449461611
1328	2023-01-16 17:00:12	5.729202480449931
1329	2023-01-16 17:00:19	5.721386470772723
1330	2023-01-16 17:00:26	5.747792381792518
1331	2023-01-16 17:00:33	5.737047374465081
1332	2023-01-16 17:00:40	5.755887639486838
1333	2023-01-16 17:00:48	5.7719879112047225
1334	2023-01-16 17:00:55	5.777805589106772
1335	2023-01-16 17:01:02	5.778169008468917
1336	2023-01-16 17:01:09	5.790955318666798
1337	2023-01-16 17:01:16	5.770535550594603
1338	2023-01-16 17:01:23	5.802158614980499
1339	2023-01-16 17:01:31	5.805107383223909
1340	2023-01-16 17:01:38	5.80879736889041
1341	2023-01-16 17:01:45	5.818795537260469
1342	2023-01-16 17:01:52	5.8293982655218946
1343	2023-01-16 17:01:59	5.840615778224276
1344	2023-01-16 17:02:06	5.834440149819644
