F1((1=on,0=off))	1
F2((1=on,0=off))	0
cage(V)	3.0
delta-m(%)	+0
electron-energy(V)	70.0
emission(uA)	1000.000
focus(V)	-90
mass(amu)	2.00
mode-change-delay()	
multiplier(V)	810
resolution(%)	+0
Data()	
mass 2.0_time	mass 2.0_value	mass 4.0_time	mass 4.0_value	mass 12.0_time	mass 12.0_value	mass 15.0_time	mass 15.0_value	mass 18.0_time	mass 18.0_value	mass 28.0_time	mass 28.0_value	mass 32.0_time	mass 32.0_value	mass 40.0_time	mass 40.0_value	mass 44.0_time	mass 44.0_value
2023/05/03 17:23:54.055	0.00000000013835200000	2023/05/03 17:23:54.255	0.00000000000075249800	2023/05/03 17:23:54.456	0.00000000000075249800	2023/05/03 17:23:54.656	0.00000000000053749900	2023/05/03 17:23:54.856	0.00000000000064499800	2023/05/03 17:23:55.057	0.00000000000075249800	2023/05/03 17:23:55.257	0.00000000000053749900	2023/05/03 17:23:55.457	0.00000000000032249900	2023/05/03 17:23:55.657	0.00000000000075249800
2023/05/03 17:23:55.928	0.00000000013717500000	2023/05/03 17:23:56.128	0.00000000000069337300	2023/05/03 17:23:56.328	0.00000000000097287300	2023/05/03 17:23:56.528	0.00000000000081162300	2023/05/03 17:23:56.728	0.00000000000097287300	2023/05/03 17:23:56.929	0.00000000000083312300	2023/05/03 17:23:57.129	0.00000000000042999900	2023/05/03 17:23:57.330	0.00000000000053749900	2023/05/03 17:23:57.530	0.00000000000064499800
2023/05/03 17:23:57.801	0.00000000013675500000	2023/05/03 17:24:01.202	0.00000000000000053750	2023/05/03 17:24:01.402	0.00000000000002848740	2023/05/03 17:24:01.602	0.00000000000020586200	2023/05/03 17:24:01.802	0.00000000000025961200	2023/05/03 17:24:02.503	0.00000000000021499900	2023/05/03 17:24:02.703	0.00000000000021499900	2023/05/03 17:24:02.903	0.00000000000010749900
2023/05/03 17:24:03.174	0.00000000013571300000	2023/05/03 17:24:06.975	0.00000000000017705200	2023/05/03 17:24:07.175	0.00000000000023413400	2023/05/03 17:24:07.876	0.00000000000000000000	2023/05/03 17:24:08.076	0.00000000000021499900	2023/05/03 17:24:08.276	0.00000000000021499900
2023/05/03 17:24:08.548	0.00000000013526100000	2023/05/03 17:24:12.350	0.00000000000014965000	2023/05/03 17:24:12.550	0.00000000000020300200	2023/05/03 17:24:13.251	0.00000000000010749900	2023/05/03 17:24:13.451	0.00000000000021499900	2023/05/03 17:24:13.651	0.00000000000032249900
2023/05/03 17:24:13.922	0.00000000013508900000	2023/05/03 17:24:17.723	0.00000000000017370800	2023/05/03 17:24:17.923	0.00000000000021932100	2023/05/03 17:24:18.624	0.00000000000010749900	2023/05/03 17:24:18.824	0.00000000000010749900	2023/05/03 17:24:19.024	0.00000000000032249900
2023/05/03 17:24:19.296	0.00000000013493900000	2023/05/03 17:24:23.097	0.00000000000015226200	2023/05/03 17:24:23.297	0.00000000000020968900	2023/05/03 17:24:23.998	0.00000000000010749900	2023/05/03 17:24:24.198	0.00000000000010749900	2023/05/03 17:24:24.398	0.00000000000021499900
2023/05/03 17:24:24.669	0.00000000013504600000	2023/05/03 17:24:28.470	0.00000000000016105600	2023/05/03 17:24:28.670	0.00000000000020719500	2023/05/03 17:24:29.371	0.00000000000064499800	2023/05/03 17:24:29.571	0.00000000000064499800	2023/05/03 17:24:29.771	0.00000000000042999900
2023/05/03 17:24:30.042	0.00000000013518600000	2023/05/03 17:24:33.843	0.00000000000016767800	2023/05/03 17:24:34.043	0.00000000000022672700	2023/05/03 17:24:34.744	0.00000000000053749900	2023/05/03 17:24:34.944	0.00000000000053749900	2023/05/03 17:24:35.144	0.00000000000064499800
2023/05/03 17:24:35.416	0.00000000013508900000	2023/05/03 17:24:39.217	0.00000000000014274900	2023/05/03 17:24:39.417	0.00000000000020190600	2023/05/03 17:24:40.118	0.00000000000042999900	2023/05/03 17:24:40.318	0.00000000000053749900	2023/05/03 17:24:40.518	0.00000000000053749900
2023/05/03 17:24:40.789	0.00000000013508900000	2023/05/03 17:24:44.590	0.00000000000017095600	2023/05/03 17:24:44.790	0.00000000000021003300	2023/05/03 17:24:45.491	0.00000000000053749900	2023/05/03 17:24:45.691	0.00000000000042999900	2023/05/03 17:24:45.891	0.00000000000064499800
2023/05/03 17:24:46.162	0.00000000013487400000	2023/05/03 17:24:49.963	0.00000000000016129200	2023/05/03 17:24:50.163	0.00000000000021365500	2023/05/03 17:24:50.865	0.00000000000042999900	2023/05/03 17:24:51.065	0.00000000000053749900	2023/05/03 17:24:51.265	0.00000000000075249800
2023/05/03 17:24:51.536	0.00000000013506800000	2023/05/03 17:24:55.337	0.00000000000014909100	2023/05/03 17:24:55.537	0.00000000000019587500	2023/05/03 17:24:56.238	0.00000000000042999900	2023/05/03 17:24:56.438	0.00000000000021499900	2023/05/03 17:24:56.638	0.00000000000053749900
2023/05/03 17:24:56.909	0.00000000013484200000	2023/05/03 17:25:00.710	0.00000000000016390400	2023/05/03 17:25:00.910	0.00000000000021665500	2023/05/03 17:25:01.611	0.00000000000032249900	2023/05/03 17:25:01.811	0.00000000000053749900	2023/05/03 17:25:02.011	0.00000000000075249800
2023/05/03 17:25:02.283	0.00000000013492800000	2023/05/03 17:25:06.085	0.00000000000014990800	2023/05/03 17:25:06.285	0.00000000000020976400	2023/05/03 17:25:06.986	0.00000000000032249900	2023/05/03 17:25:07.186	0.00000000000032249900	2023/05/03 17:25:07.386	0.00000000000053749900
2023/05/03 17:25:07.657	0.00000000013473400000	2023/05/03 17:25:11.458	0.00000000000014165200	2023/05/03 17:25:11.658	0.00000000000019260700	2023/05/03 17:25:12.360	0.00000000000064499800	2023/05/03 17:25:12.560	0.00000000000085999800	2023/05/03 17:25:12.760	0.00000000000075249800
2023/05/03 17:25:13.031	0.00000000013494900000	2023/05/03 17:25:16.832	0.00000000000016685000	2023/05/03 17:25:17.032	0.00000000000022205100	2023/05/03 17:25:17.733	0.00000000000053749900	2023/05/03 17:25:17.933	0.00000000000064499800	2023/05/03 17:25:18.133	0.00000000000085999800
2023/05/03 17:25:18.404	0.00000000013460500000	2023/05/03 17:25:22.205	0.00000000000015218700	2023/05/03 17:25:22.405	0.00000000000020582900	2023/05/03 17:25:23.106	0.00000000000042999900	2023/05/03 17:25:23.306	0.00000000000053749900	2023/05/03 17:25:23.506	0.00000000000075249800
2023/05/03 17:25:23.777	0.00000000013493900000	2023/05/03 17:25:27.578	0.00000000000014331800	2023/05/03 17:25:27.778	0.00000000000019698200	2023/05/03 17:25:28.479	0.00000000000107499000	2023/05/03 17:25:28.679	0.00000000000085999800	2023/05/03 17:25:28.879	0.00000000000096749800
2023/05/03 17:25:29.151	0.00000000013504600000	2023/05/03 17:25:32.952	0.00000000000016127100	2023/05/03 17:25:33.152	0.00000000000021865400	2023/05/03 17:25:33.854	0.00000000000064499800	2023/05/03 17:25:34.054	0.00000000000085999800	2023/05/03 17:25:34.254	0.00000000000107499000
2023/05/03 17:25:34.526	0.00000000013499200000	2023/05/03 17:25:38.327	0.00000000000014651100	2023/05/03 17:25:38.527	0.00000000000021363400	2023/05/03 17:25:39.228	0.00000000000064499800	2023/05/03 17:25:39.428	0.00000000000064499800	2023/05/03 17:25:39.628	0.00000000000107499000
2023/05/03 17:25:39.899	0.00000000013521800000	2023/05/03 17:25:43.700	0.00000000000014189900	2023/05/03 17:25:43.900	0.00000000000019968000	2023/05/03 17:25:44.601	0.00000000000075249800	2023/05/03 17:25:44.801	0.00000000000085999800	2023/05/03 17:25:45.001	0.00000000000075249800
2023/05/03 17:25:45.273	0.00000000013500300000	2023/05/03 17:25:49.075	0.00000000000017051600	2023/05/03 17:25:49.275	0.00000000000021596700	2023/05/03 17:25:49.976	0.00000000000085999800	2023/05/03 17:25:50.176	0.00000000000085999800	2023/05/03 17:25:50.376	0.00000000000107499000
2023/05/03 17:25:50.648	0.00000000013503500000	2023/05/03 17:25:54.450	0.00000000000015030600	2023/05/03 17:25:54.650	0.00000000000021438600	2023/05/03 17:25:55.351	0.00000000000085999800	2023/05/03 17:25:55.551	0.00000000000096749800	2023/05/03 17:25:55.751	0.00000000000085999800
2023/05/03 17:25:56.022	0.00000000013494900000	2023/05/03 17:25:59.823	0.00000000000014533900	2023/05/03 17:26:00.023	0.00000000000020447500	2023/05/03 17:26:00.724	0.00000000000085999800	2023/05/03 17:26:00.924	0.00000000000085999800	2023/05/03 17:26:01.124	0.00000000000096749800
2023/05/03 17:26:01.396	0.00000000013494900000	2023/05/03 17:26:05.197	0.00000000000016545200	2023/05/03 17:26:05.397	0.00000000000021355900	2023/05/03 17:26:06.098	0.00000000000085999800	2023/05/03 17:26:06.298	0.00000000000085999800	2023/05/03 17:26:06.498	0.00000000000118249000
2023/05/03 17:26:06.769	0.00000000013505700000	2023/05/03 17:26:10.570	0.00000000000016043200	2023/05/03 17:26:10.770	0.00000000000022433000	2023/05/03 17:26:11.471	0.00000000000096749800	2023/05/03 17:26:11.671	0.00000000000107499000	2023/05/03 17:26:11.871	0.00000000000107499000
2023/05/03 17:26:12.142	0.00000000013511100000	2023/05/03 17:26:15.943	0.00000000000014377000	2023/05/03 17:26:16.143	0.00000000000019330600	2023/05/03 17:26:16.844	0.00000000000118249000	2023/05/03 17:26:17.044	0.00000000000118249000	2023/05/03 17:26:17.244	0.00000000000107499000
2023/05/03 17:26:17.516	0.00000000013545500000	2023/05/03 17:26:21.317	0.00000000000016596800	2023/05/03 17:26:21.517	0.00000000000021707400	2023/05/03 17:26:22.219	0.00000000000171999000	2023/05/03 17:26:22.419	0.00000000000171999000	2023/05/03 17:26:22.619	0.00000000000214999000
2023/05/03 17:26:22.890	0.00000000013574500000	2023/05/03 17:26:26.692	0.00000000000016148600	2023/05/03 17:26:26.892	0.00000000000021988000	2023/05/03 17:26:27.593	0.00000000000118249000	2023/05/03 17:26:27.793	0.00000000000128999000	2023/05/03 17:26:27.993	0.00000000000139749000
2023/05/03 17:26:28.264	0.00000000013562700000	2023/05/03 17:26:32.065	0.00000000000013284800	2023/05/03 17:26:32.265	0.00000000000019446700	2023/05/03 17:26:32.966	0.00000000000107499000	2023/05/03 17:26:33.166	0.00000000000085999800	2023/05/03 17:26:33.366	0.00000000000107499000
2023/05/03 17:26:33.637	0.00000000013515400000	2023/05/03 17:26:37.438	0.00000000000016137800	2023/05/03 17:26:37.638	0.00000000000020235700	2023/05/03 17:26:38.340	0.00000000000096749800	2023/05/03 17:26:38.540	0.00000000000128999000	2023/05/03 17:26:38.740	0.00000000000118249000
2023/05/03 17:26:39.011	0.00000000013485300000	2023/05/03 17:26:42.812	0.00000000000016263600	2023/05/03 17:26:43.012	0.00000000000022597500	2023/05/03 17:26:43.713	0.00000000000053749900	2023/05/03 17:26:43.913	0.00000000000064499800	2023/05/03 17:26:44.113	0.00000000000075249800
2023/05/03 17:26:44.384	0.00000000013490600000	2023/05/03 17:26:48.185	0.00000000000014251200	2023/05/03 17:26:48.385	0.00000000000020390500	2023/05/03 17:26:49.086	0.00000000000064499800	2023/05/03 17:26:49.286	0.00000000000075249800	2023/05/03 17:26:49.486	0.00000000000075249800
2023/05/03 17:26:49.758	0.00000000013473400000	2023/05/03 17:26:53.560	0.00000000000015727200	2023/05/03 17:26:53.760	0.00000000000020888200	2023/05/03 17:26:54.461	0.00000000000085999800	2023/05/03 17:26:54.661	0.00000000000096749800	2023/05/03 17:26:54.861	0.00000000000107499000
2023/05/03 17:26:55.132	0.00000000013487400000	2023/05/03 17:26:58.933	0.00000000000015378900	2023/05/03 17:26:59.133	0.00000000000022149200	2023/05/03 17:26:59.834	0.00000000000053749900	2023/05/03 17:27:00.034	0.00000000000064499800	2023/05/03 17:27:00.234	0.00000000000075249800
2023/05/03 17:27:00.506	0.00000000013482000000	2023/05/03 17:27:04.307	0.00000000000014080300	2023/05/03 17:27:04.507	0.00000000000020100300	2023/05/03 17:27:05.208	0.00000000000075249800	2023/05/03 17:27:05.408	0.00000000000085999800	2023/05/03 17:27:05.608	0.00000000000118249000
2023/05/03 17:27:05.879	0.00000000013485300000	2023/05/03 17:27:09.680	0.00000000000015392900	2023/05/03 17:27:09.880	0.00000000000021263400	2023/05/03 17:27:10.582	0.00000000000107499000	2023/05/03 17:27:10.782	0.00000000000085999800	2023/05/03 17:27:10.982	0.00000000000085999800
2023/05/03 17:27:11.253	0.00000000013487400000	2023/05/03 17:27:15.055	0.00000000000015761600	2023/05/03 17:27:15.255	0.00000000000022230900	2023/05/03 17:27:15.956	0.00000000000042999900	2023/05/03 17:27:16.156	0.00000000000064499800	2023/05/03 17:27:16.356	0.00000000000053749900
2023/05/03 17:27:16.628	0.00000000013467000000	2023/05/03 17:27:20.430	0.00000000000015054200	2023/05/03 17:27:20.630	0.00000000000021275200	2023/05/03 17:27:21.331	0.00000000000096749800	2023/05/03 17:27:21.531	0.00000000000118249000	2023/05/03 17:27:21.731	0.00000000000118249000
2023/05/03 17:27:22.002	0.00000000013550800000	2023/05/03 17:27:25.803	0.00000000000015753000	2023/05/03 17:27:26.003	0.00000000000021060200	2023/05/03 17:27:26.704	0.00000000000128999000	2023/05/03 17:27:26.904	0.00000000000128999000	2023/05/03 17:27:27.104	0.00000000000139749000
2023/05/03 17:27:27.376	0.00000000013487400000	2023/05/03 17:27:31.177	0.00000000000016157200	2023/05/03 17:27:31.377	0.00000000000022409400	2023/05/03 17:27:32.079	0.00000000000085999800	2023/05/03 17:27:32.279	0.00000000000096749800	2023/05/03 17:27:32.479	0.00000000000107499000
2023/05/03 17:27:32.750	0.00000000013485300000	2023/05/03 17:27:36.552	0.00000000000014947800	2023/05/03 17:27:36.752	0.00000000000019620800	2023/05/03 17:27:37.453	0.00000000000075249800	2023/05/03 17:27:37.653	0.00000000000085999800	2023/05/03 17:27:37.853	0.00000000000075249800
2023/05/03 17:27:38.124	0.00000000013506800000	2023/05/03 17:27:41.925	0.00000000000016138900	2023/05/03 17:27:42.125	0.00000000000021153800	2023/05/03 17:27:42.826	0.00000000000064499800	2023/05/03 17:27:43.026	0.00000000000075249800	2023/05/03 17:27:43.226	0.00000000000075249800
2023/05/03 17:27:43.498	0.00000000013469100000	2023/05/03 17:27:47.300	0.00000000000015825000	2023/05/03 17:27:47.500	0.00000000000021995500	2023/05/03 17:27:48.201	0.00000000000064499800	2023/05/03 17:27:48.401	0.00000000000053749900	2023/05/03 17:27:48.601	0.00000000000085999800
2023/05/03 17:27:48.872	0.00000000013486300000	2023/05/03 17:27:52.673	0.00000000000014344700	2023/05/03 17:27:52.873	0.00000000000020440000	2023/05/03 17:27:53.574	0.00000000000075249800	2023/05/03 17:27:53.774	0.00000000000064499800	2023/05/03 17:27:53.974	0.00000000000075249800
2023/05/03 17:27:54.245	0.00000000013482000000	2023/05/03 17:27:58.047	0.00000000000015499300	2023/05/03 17:27:58.247	0.00000000000020719500	2023/05/03 17:27:58.948	0.00000000000085999800	2023/05/03 17:27:59.148	0.00000000000085999800	2023/05/03 17:27:59.348	0.00000000000064499800
2023/05/03 17:27:59.619	0.00000000013458400000	2023/05/03 17:28:03.420	0.00000000000015773400	2023/05/03 17:28:03.620	0.00000000000022359900	2023/05/03 17:28:04.321	0.00000000000064499800	2023/05/03 17:28:04.521	0.00000000000064499800	2023/05/03 17:28:04.721	0.00000000000085999800
2023/05/03 17:28:04.992	0.00000000013460500000	2023/05/03 17:28:08.793	0.00000000000014952100	2023/05/03 17:28:08.993	0.00000000000022187900	2023/05/03 17:28:09.694	0.00000000000064499800	2023/05/03 17:28:09.894	0.00000000000032249900	2023/05/03 17:28:10.094	0.00000000000075249800
2023/05/03 17:28:10.366	0.00000000013468100000	2023/05/03 17:28:14.167	0.00000000000014838200	2023/05/03 17:28:14.367	0.00000000000021091400	2023/05/03 17:28:15.068	0.00000000000032249900	2023/05/03 17:28:15.268	0.00000000000021499900	2023/05/03 17:28:15.468	0.00000000000032249900
2023/05/03 17:28:15.739	0.00000000013433700000	2023/05/03 17:28:19.540	0.00000000000016296900	2023/05/03 17:28:19.740	0.00000000000022746900	2023/05/03 17:28:20.442	0.00000000000053749900	2023/05/03 17:28:20.642	0.00000000000053749900	2023/05/03 17:28:20.842	0.00000000000064499800
2023/05/03 17:28:21.113	0.00000000013432600000	2023/05/03 17:28:24.915	0.00000000000014859700	2023/05/03 17:28:25.115	0.00000000000020926900	2023/05/03 17:28:25.816	0.00000000000042999900	2023/05/03 17:28:26.016	0.00000000000032249900	2023/05/03 17:28:26.216	0.00000000000064499800
2023/05/03 17:28:26.488	0.00000000013454100000	2023/05/03 17:28:30.290	0.00000000000014968200	2023/05/03 17:28:30.490	0.00000000000020627000	2023/05/03 17:28:31.191	0.00000000000053749900	2023/05/03 17:28:31.391	0.00000000000053749900	2023/05/03 17:28:31.591	0.00000000000053749900
2023/05/03 17:28:31.863	0.00000000013433700000	2023/05/03 17:28:35.665	0.00000000000016377600	2023/05/03 17:28:35.865	0.00000000000022573800	2023/05/03 17:28:36.566	0.00000000000053749900	2023/05/03 17:28:36.766	0.00000000000032249900	2023/05/03 17:28:36.966	0.00000000000085999800
2023/05/03 17:28:37.238	0.00000000013451900000	2023/05/03 17:28:41.040	0.00000000000014557600	2023/05/03 17:28:41.240	0.00000000000020818400	2023/05/03 17:28:41.941	0.00000000000064499800	2023/05/03 17:28:42.141	0.00000000000075249800	2023/05/03 17:28:42.341	0.00000000000075249800
2023/05/03 17:28:42.612	0.00000000014010900000	2023/05/03 17:28:46.413	0.00000000000016141100	2023/05/03 17:28:46.613	0.00000000000021800900	2023/05/03 17:28:47.314	0.00000000000064499800	2023/05/03 17:28:47.514	0.00000000000042999900	2023/05/03 17:28:47.714	0.00000000000075249800
2023/05/03 17:28:47.985	0.00000000014694600000	2023/05/03 17:28:51.787	0.00000000000016376500	2023/05/03 17:28:51.987	0.00000000000022762000	2023/05/03 17:28:52.688	0.00000000000053749900	2023/05/03 17:28:52.888	0.00000000000075249800	2023/05/03 17:28:53.088	0.00000000000075249800
2023/05/03 17:28:53.359	0.00000000014774200000	2023/05/03 17:28:57.160	0.00000000000015439100	2023/05/03 17:28:57.360	0.00000000000022481400	2023/05/03 17:28:58.061	0.00000000000107499000	2023/05/03 17:28:58.261	0.00000000000096749800	2023/05/03 17:28:58.461	0.00000000000118249000
2023/05/03 17:28:58.733	0.00000000014814000000	2023/05/03 17:29:02.535	0.00000000000016989200	2023/05/03 17:29:02.735	0.00000000000024193900	2023/05/03 17:29:03.436	0.00000000000096749800	2023/05/03 17:29:03.636	0.00000000000107499000	2023/05/03 17:29:03.836	0.00000000000118249000
2023/05/03 17:29:04.108	0.00000000014807500000	2023/05/03 17:29:07.910	0.00000000000015353100	2023/05/03 17:29:08.110	0.00000000000022061100	2023/05/03 17:29:08.811	0.00000000000085999800	2023/05/03 17:29:09.011	0.00000000000107499000	2023/05/03 17:29:09.211	0.00000000000096749800
2023/05/03 17:29:09.482	0.00000000014822600000	2023/05/03 17:29:13.283	0.00000000000014914500	2023/05/03 17:29:13.483	0.00000000000021992300	2023/05/03 17:29:14.184	0.00000000000128999000	2023/05/03 17:29:14.384	0.00000000000075249800	2023/05/03 17:29:14.584	0.00000000000118249000
2023/05/03 17:29:14.856	0.00000000014797800000	2023/05/03 17:29:18.657	0.00000000000015786300	2023/05/03 17:29:18.857	0.00000000000024261600	2023/05/03 17:29:19.558	0.00000000000075249800	2023/05/03 17:29:19.758	0.00000000000107499000	2023/05/03 17:29:19.958	0.00000000000085999800
2023/05/03 17:29:20.229	0.00000000014801100000	2023/05/03 17:29:24.030	0.00000000000014580200	2023/05/03 17:29:24.230	0.00000000000021831000	2023/05/03 17:29:24.931	0.00000000000096749800	2023/05/03 17:29:25.131	0.00000000000107499000	2023/05/03 17:29:25.331	0.00000000000118249000
2023/05/03 17:29:25.602	0.00000000014779600000	2023/05/03 17:29:29.203	0.00000000000000020855	2023/05/03 17:29:29.403	0.00000000000018371700	2023/05/03 17:29:29.603	0.00000000000023324200	2023/05/03 17:29:30.304	0.00000000000096749800	2023/05/03 17:29:30.504	0.00000000000118249000	2023/05/03 17:29:30.704	0.00000000000118249000
2023/05/03 17:29:30.976	0.00000000014808600000	2023/05/03 17:29:34.777	0.00000000000016118500	2023/05/03 17:29:34.977	0.00000000000023957400	2023/05/03 17:29:35.678	0.00000000000128999000	2023/05/03 17:29:35.878	0.00000000000107499000	2023/05/03 17:29:36.078	0.00000000000139749000
2023/05/03 17:29:36.349	0.00000000014818300000	2023/05/03 17:29:40.150	0.00000000000015052100	2023/05/03 17:29:40.350	0.00000000000020895800	2023/05/03 17:29:41.051	0.00000000000128999000	2023/05/03 17:29:41.251	0.00000000000118249000	2023/05/03 17:29:41.451	0.00000000000139749000
2023/05/03 17:29:41.722	0.00000000014833300000	2023/05/03 17:29:45.523	0.00000000000017360100	2023/05/03 17:29:45.723	0.00000000000023164000	2023/05/03 17:29:46.425	0.00000000000118249000	2023/05/03 17:29:46.625	0.00000000000107499000	2023/05/03 17:29:46.825	0.00000000000139749000
2023/05/03 17:29:47.096	0.00000000014830100000	2023/05/03 17:29:50.897	0.00000000000015569200	2023/05/03 17:29:51.097	0.00000000000022617900	2023/05/03 17:29:51.798	0.00000000000128999000	2023/05/03 17:29:51.998	0.00000000000139749000	2023/05/03 17:29:52.198	0.00000000000139749000
2023/05/03 17:29:52.469	0.00000000014855900000	2023/05/03 17:29:56.270	0.00000000000014604900	2023/05/03 17:29:56.470	0.00000000000021193500	2023/05/03 17:29:57.171	0.00000000000128999000	2023/05/03 17:29:57.371	0.00000000000118249000	2023/05/03 17:29:57.571	0.00000000000139749000
2023/05/03 17:29:57.843	0.00000000014811800000	2023/05/03 17:30:01.645	0.00000000000017754600	2023/05/03 17:30:01.845	0.00000000000023102700	2023/05/03 17:30:02.546	0.00000000000118249000	2023/05/03 17:30:02.746	0.00000000000139749000	2023/05/03 17:30:02.946	0.00000000000139749000
2023/05/03 17:30:03.217	0.00000000014854800000	2023/05/03 17:30:07.018	0.00000000000016415200	2023/05/03 17:30:07.218	0.00000000000023407000	2023/05/03 17:30:07.920	0.00000000000118249000	2023/05/03 17:30:08.120	0.00000000000107499000	2023/05/03 17:30:08.320	0.00000000000107499000
2023/05/03 17:30:08.591	0.00000000014824700000	2023/05/03 17:30:12.392	0.00000000000014517800	2023/05/03 17:30:12.592	0.00000000000022182500	2023/05/03 17:30:13.293	0.00000000000128999000	2023/05/03 17:30:13.493	0.00000000000096749800	2023/05/03 17:30:13.693	0.00000000000128999000
2023/05/03 17:30:13.964	0.00000000014865600000	2023/05/03 17:30:17.765	0.00000000000016580700	2023/05/03 17:30:17.965	0.00000000000023476800	2023/05/03 17:30:18.666	0.00000000000118249000	2023/05/03 17:30:18.866	0.00000000000139749000	2023/05/03 17:30:19.066	0.00000000000139749000
2023/05/03 17:30:19.338	0.00000000014851600000	2023/05/03 17:30:23.140	0.00000000000014989700	2023/05/03 17:30:23.340	0.00000000000022523300	2023/05/03 17:30:24.041	0.00000000000128999000	2023/05/03 17:30:24.241	0.00000000000107499000	2023/05/03 17:30:24.441	0.00000000000150499000
2023/05/03 17:30:24.712	0.00000000014878500000	2023/05/03 17:30:28.513	0.00000000000015568100	2023/05/03 17:30:28.713	0.00000000000021820300	2023/05/03 17:30:29.414	0.00000000000128999000	2023/05/03 17:30:29.614	0.00000000000128999000	2023/05/03 17:30:29.814	0.00000000000161249000
2023/05/03 17:30:30.086	0.00000000014847300000	2023/05/03 17:30:33.887	0.00000000000015667000	2023/05/03 17:30:34.087	0.00000000000023849900	2023/05/03 17:30:34.788	0.00000000000118249000	2023/05/03 17:30:34.988	0.00000000000128999000	2023/05/03 17:30:35.188	0.00000000000139749000
2023/05/03 17:30:35.459	0.00000000014878500000	2023/05/03 17:30:39.260	0.00000000000015058500	2023/05/03 17:30:39.460	0.00000000000021820300	2023/05/03 17:30:40.161	0.00000000000150499000	2023/05/03 17:30:40.361	0.00000000000139749000	2023/05/03 17:30:40.561	0.00000000000128999000
2023/05/03 17:30:40.833	0.00000000014863400000	2023/05/03 17:30:44.635	0.00000000000017262300	2023/05/03 17:30:44.835	0.00000000000023540300	2023/05/03 17:30:45.536	0.00000000000128999000	2023/05/03 17:30:45.736	0.00000000000139749000	2023/05/03 17:30:45.936	0.00000000000139749000
2023/05/03 17:30:46.208	0.00000000014881700000	2023/05/03 17:30:50.010	0.00000000000014586600	2023/05/03 17:30:50.210	0.00000000000022808200	2023/05/03 17:30:50.911	0.00000000000139749000	2023/05/03 17:30:51.111	0.00000000000128999000	2023/05/03 17:30:51.311	0.00000000000118249000
2023/05/03 17:30:51.583	0.00000000014904300000	2023/05/03 17:30:55.385	0.00000000000017105300	2023/05/03 17:30:55.585	0.00000000000023648800	2023/05/03 17:30:56.286	0.00000000000107499000	2023/05/03 17:30:56.486	0.00000000000128999000	2023/05/03 17:30:56.686	0.00000000000139749000
2023/05/03 17:30:56.958	0.00000000014906400000	2023/05/03 17:31:00.760	0.00000000000015468100	2023/05/03 17:31:00.960	0.00000000000022686700	2023/05/03 17:31:01.661	0.00000000000118249000	2023/05/03 17:31:01.861	0.00000000000128999000	2023/05/03 17:31:02.061	0.00000000000139749000
2023/05/03 17:31:02.333	0.00000000014900000000	2023/05/03 17:31:06.135	0.00000000000016285100	2023/05/03 17:31:06.335	0.00000000000022239500	2023/05/03 17:31:07.036	0.00000000000139749000	2023/05/03 17:31:07.236	0.00000000000139749000	2023/05/03 17:31:07.436	0.00000000000139749000
2023/05/03 17:31:07.708	0.00000000014894600000	2023/05/03 17:31:11.510	0.00000000000016686100	2023/05/03 17:31:11.710	0.00000000000023956300	2023/05/03 17:31:12.411	0.00000000000118249000	2023/05/03 17:31:12.611	0.00000000000096749800	2023/05/03 17:31:12.811	0.00000000000139749000
2023/05/03 17:31:13.083	0.00000000014917200000	2023/05/03 17:31:16.885	0.00000000000015135900	2023/05/03 17:31:17.085	0.00000000000022301900	2023/05/03 17:31:17.786	0.00000000000118249000	2023/05/03 17:31:17.986	0.00000000000128999000	2023/05/03 17:31:18.186	0.00000000000139749000
2023/05/03 17:31:18.458	0.00000000014902100000	2023/05/03 17:31:22.260	0.00000000000017298800	2023/05/03 17:31:22.460	0.00000000000023935900	2023/05/03 17:31:23.161	0.00000000000128999000	2023/05/03 17:31:23.361	0.00000000000139749000	2023/05/03 17:31:23.561	0.00000000000139749000
2023/05/03 17:31:23.833	0.00000000014911800000	2023/05/03 17:31:27.635	0.00000000000014355500	2023/05/03 17:31:27.835	0.00000000000021948200	2023/05/03 17:31:28.536	0.00000000000150499000	2023/05/03 17:31:28.736	0.00000000000128999000	2023/05/03 17:31:28.936	0.00000000000128999000
2023/05/03 17:31:29.207	0.00000000014918200000	2023/05/03 17:31:33.008	0.00000000000016894600	2023/05/03 17:31:33.208	0.00000000000023437100	2023/05/03 17:31:33.910	0.00000000000150499000	2023/05/03 17:31:34.110	0.00000000000128999000	2023/05/03 17:31:34.310	0.00000000000139749000
2023/05/03 17:31:34.581	0.00000000014918200000	2023/05/03 17:31:38.382	0.00000000000015648700	2023/05/03 17:31:38.582	0.00000000000023278000	2023/05/03 17:31:39.284	0.00000000000085999800	2023/05/03 17:31:39.484	0.00000000000064499800	2023/05/03 17:31:39.684	0.00000000000085999800
2023/05/03 17:31:39.956	0.00000000014547400000	2023/05/03 17:31:43.757	0.00000000000015259600	2023/05/03 17:31:43.957	0.00000000000021433300	2023/05/03 17:31:44.658	0.00000000000096749800	2023/05/03 17:31:44.858	0.00000000000096749800	2023/05/03 17:31:45.058	0.00000000000128999000
2023/05/03 17:31:45.329	0.00000000013661600000	2023/05/03 17:31:49.130	0.00000000000016788200	2023/05/03 17:31:49.330	0.00000000000023473600	2023/05/03 17:31:50.031	0.00000000000128999000	2023/05/03 17:31:50.231	0.00000000000139749000	2023/05/03 17:31:50.431	0.00000000000139749000
2023/05/03 17:31:50.703	0.00000000013660500000	2023/05/03 17:31:54.505	0.00000000000015141300	2023/05/03 17:31:54.705	0.00000000000020844200	2023/05/03 17:31:55.406	0.00000000000139749000	2023/05/03 17:31:55.606	0.00000000000128999000	2023/05/03 17:31:55.806	0.00000000000118249000
2023/05/03 17:31:56.078	0.00000000013648700000	2023/05/03 17:31:59.880	0.00000000000016772100	2023/05/03 17:32:00.080	0.00000000000022869500	2023/05/03 17:32:00.781	0.00000000000118249000	2023/05/03 17:32:00.981	0.00000000000139749000	2023/05/03 17:32:01.181	0.00000000000150499000
2023/05/03 17:32:01.452	0.00000000013648700000	2023/05/03 17:32:05.253	0.00000000000015142400	2023/05/03 17:32:05.453	0.00000000000021392400	2023/05/03 17:32:06.154	0.00000000000128999000	2023/05/03 17:32:06.354	0.00000000000139749000	2023/05/03 17:32:06.554	0.00000000000128999000
2023/05/03 17:32:06.826	0.00000000013665900000	2023/05/03 17:32:10.627	0.00000000000016891400	2023/05/03 17:32:10.827	0.00000000000023329600	2023/05/03 17:32:11.528	0.00000000000128999000	2023/05/03 17:32:11.728	0.00000000000118249000	2023/05/03 17:32:11.928	0.00000000000161249000
2023/05/03 17:32:12.199	0.00000000013679800000	2023/05/03 17:32:16.000	0.00000000000014901600	2023/05/03 17:32:16.200	0.00000000000022371700	2023/05/03 17:32:16.901	0.00000000000128999000	2023/05/03 17:32:17.101	0.00000000000128999000	2023/05/03 17:32:17.301	0.00000000000182749000
2023/05/03 17:32:17.573	0.00000000013732500000	2023/05/03 17:32:21.375	0.00000000000016663500	2023/05/03 17:32:21.575	0.00000000000021539700	2023/05/03 17:32:22.276	0.00000000000139749000	2023/05/03 17:32:22.476	0.00000000000139749000	2023/05/03 17:32:22.676	0.00000000000161249000
2023/05/03 17:32:22.947	0.00000000013696000000	2023/05/03 17:32:26.748	0.00000000000016120600	2023/05/03 17:32:26.948	0.00000000000022664100	2023/05/03 17:32:27.649	0.00000000000107499000	2023/05/03 17:32:27.849	0.00000000000107499000	2023/05/03 17:32:28.049	0.00000000000139749000
2023/05/03 17:32:28.321	0.00000000013651900000	2023/05/03 17:32:32.122	0.00000000000015032700	2023/05/03 17:32:32.322	0.00000000000021080700	2023/05/03 17:32:33.023	0.00000000000128999000	2023/05/03 17:32:33.223	0.00000000000128999000	2023/05/03 17:32:33.423	0.00000000000128999000
2023/05/03 17:32:33.694	0.00000000013678800000	2023/05/03 17:32:37.495	0.00000000000016533400	2023/05/03 17:32:37.695	0.00000000000023330600	2023/05/03 17:32:38.396	0.00000000000085999800	2023/05/03 17:32:38.596	0.00000000000118249000	2023/05/03 17:32:38.796	0.00000000000150499000
2023/05/03 17:32:39.068	0.00000000013674500000	2023/05/03 17:32:42.870	0.00000000000013908300	2023/05/03 17:32:43.070	0.00000000000020352900	2023/05/03 17:32:43.771	0.00000000000118249000	2023/05/03 17:32:43.971	0.00000000000128999000	2023/05/03 17:32:44.171	0.00000000000139749000
2023/05/03 17:32:44.443	0.00000000013708900000	2023/05/03 17:32:48.245	0.00000000000016633400	2023/05/03 17:32:48.445	0.00000000000022458800	2023/05/03 17:32:49.146	0.00000000000139749000	2023/05/03 17:32:49.346	0.00000000000128999000	2023/05/03 17:32:49.546	0.00000000000139749000
2023/05/03 17:32:49.817	0.00000000013686300000	2023/05/03 17:32:53.618	0.00000000000015309000	2023/05/03 17:32:53.818	0.00000000000022004100	2023/05/03 17:32:54.519	0.00000000000128999000	2023/05/03 17:32:54.719	0.00000000000118249000	2023/05/03 17:32:54.919	0.00000000000139749000
2023/05/03 17:32:55.191	0.00000000013686300000	2023/05/03 17:32:58.992	0.00000000000015526200	2023/05/03 17:32:59.192	0.00000000000021773000	2023/05/03 17:32:59.893	0.00000000000128999000	2023/05/03 17:33:00.093	0.00000000000139749000	2023/05/03 17:33:00.293	0.00000000000139749000
2023/05/03 17:33:00.564	0.00000000013699200000	2023/05/03 17:33:04.365	0.00000000000016921500	2023/05/03 17:33:04.565	0.00000000000023233900	2023/05/03 17:33:05.266	0.00000000000118249000	2023/05/03 17:33:05.466	0.00000000000128999000	2023/05/03 17:33:05.666	0.00000000000150499000
2023/05/03 17:33:05.937	0.00000000013697000000	2023/05/03 17:33:09.738	0.00000000000015632600	2023/05/03 17:33:09.938	0.00000000000021023700	2023/05/03 17:33:10.639	0.00000000000139749000	2023/05/03 17:33:10.839	0.00000000000128999000	2023/05/03 17:33:11.039	0.00000000000128999000
2023/05/03 17:33:11.311	0.00000000013693800000	2023/05/03 17:33:15.112	0.00000000000017016100	2023/05/03 17:33:15.312	0.00000000000023178000	2023/05/03 17:33:16.013	0.00000000000128999000	2023/05/03 17:33:16.213	0.00000000000139749000	2023/05/03 17:33:16.413	0.00000000000139749000
2023/05/03 17:33:16.684	0.00000000013666900000	2023/05/03 17:33:20.485	0.00000000000015219800	2023/05/03 17:33:20.685	0.00000000000021578400	2023/05/03 17:33:21.386	0.00000000000128999000	2023/05/03 17:33:21.586	0.00000000000118249000	2023/05/03 17:33:21.786	0.00000000000128999000
2023/05/03 17:33:22.057	0.00000000013693800000	2023/05/03 17:33:25.858	0.00000000000016748400	2023/05/03 17:33:26.058	0.00000000000021877200	2023/05/03 17:33:26.759	0.00000000000107499000	2023/05/03 17:33:26.959	0.00000000000118249000	2023/05/03 17:33:27.159	0.00000000000139749000
2023/05/03 17:33:27.431	0.00000000013690600000	2023/05/03 17:33:31.232	0.00000000000015563800	2023/05/03 17:33:31.432	0.00000000000022431900	2023/05/03 17:33:32.133	0.00000000000150499000	2023/05/03 17:33:32.333	0.00000000000139749000	2023/05/03 17:33:32.533	0.00000000000139749000
2023/05/03 17:33:32.804	0.00000000013705600000	2023/05/03 17:33:36.605	0.00000000000015849700	2023/05/03 17:33:36.805	0.00000000000021134400	2023/05/03 17:33:37.506	0.00000000000128999000	2023/05/03 17:33:37.706	0.00000000000139749000	2023/05/03 17:33:37.906	0.00000000000118249000
2023/05/03 17:33:38.177	0.00000000013711000000	2023/05/03 17:33:41.978	0.00000000000015800300	2023/05/03 17:33:42.178	0.00000000000022757700	2023/05/03 17:33:42.879	0.00000000000118249000	2023/05/03 17:33:43.079	0.00000000000107499000	2023/05/03 17:33:43.279	0.00000000000161249000
2023/05/03 17:33:43.551	0.00000000013713200000	2023/05/03 17:33:47.352	0.00000000000014731700	2023/05/03 17:33:47.552	0.00000000000020728100	2023/05/03 17:33:48.253	0.00000000000128999000	2023/05/03 17:33:48.453	0.00000000000118249000	2023/05/03 17:33:48.653	0.00000000000118249000
2023/05/03 17:33:48.924	0.00000000013706700000	2023/05/03 17:33:52.725	0.00000000000016298000	2023/05/03 17:33:52.925	0.00000000000022560900	2023/05/03 17:33:53.626	0.00000000000139749000	2023/05/03 17:33:53.826	0.00000000000150499000	2023/05/03 17:33:54.026	0.00000000000161249000
2023/05/03 17:33:54.298	0.00000000013700300000	2023/05/03 17:33:58.100	0.00000000000014589800	2023/05/03 17:33:58.300	0.00000000000020853800	2023/05/03 17:33:59.001	0.00000000000128999000	2023/05/03 17:33:59.201	0.00000000000118249000	2023/05/03 17:33:59.401	0.00000000000118249000
2023/05/03 17:33:59.673	0.00000000013723900000	2023/05/03 17:34:03.475	0.00000000000016749500	2023/05/03 17:34:03.675	0.00000000000021506400	2023/05/03 17:34:04.376	0.00000000000128999000	2023/05/03 17:34:04.576	0.00000000000118249000	2023/05/03 17:34:04.776	0.00000000000139749000
2023/05/03 17:34:05.048	0.00000000013711000000	2023/05/03 17:34:08.850	0.00000000000015278900	2023/05/03 17:34:09.050	0.00000000000022004100	2023/05/03 17:34:09.751	0.00000000000118249000	2023/05/03 17:34:09.951	0.00000000000128999000	2023/05/03 17:34:10.151	0.00000000000118249000
2023/05/03 17:34:10.423	0.00000000013706700000	2023/05/03 17:34:14.225	0.00000000000015488500	2023/05/03 17:34:14.425	0.00000000000021010800	2023/05/03 17:34:15.126	0.00000000000139749000	2023/05/03 17:34:15.326	0.00000000000107499000	2023/05/03 17:34:15.526	0.00000000000128999000
2023/05/03 17:34:15.798	0.00000000013718500000	2023/05/03 17:34:19.600	0.00000000000016841900	2023/05/03 17:34:19.800	0.00000000000023088800	2023/05/03 17:34:20.501	0.00000000000096749800	2023/05/03 17:34:20.701	0.00000000000096749800	2023/05/03 17:34:20.901	0.00000000000139749000
2023/05/03 17:34:21.173	0.00000000013704600000	2023/05/03 17:34:24.975	0.00000000000015315500	2023/05/03 17:34:25.175	0.00000000000019959400	2023/05/03 17:34:25.876	0.00000000000107499000	2023/05/03 17:34:26.076	0.00000000000085999800	2023/05/03 17:34:26.276	0.00000000000096749800
2023/05/03 17:34:26.547	0.00000000013688400000	2023/05/03 17:34:30.348	0.00000000000017296700	2023/05/03 17:34:30.548	0.00000000000022352400	2023/05/03 17:34:31.249	0.00000000000107499000	2023/05/03 17:34:31.449	0.00000000000096749800	2023/05/03 17:34:31.649	0.00000000000139749000
2023/05/03 17:34:31.921	0.00000000013688400000	2023/05/03 17:34:35.722	0.00000000000014998300	2023/05/03 17:34:35.922	0.00000000000021431100	2023/05/03 17:34:36.623	0.00000000000075249800	2023/05/03 17:34:36.823	0.00000000000096749800	2023/05/03 17:34:37.023	0.00000000000107499000
2023/05/03 17:34:37.294	0.00000000013736800000	2023/05/03 17:34:41.095	0.00000000000015401500	2023/05/03 17:34:41.295	0.00000000000021035500	2023/05/03 17:34:41.996	0.00000000000118249000	2023/05/03 17:34:42.196	0.00000000000096749800	2023/05/03 17:34:42.396	0.00000000000128999000
2023/05/03 17:34:42.668	0.00000000013677700000	2023/05/03 17:34:46.470	0.00000000000016219500	2023/05/03 17:34:46.670	0.00000000000022723300	2023/05/03 17:34:47.371	0.00000000000085999800	2023/05/03 17:34:47.571	0.00000000000096749800	2023/05/03 17:34:47.771	0.00000000000107499000
2023/05/03 17:34:48.043	0.00000000013718500000	2023/05/03 17:34:51.845	0.00000000000014855400	2023/05/03 17:34:52.045	0.00000000000020078800	2023/05/03 17:34:52.746	0.00000000000096749800	2023/05/03 17:34:52.946	0.00000000000096749800	2023/05/03 17:34:53.146	0.00000000000085999800
2023/05/03 17:34:53.418	0.00000000013713200000	2023/05/03 17:34:57.220	0.00000000000016786000	2023/05/03 17:34:57.420	0.00000000000022479200	2023/05/03 17:34:58.121	0.00000000000096749800	2023/05/03 17:34:58.321	0.00000000000107499000	2023/05/03 17:34:58.521	0.00000000000118249000
2023/05/03 17:34:58.792	0.00000000013701300000	2023/05/03 17:35:02.593	0.00000000000015505700	2023/05/03 17:35:02.793	0.00000000000021859000	2023/05/03 17:35:03.494	0.00000000000096749800	2023/05/03 17:35:03.694	0.00000000000107499000	2023/05/03 17:35:03.894	0.00000000000118249000
2023/05/03 17:35:04.166	0.00000000013720700000	2023/05/03 17:35:07.967	0.00000000000016996700	2023/05/03 17:35:08.167	0.00000000000021941700	2023/05/03 17:35:08.868	0.00000000000107499000	2023/05/03 17:35:09.068	0.00000000000085999800	2023/05/03 17:35:09.268	0.00000000000118249000
2023/05/03 17:35:09.539	0.00000000013723900000	2023/05/03 17:35:13.340	0.00000000000016084100	2023/05/03 17:35:13.540	0.00000000000023325300	2023/05/03 17:35:14.241	0.00000000000096749800	2023/05/03 17:35:14.441	0.00000000000107499000	2023/05/03 17:35:14.641	0.00000000000128999000
2023/05/03 17:35:14.912	0.00000000013756200000	2023/05/03 17:35:18.713	0.00000000000015358500	2023/05/03 17:35:18.913	0.00000000000020779700	2023/05/03 17:35:19.614	0.00000000000107499000	2023/05/03 17:35:19.814	0.00000000000107499000	2023/05/03 17:35:20.014	0.00000000000128999000
2023/05/03 17:35:20.286	0.00000000013769100000	2023/05/03 17:35:24.087	0.00000000000016818300	2023/05/03 17:35:24.287	0.00000000000021746100	2023/05/03 17:35:24.988	0.00000000000128999000	2023/05/03 17:35:25.188	0.00000000000139749000	2023/05/03 17:35:25.388	0.00000000000150499000
2023/05/03 17:35:25.659	0.00000000013756200000	2023/05/03 17:35:29.460	0.00000000000015506800	2023/05/03 17:35:29.660	0.00000000000021675100	2023/05/03 17:35:30.361	0.00000000000118249000	2023/05/03 17:35:30.561	0.00000000000118249000	2023/05/03 17:35:30.761	0.00000000000118249000
2023/05/03 17:35:31.032	0.00000000013794900000	2023/05/03 17:35:34.833	0.00000000000015796000	2023/05/03 17:35:35.033	0.00000000000020809800	2023/05/03 17:35:35.734	0.00000000000139749000	2023/05/03 17:35:35.934	0.00000000000118249000	2023/05/03 17:35:36.134	0.00000000000139749000
2023/05/03 17:35:36.406	0.00000000013801300000	2023/05/03 17:35:40.207	0.00000000000017351500	2023/05/03 17:35:40.407	0.00000000000022121300	2023/05/03 17:35:41.109	0.00000000000118249000	2023/05/03 17:35:41.309	0.00000000000128999000	2023/05/03 17:35:41.509	0.00000000000139749000
2023/05/03 17:35:41.781	0.00000000013802400000	2023/05/03 17:35:45.582	0.00000000000014941400	2023/05/03 17:35:45.782	0.00000000000021664400	2023/05/03 17:35:46.483	0.00000000000118249000	2023/05/03 17:35:46.683	0.00000000000118249000	2023/05/03 17:35:46.883	0.00000000000128999000
2023/05/03 17:35:47.154	0.00000000013785200000	2023/05/03 17:35:50.955	0.00000000000016573200	2023/05/03 17:35:51.155	0.00000000000021374100	2023/05/03 17:35:51.856	0.00000000000118249000	2023/05/03 17:35:52.056	0.00000000000139749000	2023/05/03 17:35:52.256	0.00000000000150499000
2023/05/03 17:35:52.528	0.00000000013784100000	2023/05/03 17:35:56.330	0.00000000000016535600	2023/05/03 17:35:56.530	0.00000000000023388700	2023/05/03 17:35:57.231	0.00000000000096749800	2023/05/03 17:35:57.431	0.00000000000118249000	2023/05/03 17:35:57.631	0.00000000000139749000
2023/05/03 17:35:57.902	0.00000000013788400000	2023/05/03 17:36:01.703	0.00000000000014255500	2023/05/03 17:36:01.903	0.00000000000021191400	2023/05/03 17:36:02.604	0.00000000000118249000	2023/05/03 17:36:02.804	0.00000000000107499000	2023/05/03 17:36:03.004	0.00000000000139749000
2023/05/03 17:36:03.275	0.00000000013801300000	2023/05/03 17:36:07.077	0.00000000000016066900	2023/05/03 17:36:07.277	0.00000000000021110800	2023/05/03 17:36:07.978	0.00000000000118249000	2023/05/03 17:36:08.178	0.00000000000128999000	2023/05/03 17:36:08.378	0.00000000000139749000
2023/05/03 17:36:08.649	0.00000000013775500000	2023/05/03 17:36:12.450	0.00000000000017016100	2023/05/03 17:36:12.650	0.00000000000023662800	2023/05/03 17:36:13.351	0.00000000000107499000	2023/05/03 17:36:13.551	0.00000000000118249000	2023/05/03 17:36:13.751	0.00000000000139749000
2023/05/03 17:36:14.023	0.00000000013800200000	2023/05/03 17:36:17.825	0.00000000000015119800	2023/05/03 17:36:18.025	0.00000000000021702000	2023/05/03 17:36:18.726	0.00000000000139749000	2023/05/03 17:36:18.926	0.00000000000150499000	2023/05/03 17:36:19.126	0.00000000000161249000
2023/05/03 17:36:19.398	0.00000000013838900000	2023/05/03 17:36:23.200	0.00000000000016981700	2023/05/03 17:36:23.400	0.00000000000021942800	2023/05/03 17:36:24.101	0.00000000000150499000	2023/05/03 17:36:24.301	0.00000000000161249000	2023/05/03 17:36:24.501	0.00000000000182749000
2023/05/03 17:36:24.772	0.00000000013837900000	2023/05/03 17:36:28.573	0.00000000000017385900	2023/05/03 17:36:28.773	0.00000000000023659600	2023/05/03 17:36:29.474	0.00000000000150499000	2023/05/03 17:36:29.674	0.00000000000150499000	2023/05/03 17:36:29.874	0.00000000000171999000
2023/05/03 17:36:30.146	0.00000000013849700000	2023/05/03 17:36:33.947	0.00000000000015487500	2023/05/03 17:36:34.147	0.00000000000021464400	2023/05/03 17:36:34.848	0.00000000000139749000	2023/05/03 17:36:35.048	0.00000000000150499000	2023/05/03 17:36:35.248	0.00000000000150499000
2023/05/03 17:36:35.519	0.00000000013845400000	2023/05/03 17:36:39.320	0.00000000000016362500	2023/05/03 17:36:39.520	0.00000000000020789300	2023/05/03 17:36:40.221	0.00000000000150499000	2023/05/03 17:36:40.421	0.00000000000139749000	2023/05/03 17:36:40.621	0.00000000000150499000
2023/05/03 17:36:40.893	0.00000000013840000000	2023/05/03 17:36:44.695	0.00000000000016696800	2023/05/03 17:36:44.895	0.00000000000022628700	2023/05/03 17:36:45.596	0.00000000000139749000	2023/05/03 17:36:45.796	0.00000000000150499000	2023/05/03 17:36:45.996	0.00000000000161249000
2023/05/03 17:36:46.268	0.00000000013830300000	2023/05/03 17:36:50.070	0.00000000000015428300	2023/05/03 17:36:50.270	0.00000000000021958900	2023/05/03 17:36:50.971	0.00000000000150499000	2023/05/03 17:36:51.171	0.00000000000139749000	2023/05/03 17:36:51.371	0.00000000000161249000
2023/05/03 17:36:51.643	0.00000000013829300000	2023/05/03 17:36:55.445	0.00000000000017029000	2023/05/03 17:36:55.645	0.00000000000021919200	2023/05/03 17:36:56.346	0.00000000000150499000	2023/05/03 17:36:56.546	0.00000000000139749000	2023/05/03 17:36:56.746	0.00000000000150499000
2023/05/03 17:36:57.017	0.00000000013843200000	2023/05/03 17:37:00.818	0.00000000000016209900	2023/05/03 17:37:01.018	0.00000000000023011400	2023/05/03 17:37:01.719	0.00000000000128999000	2023/05/03 17:37:01.919	0.00000000000161249000	2023/05/03 17:37:02.119	0.00000000000150499000
2023/05/03 17:37:02.391	0.00000000013866900000	2023/05/03 17:37:06.192	0.00000000000014875800	2023/05/03 17:37:06.392	0.00000000000021445100	2023/05/03 17:37:07.093	0.00000000000150499000	2023/05/03 17:37:07.293	0.00000000000139749000	2023/05/03 17:37:07.493	0.00000000000161249000
2023/05/03 17:37:07.764	0.00000000013863700000	2023/05/03 17:37:11.565	0.00000000000017038700	2023/05/03 17:37:11.765	0.00000000000021923500	2023/05/03 17:37:12.466	0.00000000000171999000	2023/05/03 17:37:12.666	0.00000000000171999000	2023/05/03 17:37:12.866	0.00000000000182749000
2023/05/03 17:37:13.138	0.00000000013859400000	2023/05/03 17:37:16.940	0.00000000000015326200	2023/05/03 17:37:17.140	0.00000000000021561200	2023/05/03 17:37:17.841	0.00000000000161249000	2023/05/03 17:37:18.041	0.00000000000171999000	2023/05/03 17:37:18.241	0.00000000000182749000
2023/05/03 17:37:18.513	0.00000000013870100000	2023/05/03 17:37:22.315	0.00000000000015829300	2023/05/03 17:37:22.515	0.00000000000021061300	2023/05/03 17:37:23.216	0.00000000000182749000	2023/05/03 17:37:23.416	0.00000000000150499000	2023/05/03 17:37:23.616	0.00000000000171999000
2023/05/03 17:37:23.888	0.00000000013858300000	2023/05/03 17:37:27.690	0.00000000000016529100	2023/05/03 17:37:27.890	0.00000000000021911600	2023/05/03 17:37:28.591	0.00000000000128999000	2023/05/03 17:37:28.791	0.00000000000150499000	2023/05/03 17:37:28.991	0.00000000000161249000
2023/05/03 17:37:29.262	0.00000000013849700000	2023/05/03 17:37:33.063	0.00000000000014270600	2023/05/03 17:37:33.263	0.00000000000021196800	2023/05/03 17:37:33.964	0.00000000000161249000	2023/05/03 17:37:34.164	0.00000000000139749000	2023/05/03 17:37:34.364	0.00000000000161249000
2023/05/03 17:37:34.635	0.00000000013868000000	2023/05/03 17:37:38.437	0.00000000000017369800	2023/05/03 17:37:38.637	0.00000000000022943600	2023/05/03 17:37:39.338	0.00000000000161249000	2023/05/03 17:37:39.538	0.00000000000161249000	2023/05/03 17:37:39.738	0.00000000000161249000
2023/05/03 17:37:40.009	0.00000000013878700000	2023/05/03 17:37:43.810	0.00000000000015218700	2023/05/03 17:37:44.010	0.00000000000021554700	2023/05/03 17:37:44.711	0.00000000000139749000	2023/05/03 17:37:44.911	0.00000000000139749000	2023/05/03 17:37:45.111	0.00000000000139749000
2023/05/03 17:37:45.383	0.00000000013890500000	2023/05/03 17:37:49.185	0.00000000000015672400	2023/05/03 17:37:49.385	0.00000000000020711900	2023/05/03 17:37:50.086	0.00000000000171999000	2023/05/03 17:37:50.286	0.00000000000139749000	2023/05/03 17:37:50.486	0.00000000000150499000
2023/05/03 17:37:50.758	0.00000000013879800000	2023/05/03 17:37:54.560	0.00000000000016814000	2023/05/03 17:37:54.760	0.00000000000023258600	2023/05/03 17:37:55.461	0.00000000000139749000	2023/05/03 17:37:55.661	0.00000000000150499000	2023/05/03 17:37:55.861	0.00000000000150499000
2023/05/03 17:37:56.133	0.00000000013894800000	2023/05/03 17:37:59.935	0.00000000000014514600	2023/05/03 17:38:00.135	0.00000000000020973200	2023/05/03 17:38:00.836	0.00000000000150499000	2023/05/03 17:38:01.036	0.00000000000139749000	2023/05/03 17:38:01.236	0.00000000000139749000
2023/05/03 17:38:01.507	0.00000000013883000000	2023/05/03 17:38:05.308	0.00000000000016933300	2023/05/03 17:38:05.508	0.00000000000021604200	2023/05/03 17:38:06.209	0.00000000000139749000	2023/05/03 17:38:06.409	0.00000000000150499000	2023/05/03 17:38:06.609	0.00000000000161249000
2023/05/03 17:38:06.881	0.00000000013889500000	2023/05/03 17:38:10.682	0.00000000000016071200	2023/05/03 17:38:10.882	0.00000000000023031800	2023/05/03 17:38:11.583	0.00000000000118249000	2023/05/03 17:38:11.783	0.00000000000139749000	2023/05/03 17:38:11.983	0.00000000000171999000
2023/05/03 17:38:12.254	0.00000000013907700000	2023/05/03 17:38:16.055	0.00000000000015439100	2023/05/03 17:38:16.255	0.00000000000021076400	2023/05/03 17:38:16.957	0.00000000000139749000	2023/05/03 17:38:17.157	0.00000000000139749000	2023/05/03 17:38:17.357	0.00000000000150499000
2023/05/03 17:38:17.628	0.00000000013894800000	2023/05/03 17:38:21.430	0.00000000000017130000	2023/05/03 17:38:21.630	0.00000000000022787800	2023/05/03 17:38:22.331	0.00000000000150499000	2023/05/03 17:38:22.531	0.00000000000139749000	2023/05/03 17:38:22.731	0.00000000000171999000
2023/05/03 17:38:23.003	0.00000000013905600000	2023/05/03 17:38:26.805	0.00000000000015834700	2023/05/03 17:38:27.005	0.00000000000021249400	2023/05/03 17:38:27.706	0.00000000000150499000	2023/05/03 17:38:27.906	0.00000000000128999000	2023/05/03 17:38:28.106	0.00000000000161249000
2023/05/03 17:38:28.378	0.00000000013920600000	2023/05/03 17:38:32.180	0.00000000000016891400	2023/05/03 17:38:32.380	0.00000000000021828900	2023/05/03 17:38:33.081	0.00000000000150499000	2023/05/03 17:38:33.281	0.00000000000150499000	2023/05/03 17:38:33.481	0.00000000000171999000
2023/05/03 17:38:33.752	0.00000000013916300000	2023/05/03 17:38:37.553	0.00000000000016345300	2023/05/03 17:38:37.753	0.00000000000022966200	2023/05/03 17:38:38.454	0.00000000000150499000	2023/05/03 17:38:38.654	0.00000000000161249000	2023/05/03 17:38:38.854	0.00000000000161249000
2023/05/03 17:38:39.126	0.00000000013940000000	2023/05/03 17:38:42.927	0.00000000000015356300	2023/05/03 17:38:43.127	0.00000000000020495900	2023/05/03 17:38:43.828	0.00000000000128999000	2023/05/03 17:38:44.028	0.00000000000171999000	2023/05/03 17:38:44.228	0.00000000000161249000
2023/05/03 17:38:44.499	0.00000000013923900000	2023/05/03 17:38:48.300	0.00000000000017262300	2023/05/03 17:38:48.500	0.00000000000022994200	2023/05/03 17:38:49.201	0.00000000000107499000	2023/05/03 17:38:49.401	0.00000000000107499000	2023/05/03 17:38:49.601	0.00000000000128999000
2023/05/03 17:38:49.872	0.00000000013893800000	2023/05/03 17:38:53.673	0.00000000000016231400	2023/05/03 17:38:53.873	0.00000000000022522200	2023/05/03 17:38:54.574	0.00000000000096749800	2023/05/03 17:38:54.774	0.00000000000096749800	2023/05/03 17:38:54.974	0.00000000000128999000
2023/05/03 17:38:55.245	0.00000000013958300000	2023/05/03 17:38:59.047	0.00000000000016993500	2023/05/03 17:38:59.247	0.00000000000021655800	2023/05/03 17:38:59.948	0.00000000000107499000	2023/05/03 17:39:00.148	0.00000000000107499000	2023/05/03 17:39:00.348	0.00000000000118249000
2023/05/03 17:39:00.619	0.00000000015174100000	2023/05/03 17:39:04.420	0.00000000000017497700	2023/05/03 17:39:04.620	0.00000000000024446500	2023/05/03 17:39:05.322	0.00000000000107499000	2023/05/03 17:39:05.522	0.00000000000118249000	2023/05/03 17:39:05.722	0.00000000000128999000
2023/05/03 17:39:05.993	0.00000000015353600000	2023/05/03 17:39:09.795	0.00000000000015415400	2023/05/03 17:39:09.995	0.00000000000022211600	2023/05/03 17:39:10.696	0.00000000000085999800	2023/05/03 17:39:10.896	0.00000000000107499000	2023/05/03 17:39:11.096	0.00000000000118249000
2023/05/03 17:39:11.367	0.00000000015408400000	2023/05/03 17:39:15.168	0.00000000000015805700	2023/05/03 17:39:15.368	0.00000000000022229800	2023/05/03 17:39:16.069	0.00000000000139749000	2023/05/03 17:39:16.269	0.00000000000085999800	2023/05/03 17:39:16.469	0.00000000000128999000
2023/05/03 17:39:16.740	0.00000000015432100000	2023/05/03 17:39:20.542	0.00000000000016714000	2023/05/03 17:39:20.742	0.00000000000025355900	2023/05/03 17:39:21.443	0.00000000000150499000	2023/05/03 17:39:21.643	0.00000000000150499000	2023/05/03 17:39:21.843	0.00000000000171999000
2023/05/03 17:39:22.114	0.00000000015476200000	2023/05/03 17:39:25.915	0.00000000000015278900	2023/05/03 17:39:26.115	0.00000000000024121800	2023/05/03 17:39:26.817	0.00000000000150499000	2023/05/03 17:39:27.017	0.00000000000139749000	2023/05/03 17:39:27.217	0.00000000000171999000
2023/05/03 17:39:27.488	0.00000000015498700000	2023/05/03 17:39:31.290	0.00000000000015657300	2023/05/03 17:39:31.490	0.00000000000022327700	2023/05/03 17:39:32.191	0.00000000000150499000	2023/05/03 17:39:32.391	0.00000000000150499000	2023/05/03 17:39:32.591	0.00000000000171999000
2023/05/03 17:39:32.863	0.00000000015489100000	2023/05/03 17:39:36.665	0.00000000000017632100	2023/05/03 17:39:36.865	0.00000000000024977500	2023/05/03 17:39:37.566	0.00000000000150499000	2023/05/03 17:39:37.766	0.00000000000150499000	2023/05/03 17:39:37.966	0.00000000000225749000
2023/05/03 17:39:38.238	0.00000000015554600000	2023/05/03 17:39:42.040	0.00000000000015489600	2023/05/03 17:39:42.240	0.00000000000023035000	2023/05/03 17:39:42.941	0.00000000000150499000	2023/05/03 17:39:43.141	0.00000000000161249000	2023/05/03 17:39:43.341	0.00000000000161249000
2023/05/03 17:39:43.612	0.00000000015549300000	2023/05/03 17:39:47.413	0.00000000000016422700	2023/05/03 17:39:47.613	0.00000000000022720000	2023/05/03 17:39:48.314	0.00000000000139749000	2023/05/03 17:39:48.514	0.00000000000139749000	2023/05/03 17:39:48.714	0.00000000000118249000
2023/05/03 17:39:48.985	0.00000000015520200000	2023/05/03 17:39:52.787	0.00000000000017459000	2023/05/03 17:39:52.987	0.00000000000024912000	2023/05/03 17:39:53.688	0.00000000000085999800	2023/05/03 17:39:53.888	0.00000000000118249000	2023/05/03 17:39:54.088	0.00000000000107499000
2023/05/03 17:39:54.359	0.00000000015513800000	2023/05/03 17:39:58.160	0.00000000000016146400	2023/05/03 17:39:58.360	0.00000000000023686500	2023/05/03 17:39:59.061	0.00000000000118249000	2023/05/03 17:39:59.261	0.00000000000107499000	2023/05/03 17:39:59.461	0.00000000000107499000
2023/05/03 17:39:59.733	0.00000000015556800000	2023/05/03 17:40:03.535	0.00000000000016548500	2023/05/03 17:40:03.735	0.00000000000024623900	2023/05/03 17:40:04.436	0.00000000000107499000	2023/05/03 17:40:04.636	0.00000000000139749000	2023/05/03 17:40:04.836	0.00000000000171999000
2023/05/03 17:40:05.107	0.00000000015538500000	2023/05/03 17:40:08.908	0.00000000000016646300	2023/05/03 17:40:09.108	0.00000000000024693700	2023/05/03 17:40:09.809	0.00000000000128999000	2023/05/03 17:40:10.009	0.00000000000118249000	2023/05/03 17:40:10.209	0.00000000000139749000
2023/05/03 17:40:10.480	0.00000000015543900000	2023/05/03 17:40:14.282	0.00000000000016404400	2023/05/03 17:40:14.482	0.00000000000022607200	2023/05/03 17:40:15.183	0.00000000000096749800	2023/05/03 17:40:15.383	0.00000000000118249000	2023/05/03 17:40:15.583	0.00000000000128999000
2023/05/03 17:40:15.854	0.00000000015550300000	2023/05/03 17:40:19.655	0.00000000000017473000	2023/05/03 17:40:19.855	0.00000000000025186100	2023/05/03 17:40:20.557	0.00000000000118249000	2023/05/03 17:40:20.757	0.00000000000096749800	2023/05/03 17:40:20.957	0.00000000000139749000
2023/05/03 17:40:21.228	0.00000000015569700000	2023/05/03 17:40:25.030	0.00000000000015653000	2023/05/03 17:40:25.230	0.00000000000023469300	2023/05/03 17:40:25.931	0.00000000000096749800	2023/05/03 17:40:26.131	0.00000000000085999800	2023/05/03 17:40:26.331	0.00000000000107499000
2023/05/03 17:40:26.603	0.00000000015561100000	2023/05/03 17:40:30.405	0.00000000000016515100	2023/05/03 17:40:30.605	0.00000000000023361800	2023/05/03 17:40:31.306	0.00000000000128999000	2023/05/03 17:40:31.506	0.00000000000107499000	2023/05/03 17:40:31.706	0.00000000000128999000
2023/05/03 17:40:31.978	0.00000000015557900000	2023/05/03 17:40:35.780	0.00000000000016995700	2023/05/03 17:40:35.980	0.00000000000025998800	2023/05/03 17:40:36.681	0.00000000000107499000	2023/05/03 17:40:36.881	0.00000000000118249000	2023/05/03 17:40:37.081	0.00000000000139749000
2023/05/03 17:40:37.353	0.00000000015554600000	2023/05/03 17:40:41.155	0.00000000000015160700	2023/05/03 17:40:41.355	0.00000000000023905800	2023/05/03 17:40:42.056	0.00000000000128999000	2023/05/03 17:40:42.256	0.00000000000085999800	2023/05/03 17:40:42.456	0.00000000000139749000
2023/05/03 17:40:42.728	0.00000000015619100000	2023/05/03 17:40:46.530	0.00000000000016924700	2023/05/03 17:40:46.730	0.00000000000023854200	2023/05/03 17:40:47.431	0.00000000000118249000	2023/05/03 17:40:47.631	0.00000000000118249000	2023/05/03 17:40:47.831	0.00000000000150499000
2023/05/03 17:40:48.102	0.00000000015603000000	2023/05/03 17:40:51.903	0.00000000000018411400	2023/05/03 17:40:52.103	0.00000000000025423700	2023/05/03 17:40:52.804	0.00000000000118249000	2023/05/03 17:40:53.004	0.00000000000107499000	2023/05/03 17:40:53.204	0.00000000000128999000
2023/05/03 17:40:53.476	0.00000000015614800000	2023/05/03 17:40:57.277	0.00000000000015592800	2023/05/03 17:40:57.477	0.00000000000023993900	2023/05/03 17:40:58.178	0.00000000000107499000	2023/05/03 17:40:58.378	0.00000000000118249000	2023/05/03 17:40:58.578	0.00000000000107499000
2023/05/03 17:40:58.849	0.00000000015624500000	2023/05/03 17:41:02.650	0.00000000000016227000	2023/05/03 17:41:02.850	0.00000000000022506100	2023/05/03 17:41:03.552	0.00000000000107499000	2023/05/03 17:41:03.752	0.00000000000128999000	2023/05/03 17:41:03.952	0.00000000000118249000
2023/05/03 17:41:04.223	0.00000000015610500000	2023/05/03 17:41:08.025	0.00000000000017911600	2023/05/03 17:41:08.225	0.00000000000025482800	2023/05/03 17:41:08.926	0.00000000000107499000	2023/05/03 17:41:09.126	0.00000000000107499000	2023/05/03 17:41:09.326	0.00000000000128999000
2023/05/03 17:41:09.597	0.00000000015637400000	2023/05/03 17:41:13.398	0.00000000000016584000	2023/05/03 17:41:13.598	0.00000000000024375500	2023/05/03 17:41:14.299	0.00000000000118249000	2023/05/03 17:41:14.499	0.00000000000118249000	2023/05/03 17:41:14.699	0.00000000000118249000
2023/05/03 17:41:14.970	0.00000000015653500000	2023/05/03 17:41:18.772	0.00000000000016315200	2023/05/03 17:41:18.972	0.00000000000023446700	2023/05/03 17:41:19.673	0.00000000000128999000	2023/05/03 17:41:19.873	0.00000000000118249000	2023/05/03 17:41:20.073	0.00000000000118249000
2023/05/03 17:41:20.344	0.00000000015660000000	2023/05/03 17:41:24.145	0.00000000000017953500	2023/05/03 17:41:24.345	0.00000000000024861400	2023/05/03 17:41:25.046	0.00000000000118249000	2023/05/03 17:41:25.246	0.00000000000128999000	2023/05/03 17:41:25.446	0.00000000000139749000
2023/05/03 17:41:25.717	0.00000000014898900000	2023/05/03 17:41:29.518	0.00000000000016342100	2023/05/03 17:41:29.718	0.00000000000023977800	2023/05/03 17:41:30.419	0.00000000000118249000	2023/05/03 17:41:30.619	0.00000000000107499000	2023/05/03 17:41:30.819	0.00000000000118249000
2023/05/03 17:41:31.091	0.00000000014413000000	2023/05/03 17:41:34.892	0.00000000000016138900	2023/05/03 17:41:35.092	0.00000000000022283600	2023/05/03 17:41:35.793	0.00000000000118249000	2023/05/03 17:41:35.993	0.00000000000096749800	2023/05/03 17:41:36.193	0.00000000000107499000
2023/05/03 17:41:36.464	0.00000000014387200000	2023/05/03 17:41:40.265	0.00000000000017133300	2023/05/03 17:41:40.465	0.00000000000023844500	2023/05/03 17:41:41.166	0.00000000000107499000	2023/05/03 17:41:41.366	0.00000000000128999000	2023/05/03 17:41:41.566	0.00000000000139749000
2023/05/03 17:41:41.837	0.00000000014381800000	2023/05/03 17:41:45.638	0.00000000000016280800	2023/05/03 17:41:45.838	0.00000000000022828600	2023/05/03 17:41:46.539	0.00000000000118249000	2023/05/03 17:41:46.739	0.00000000000128999000	2023/05/03 17:41:46.939	0.00000000000096749800
2023/05/03 17:41:47.211	0.00000000014425900000	2023/05/03 17:41:51.012	0.00000000000016976300	2023/05/03 17:41:51.212	0.00000000000022753400	2023/05/03 17:41:51.913	0.00000000000139749000	2023/05/03 17:41:52.113	0.00000000000107499000	2023/05/03 17:41:52.313	0.00000000000118249000
2023/05/03 17:41:52.584	0.00000000014429100000	2023/05/03 17:41:56.385	0.00000000000018599600	2023/05/03 17:41:56.585	0.00000000000023900400	2023/05/03 17:41:57.286	0.00000000000085999800	2023/05/03 17:41:57.486	0.00000000000118249000	2023/05/03 17:41:57.686	0.00000000000128999000
2023/05/03 17:41:57.958	0.00000000014434500000	2023/05/03 17:42:01.760	0.00000000000015913200	2023/05/03 17:42:01.960	0.00000000000022276100	2023/05/03 17:42:02.661	0.00000000000075249800	2023/05/03 17:42:02.861	0.00000000000075249800	2023/05/03 17:42:03.061	0.00000000000107499000
2023/05/03 17:42:03.333	0.00000000014433400000	2023/05/03 17:42:07.135	0.00000000000016915000	2023/05/03 17:42:07.335	0.00000000000022029900	2023/05/03 17:42:08.036	0.00000000000085999800	2023/05/03 17:42:08.236	0.00000000000075249800	2023/05/03 17:42:08.436	0.00000000000085999800
2023/05/03 17:42:08.707	0.00000000014410800000	2023/05/03 17:42:12.508	0.00000000000017984700	2023/05/03 17:42:12.708	0.00000000000024865700	2023/05/03 17:42:13.409	0.00000000000107499000	2023/05/03 17:42:13.609	0.00000000000107499000	2023/05/03 17:42:13.809	0.00000000000128999000
2023/05/03 17:42:14.081	0.00000000014444200000	2023/05/03 17:42:17.882	0.00000000000016325900	2023/05/03 17:42:18.082	0.00000000000023774600	2023/05/03 17:42:18.783	0.00000000000139749000	2023/05/03 17:42:18.983	0.00000000000128999000	2023/05/03 17:42:19.183	0.00000000000150499000
2023/05/03 17:42:19.454	0.00000000014473200000	2023/05/03 17:42:23.255	0.00000000000015803500	2023/05/03 17:42:23.455	0.00000000000021032300	2023/05/03 17:42:24.156	0.00000000000150499000	2023/05/03 17:42:24.356	0.00000000000128999000	2023/05/03 17:42:24.556	0.00000000000171999000
2023/05/03 17:42:24.828	0.00000000014495800000	2023/05/03 17:42:28.630	0.00000000000017577200	2023/05/03 17:42:28.830	0.00000000000024131500	2023/05/03 17:42:29.531	0.00000000000128999000	2023/05/03 17:42:29.731	0.00000000000128999000	2023/05/03 17:42:29.931	0.00000000000150499000
2023/05/03 17:42:30.203	0.00000000014507600000	2023/05/03 17:42:34.005	0.00000000000016158300	2023/05/03 17:42:34.205	0.00000000000022906000	2023/05/03 17:42:34.906	0.00000000000139749000	2023/05/03 17:42:35.106	0.00000000000139749000	2023/05/03 17:42:35.306	0.00000000000161249000
2023/05/03 17:42:35.577	0.00000000014499000000	2023/05/03 17:42:39.378	0.00000000000015645500	2023/05/03 17:42:39.578	0.00000000000022613600	2023/05/03 17:42:40.279	0.00000000000139749000	2023/05/03 17:42:40.479	0.00000000000118249000	2023/05/03 17:42:40.679	0.00000000000139749000
2023/05/03 17:42:40.950	0.00000000014494700000	2023/05/03 17:42:44.752	0.00000000000017460100	2023/05/03 17:42:44.952	0.00000000000024273400	2023/05/03 17:42:45.653	0.00000000000118249000	2023/05/03 17:42:45.853	0.00000000000128999000	2023/05/03 17:42:46.053	0.00000000000139749000
2023/05/03 17:42:46.324	0.00000000014472100000	2023/05/03 17:42:50.125	0.00000000000016948400	2023/05/03 17:42:50.325	0.00000000000024460500	2023/05/03 17:42:51.026	0.00000000000128999000	2023/05/03 17:42:51.226	0.00000000000118249000	2023/05/03 17:42:51.426	0.00000000000139749000
2023/05/03 17:42:51.697	0.00000000014452800000	2023/05/03 17:42:55.498	0.00000000000015404700	2023/05/03 17:42:55.698	0.00000000000021842800	2023/05/03 17:42:56.399	0.00000000000107499000	2023/05/03 17:42:56.599	0.00000000000096749800	2023/05/03 17:42:56.799	0.00000000000107499000
2023/05/03 17:42:57.071	0.00000000014476400000	2023/05/03 17:43:00.872	0.00000000000017497700	2023/05/03 17:43:01.072	0.00000000000022893100	2023/05/03 17:43:01.773	0.00000000000107499000	2023/05/03 17:43:01.973	0.00000000000118249000	2023/05/03 17:43:02.173	0.00000000000118249000
2023/05/03 17:43:02.444	0.00000000014480700000	2023/05/03 17:43:06.245	0.00000000000017038700	2023/05/03 17:43:06.445	0.00000000000024212100	2023/05/03 17:43:07.146	0.00000000000096749800	2023/05/03 17:43:07.346	0.00000000000107499000	2023/05/03 17:43:07.546	0.00000000000139749000
2023/05/03 17:43:07.818	0.00000000014487200000	2023/05/03 17:43:11.620	0.00000000000015739000	2023/05/03 17:43:11.820	0.00000000000022457700	2023/05/03 17:43:12.521	0.00000000000096749800	2023/05/03 17:43:12.721	0.00000000000118249000	2023/05/03 17:43:12.921	0.00000000000118249000
2023/05/03 17:43:13.193	0.00000000014502200000	2023/05/03 17:43:16.995	0.00000000000017234300	2023/05/03 17:43:17.195	0.00000000000023043600	2023/05/03 17:43:17.896	0.00000000000118249000	2023/05/03 17:43:18.096	0.00000000000118249000	2023/05/03 17:43:18.296	0.00000000000128999000
2023/05/03 17:43:18.567	0.00000000014491500000	2023/05/03 17:43:22.368	0.00000000000016098100	2023/05/03 17:43:22.568	0.00000000000023880000	2023/05/03 17:43:23.269	0.00000000000107499000	2023/05/03 17:43:23.469	0.00000000000096749800	2023/05/03 17:43:23.669	0.00000000000107499000
2023/05/03 17:43:23.941	0.00000000014489300000	2023/05/03 17:43:27.742	0.00000000000015823900	2023/05/03 17:43:27.942	0.00000000000022292200	2023/05/03 17:43:28.643	0.00000000000128999000	2023/05/03 17:43:28.843	0.00000000000096749800	2023/05/03 17:43:29.043	0.00000000000118249000
2023/05/03 17:43:29.314	0.00000000014906400000	2023/05/03 17:43:33.115	0.00000000000017723400	2023/05/03 17:43:33.315	0.00000000000024704500	2023/05/03 17:43:34.016	0.00000000000118249000	2023/05/03 17:43:34.216	0.00000000000118249000	2023/05/03 17:43:34.416	0.00000000000118249000
2023/05/03 17:43:34.687	0.00000000015815900000	2023/05/03 17:43:38.488	0.00000000000016700000	2023/05/03 17:43:38.688	0.00000000000024154100	2023/05/03 17:43:39.389	0.00000000000107499000	2023/05/03 17:43:39.589	0.00000000000139749000	2023/05/03 17:43:39.789	0.00000000000161249000
2023/05/03 17:43:40.061	0.00000000015957800000	2023/05/03 17:43:43.862	0.00000000000015878800	2023/05/03 17:43:44.062	0.00000000000023118900	2023/05/03 17:43:44.763	0.00000000000139749000	2023/05/03 17:43:44.963	0.00000000000150499000	2023/05/03 17:43:45.163	0.00000000000161249000
2023/05/03 17:43:45.434	0.00000000015970700000	2023/05/03 17:43:49.235	0.00000000000018131900	2023/05/03 17:43:49.435	0.00000000000024630300	2023/05/03 17:43:50.137	0.00000000000161249000	2023/05/03 17:43:50.337	0.00000000000182749000	2023/05/03 17:43:50.537	0.00000000000128999000
2023/05/03 17:43:50.808	0.00000000015984600000	2023/05/03 17:43:54.610	0.00000000000016907500	2023/05/03 17:43:54.810	0.00000000000025140900	2023/05/03 17:43:55.511	0.00000000000096749800	2023/05/03 17:43:55.711	0.00000000000107499000	2023/05/03 17:43:55.911	0.00000000000128999000
2023/05/03 17:43:56.183	0.00000000015964200000	2023/05/03 17:43:59.985	0.00000000000016174400	2023/05/03 17:44:00.185	0.00000000000023008100	2023/05/03 17:44:00.886	0.00000000000139749000	2023/05/03 17:44:01.086	0.00000000000128999000	2023/05/03 17:44:01.286	0.00000000000150499000
2023/05/03 17:44:01.558	0.00000000015981400000	2023/05/03 17:44:05.360	0.00000000000018675900	2023/05/03 17:44:05.560	0.00000000000026124600	2023/05/03 17:44:06.261	0.00000000000161249000	2023/05/03 17:44:06.461	0.00000000000161249000	2023/05/03 17:44:06.661	0.00000000000150499000
2023/05/03 17:44:06.932	0.00000000015968500000	2023/05/03 17:44:10.733	0.00000000000017237500	2023/05/03 17:44:10.933	0.00000000000025132300	2023/05/03 17:44:11.635	0.00000000000118249000	2023/05/03 17:44:11.835	0.00000000000107499000	2023/05/03 17:44:12.035	0.00000000000118249000
2023/05/03 17:44:12.306	0.00000000016000800000	2023/05/03 17:44:16.107	0.00000000000015101500	2023/05/03 17:44:16.307	0.00000000000023907900	2023/05/03 17:44:17.008	0.00000000000128999000	2023/05/03 17:44:17.208	0.00000000000107499000	2023/05/03 17:44:17.408	0.00000000000128999000
2023/05/03 17:44:17.679	0.00000000015994300000	2023/05/03 17:44:21.480	0.00000000000017309600	2023/05/03 17:44:21.680	0.00000000000024650700	2023/05/03 17:44:22.381	0.00000000000139749000	2023/05/03 17:44:22.581	0.00000000000107499000	2023/05/03 17:44:22.781	0.00000000000150499000
2023/05/03 17:44:23.052	0.00000000016007200000	2023/05/03 17:44:26.853	0.00000000000017320300	2023/05/03 17:44:27.053	0.00000000000026004200	2023/05/03 17:44:27.754	0.00000000000139749000	2023/05/03 17:44:27.954	0.00000000000139749000	2023/05/03 17:44:28.154	0.00000000000118249000
2023/05/03 17:44:28.426	0.00000000016026600000	2023/05/03 17:44:32.227	0.00000000000016032500	2023/05/03 17:44:32.427	0.00000000000024341100	2023/05/03 17:44:33.128	0.00000000000150499000	2023/05/03 17:44:33.328	0.00000000000150499000	2023/05/03 17:44:33.528	0.00000000000128999000
2023/05/03 17:44:33.799	0.00000000016071700000	2023/05/03 17:44:37.600	0.00000000000017164400	2023/05/03 17:44:37.800	0.00000000000023984200	2023/05/03 17:44:38.501	0.00000000000139749000	2023/05/03 17:44:38.701	0.00000000000150499000	2023/05/03 17:44:38.901	0.00000000000171999000
2023/05/03 17:44:39.172	0.00000000016055600000	2023/05/03 17:44:42.973	0.00000000000018199700	2023/05/03 17:44:43.173	0.00000000000025627900	2023/05/03 17:44:43.874	0.00000000000139749000	2023/05/03 17:44:44.074	0.00000000000161249000	2023/05/03 17:44:44.274	0.00000000000139749000
2023/05/03 17:44:44.546	0.00000000016049100000	2023/05/03 17:44:48.347	0.00000000000016544200	2023/05/03 17:44:48.547	0.00000000000024635700	2023/05/03 17:44:49.248	0.00000000000139749000	2023/05/03 17:44:49.448	0.00000000000150499000	2023/05/03 17:44:49.648	0.00000000000161249000
2023/05/03 17:44:49.919	0.00000000016066300000	2023/05/03 17:44:53.720	0.00000000000016571000	2023/05/03 17:44:53.920	0.00000000000024170200	2023/05/03 17:44:54.621	0.00000000000161249000	2023/05/03 17:44:54.821	0.00000000000150499000	2023/05/03 17:44:55.021	0.00000000000171999000
2023/05/03 17:44:55.293	0.00000000016093200000	2023/05/03 17:44:59.095	0.00000000000018169600	2023/05/03 17:44:59.295	0.00000000000026265400	2023/05/03 17:44:59.996	0.00000000000150499000	2023/05/03 17:45:00.196	0.00000000000150499000	2023/05/03 17:45:00.396	0.00000000000150499000
2023/05/03 17:45:00.667	0.00000000016106100000	2023/05/03 17:45:04.468	0.00000000000016122800	2023/05/03 17:45:04.668	0.00000000000024882900	2023/05/03 17:45:05.369	0.00000000000150499000	2023/05/03 17:45:05.569	0.00000000000139749000	2023/05/03 17:45:05.769	0.00000000000150499000
2023/05/03 17:45:06.040	0.00000000016109300000	2023/05/03 17:45:09.842	0.00000000000016226000	2023/05/03 17:45:10.042	0.00000000000024114300	2023/05/03 17:45:10.743	0.00000000000161249000	2023/05/03 17:45:10.943	0.00000000000150499000	2023/05/03 17:45:11.143	0.00000000000161249000
2023/05/03 17:45:11.414	0.00000000016135100000	2023/05/03 17:45:15.215	0.00000000000017507400	2023/05/03 17:45:15.415	0.00000000000025393600	2023/05/03 17:45:16.116	0.00000000000128999000	2023/05/03 17:45:16.316	0.00000000000128999000	2023/05/03 17:45:16.516	0.00000000000161249000
2023/05/03 17:45:16.788	0.00000000016108300000	2023/05/03 17:45:20.590	0.00000000000016681800	2023/05/03 17:45:20.790	0.00000000000025534400	2023/05/03 17:45:21.491	0.00000000000096749800	2023/05/03 17:45:21.691	0.00000000000107499000	2023/05/03 17:45:21.891	0.00000000000118249000
2023/05/03 17:45:22.163	0.00000000016123300000	2023/05/03 17:45:25.965	0.00000000000016434500	2023/05/03 17:45:26.165	0.00000000000024474400	2023/05/03 17:45:26.866	0.00000000000150499000	2023/05/03 17:45:27.066	0.00000000000128999000	2023/05/03 17:45:27.266	0.00000000000150499000
2023/05/03 17:45:27.538	0.00000000016173800000	2023/05/03 17:45:31.340	0.00000000000018663000	2023/05/03 17:45:31.540	0.00000000000026539500	2023/05/03 17:45:32.241	0.00000000000128999000	2023/05/03 17:45:32.441	0.00000000000139749000	2023/05/03 17:45:32.641	0.00000000000171999000
2023/05/03 17:45:32.913	0.00000000016179200000	2023/05/03 17:45:36.715	0.00000000000016886000	2023/05/03 17:45:36.915	0.00000000000026066500	2023/05/03 17:45:37.616	0.00000000000139749000	2023/05/03 17:45:37.816	0.00000000000139749000	2023/05/03 17:45:38.016	0.00000000000171999000
2023/05/03 17:45:38.288	0.00000000016148000000	2023/05/03 17:45:42.090	0.00000000000016054000	2023/05/03 17:45:42.290	0.00000000000023899300	2023/05/03 17:45:42.991	0.00000000000128999000	2023/05/03 17:45:43.191	0.00000000000150499000	2023/05/03 17:45:43.391	0.00000000000150499000
2023/05/03 17:45:43.662	0.00000000016205000000	2023/05/03 17:45:47.463	0.00000000000018183500	2023/05/03 17:45:47.663	0.00000000000025552700	2023/05/03 17:45:48.364	0.00000000000139749000	2023/05/03 17:45:48.564	0.00000000000161249000	2023/05/03 17:45:48.764	0.00000000000193499000
2023/05/03 17:45:49.036	0.00000000016170600000	2023/05/03 17:45:52.837	0.00000000000017020400	2023/05/03 17:45:53.037	0.00000000000024990400	2023/05/03 17:45:53.738	0.00000000000128999000	2023/05/03 17:45:53.938	0.00000000000139749000	2023/05/03 17:45:54.138	0.00000000000139749000
2023/05/03 17:45:54.409	0.00000000014974100000	2023/05/03 17:45:58.210	0.00000000000015919600	2023/05/03 17:45:58.410	0.00000000000023622000	2023/05/03 17:45:59.111	0.00000000000171999000	2023/05/03 17:45:59.311	0.00000000000150499000	2023/05/03 17:45:59.511	0.00000000000150499000
2023/05/03 17:45:59.783	0.00000000014869900000	2023/05/03 17:46:03.384	0.00000000000000381086	2023/05/03 17:46:03.585	0.00000000000018735000	2023/05/03 17:46:03.785	0.00000000000025091500	2023/05/03 17:46:04.486	0.00000000000139749000	2023/05/03 17:46:04.686	0.00000000000161249000	2023/05/03 17:46:04.886	0.00000000000161249000
2023/05/03 17:46:05.157	0.00000000014869900000	2023/05/03 17:46:08.958	0.00000000000016441000	2023/05/03 17:46:09.158	0.00000000000023571400	2023/05/03 17:46:09.859	0.00000000000161249000	2023/05/03 17:46:10.059	0.00000000000161249000	2023/05/03 17:46:10.259	0.00000000000182749000
2023/05/03 17:46:10.531	0.00000000014923600000	2023/05/03 17:46:14.332	0.00000000000016824700	2023/05/03 17:46:14.532	0.00000000000022438400	2023/05/03 17:46:15.233	0.00000000000161249000	2023/05/03 17:46:15.433	0.00000000000161249000	2023/05/03 17:46:15.633	0.00000000000161249000
2023/05/03 17:46:15.904	0.00000000014874200000	2023/05/03 17:46:19.705	0.00000000000017445000	2023/05/03 17:46:19.905	0.00000000000024736700	2023/05/03 17:46:20.607	0.00000000000139749000	2023/05/03 17:46:20.807	0.00000000000128999000	2023/05/03 17:46:21.007	0.00000000000139749000
2023/05/03 17:46:21.278	0.00000000014893500000	2023/05/03 17:46:25.080	0.00000000000015834700	2023/05/03 17:46:25.280	0.00000000000023974600	2023/05/03 17:46:25.981	0.00000000000128999000	2023/05/03 17:46:26.181	0.00000000000107499000	2023/05/03 17:46:26.381	0.00000000000107499000
2023/05/03 17:46:26.653	0.00000000014894600000	2023/05/03 17:46:30.455	0.00000000000017554700	2023/05/03 17:46:30.655	0.00000000000024663600	2023/05/03 17:46:31.356	0.00000000000139749000	2023/05/03 17:46:31.556	0.00000000000118249000	2023/05/03 17:46:31.756	0.00000000000150499000
2023/05/03 17:46:32.028	0.00000000014876300000	2023/05/03 17:46:35.830	0.00000000000016772100	2023/05/03 17:46:36.030	0.00000000000025493500	2023/05/03 17:46:36.731	0.00000000000107499000	2023/05/03 17:46:36.931	0.00000000000128999000	2023/05/03 17:46:37.131	0.00000000000128999000
2023/05/03 17:46:37.402	0.00000000016064200000	2023/05/03 17:46:41.203	0.00000000000016948400	2023/05/03 17:46:41.403	0.00000000000024297100	2023/05/03 17:46:42.104	0.00000000000096749800	2023/05/03 17:46:42.304	0.00000000000118249000	2023/05/03 17:46:42.504	0.00000000000107499000
2023/05/03 17:46:42.776	0.00000000016289900000	2023/05/03 17:46:46.577	0.00000000000017741700	2023/05/03 17:46:46.777	0.00000000000025710700	2023/05/03 17:46:47.478	0.00000000000128999000	2023/05/03 17:46:47.678	0.00000000000128999000	2023/05/03 17:46:47.878	0.00000000000150499000
2023/05/03 17:46:48.149	0.00000000016330800000	2023/05/03 17:46:51.950	0.00000000000016069000	2023/05/03 17:46:52.150	0.00000000000025104400	2023/05/03 17:46:52.851	0.00000000000171999000	2023/05/03 17:46:53.051	0.00000000000150499000	2023/05/03 17:46:53.251	0.00000000000161249000
2023/05/03 17:46:53.522	0.00000000016375900000	2023/05/03 17:46:57.323	0.00000000000016802200	2023/05/03 17:46:57.523	0.00000000000024615300	2023/05/03 17:46:58.224	0.00000000000171999000	2023/05/03 17:46:58.424	0.00000000000150499000	2023/05/03 17:46:58.624	0.00000000000171999000
2023/05/03 17:46:58.895	0.00000000016368400000	2023/05/03 17:47:02.697	0.00000000000018879100	2023/05/03 17:47:02.897	0.00000000000026326700	2023/05/03 17:47:03.598	0.00000000000161249000	2023/05/03 17:47:03.798	0.00000000000161249000	2023/05/03 17:47:03.998	0.00000000000182749000
2023/05/03 17:47:04.269	0.00000000016405000000	2023/05/03 17:47:08.070	0.00000000000015973400	2023/05/03 17:47:08.270	0.00000000000025186100	2023/05/03 17:47:08.971	0.00000000000150499000	2023/05/03 17:47:09.171	0.00000000000161249000	2023/05/03 17:47:09.371	0.00000000000150499000
2023/05/03 17:47:09.643	0.00000000016398500000	2023/05/03 17:47:13.445	0.00000000000017829900	2023/05/03 17:47:13.645	0.00000000000024934500	2023/05/03 17:47:14.346	0.00000000000150499000	2023/05/03 17:47:14.546	0.00000000000150499000	2023/05/03 17:47:14.746	0.00000000000171999000
2023/05/03 17:47:15.017	0.00000000016399600000	2023/05/03 17:47:18.818	0.00000000000017982500	2023/05/03 17:47:19.018	0.00000000000025838600	2023/05/03 17:47:19.719	0.00000000000128999000	2023/05/03 17:47:19.919	0.00000000000139749000	2023/05/03 17:47:20.119	0.00000000000193499000
2023/05/03 17:47:20.391	0.00000000016420000000	2023/05/03 17:47:24.192	0.00000000000016275400	2023/05/03 17:47:24.392	0.00000000000023775700	2023/05/03 17:47:25.094	0.00000000000161249000	2023/05/03 17:47:25.294	0.00000000000161249000	2023/05/03 17:47:25.494	0.00000000000150499000
2023/05/03 17:47:25.766	0.00000000016435100000	2023/05/03 17:47:29.567	0.00000000000017398800	2023/05/03 17:47:29.767	0.00000000000024727100	2023/05/03 17:47:30.468	0.00000000000139749000	2023/05/03 17:47:30.668	0.00000000000150499000	2023/05/03 17:47:30.868	0.00000000000182749000
2023/05/03 17:47:31.139	0.00000000016444700000	2023/05/03 17:47:34.940	0.00000000000018020100	2023/05/03 17:47:35.140	0.00000000000027065200	2023/05/03 17:47:35.841	0.00000000000150499000	2023/05/03 17:47:36.041	0.00000000000161249000	2023/05/03 17:47:36.241	0.00000000000161249000
2023/05/03 17:47:36.513	0.00000000016430800000	2023/05/03 17:47:40.315	0.00000000000016292600	2023/05/03 17:47:40.515	0.00000000000025043100	2023/05/03 17:47:41.216	0.00000000000150499000	2023/05/03 17:47:41.416	0.00000000000128999000	2023/05/03 17:47:41.616	0.00000000000171999000
2023/05/03 17:47:41.888	0.00000000016480200000	2023/05/03 17:47:45.690	0.00000000000018010500	2023/05/03 17:47:45.890	0.00000000000025646200	2023/05/03 17:47:46.591	0.00000000000128999000	2023/05/03 17:47:46.791	0.00000000000128999000	2023/05/03 17:47:46.991	0.00000000000150499000
2023/05/03 17:47:47.262	0.00000000016407100000	2023/05/03 17:47:51.063	0.00000000000017133300	2023/05/03 17:47:51.263	0.00000000000025948300	2023/05/03 17:47:51.965	0.00000000000107499000	2023/05/03 17:47:52.165	0.00000000000128999000	2023/05/03 17:47:52.365	0.00000000000150499000
2023/05/03 17:47:52.636	0.00000000016465200000	2023/05/03 17:47:56.437	0.00000000000017453600	2023/05/03 17:47:56.637	0.00000000000024273400	2023/05/03 17:47:57.338	0.00000000000150499000	2023/05/03 17:47:57.538	0.00000000000150499000	2023/05/03 17:47:57.738	0.00000000000161249000
2023/05/03 17:47:58.009	0.00000000016481300000	2023/05/03 17:48:01.810	0.00000000000018636100	2023/05/03 17:48:02.010	0.00000000000026496500	2023/05/03 17:48:02.711	0.00000000000128999000	2023/05/03 17:48:02.911	0.00000000000128999000	2023/05/03 17:48:03.111	0.00000000000150499000
2023/05/03 17:48:03.383	0.00000000016483400000	2023/05/03 17:48:07.185	0.00000000000016580700	2023/05/03 17:48:07.385	0.00000000000025180700	2023/05/03 17:48:08.086	0.00000000000150499000	2023/05/03 17:48:08.286	0.00000000000118249000	2023/05/03 17:48:08.486	0.00000000000118249000
2023/05/03 17:48:08.758	0.00000000016486700000	2023/05/03 17:48:12.560	0.00000000000018158800	2023/05/03 17:48:12.760	0.00000000000027849900	2023/05/03 17:48:13.461	0.00000000000128999000	2023/05/03 17:48:13.661	0.00000000000128999000	2023/05/03 17:48:13.861	0.00000000000139749000
2023/05/03 17:48:14.133	0.00000000016443700000	2023/05/03 17:48:17.935	0.00000000000017025800	2023/05/03 17:48:18.135	0.00000000000026572800	2023/05/03 17:48:18.836	0.00000000000085999800	2023/05/03 17:48:19.036	0.00000000000075249800	2023/05/03 17:48:19.236	0.00000000000085999800
2023/05/03 17:48:19.508	0.00000000016512500000	2023/05/03 17:48:23.310	0.00000000000016977400	2023/05/03 17:48:23.510	0.00000000000025207600	2023/05/03 17:48:24.211	0.00000000000118249000	2023/05/03 17:48:24.411	0.00000000000096749800	2023/05/03 17:48:24.611	0.00000000000118249000
2023/05/03 17:48:24.883	0.00000000016525400000	2023/05/03 17:48:28.685	0.00000000000018501700	2023/05/03 17:48:28.885	0.00000000000026394400	2023/05/03 17:48:29.586	0.00000000000107499000	2023/05/03 17:48:29.786	0.00000000000128999000	2023/05/03 17:48:29.986	0.00000000000128999000
2023/05/03 17:48:30.257	0.00000000016549000000	2023/05/03 17:48:34.058	0.00000000000016161500	2023/05/03 17:48:34.258	0.00000000000025244100	2023/05/03 17:48:34.959	0.00000000000096749800	2023/05/03 17:48:35.159	0.00000000000096749800	2023/05/03 17:48:35.359	0.00000000000107499000
2023/05/03 17:48:35.630	0.00000000016566200000	2023/05/03 17:48:39.432	0.00000000000017502000	2023/05/03 17:48:39.632	0.00000000000025584900	2023/05/03 17:48:40.333	0.00000000000096749800	2023/05/03 17:48:40.533	0.00000000000118249000	2023/05/03 17:48:40.733	0.00000000000128999000
2023/05/03 17:48:41.004	0.00000000016570500000	2023/05/03 17:48:44.805	0.00000000000018162000	2023/05/03 17:48:45.005	0.00000000000027628500	2023/05/03 17:48:45.706	0.00000000000096749800	2023/05/03 17:48:45.906	0.00000000000128999000	2023/05/03 17:48:46.106	0.00000000000128999000
2023/05/03 17:48:46.378	0.00000000016595200000	2023/05/03 17:48:50.180	0.00000000000016712900	2023/05/03 17:48:50.380	0.00000000000025362400	2023/05/03 17:48:51.081	0.00000000000118249000	2023/05/03 17:48:51.281	0.00000000000096749800	2023/05/03 17:48:51.481	0.00000000000139749000
2023/05/03 17:48:51.753	0.00000000015754600000	2023/05/03 17:48:55.555	0.00000000000018443700	2023/05/03 17:48:55.755	0.00000000000024879700	2023/05/03 17:48:56.456	0.00000000000107499000	2023/05/03 17:48:56.656	0.00000000000107499000	2023/05/03 17:48:56.856	0.00000000000128999000
2023/05/03 17:48:57.128	0.00000000015263300000	2023/05/03 17:49:00.930	0.00000000000018239400	2023/05/03 17:49:01.130	0.00000000000026076200	2023/05/03 17:49:01.831	0.00000000000096749800	2023/05/03 17:49:02.031	0.00000000000085999800	2023/05/03 17:49:02.231	0.00000000000118249000
2023/05/03 17:49:02.502	0.00000000015261200000	2023/05/03 17:49:06.303	0.00000000000015674500	2023/05/03 17:49:06.503	0.00000000000023252200	2023/05/03 17:49:07.204	0.00000000000150499000	2023/05/03 17:49:07.404	0.00000000000128999000	2023/05/03 17:49:07.604	0.00000000000171999000
