F1((1=on,0=off))	0
F2((1=on,0=off))	1
cage(V)	3.0
delta-m(%)	+0
electron-energy(V)	70.0
emission(uA)	1000.000
focus(V)	-90
mass(amu)	12.00
mode-change-delay()	
multiplier(V)	1200
resolution(%)	+0
Data()	
mass 2.0_time	mass 2.0_value	mass 12.0_time	mass 12.0_value	mass 15.0_time	mass 15.0_value	mass 18.0_time	mass 18.0_value	mass 28.0_time	mass 28.0_value	mass 32.0_time	mass 32.0_value	mass 44.0_time	mass 44.0_value
2023/03/10 17:57:58.391	0.00000000089074300000	2023/03/10 17:57:59.592	0.00000000000021499900	2023/03/10 17:58:00.192	0.00000000000010749900	2023/03/10 17:58:00.792	0.00000000000085999800	2023/03/10 17:58:01.393	0.00000000000000000000	2023/03/10 17:58:01.994	0.00000000000042999900
2023/03/10 17:58:02.665	0.00000000087610200000	2023/03/10 17:58:03.266	0.00000000000003224990	2023/03/10 17:58:03.866	0.00000000000020424900	2023/03/10 17:58:04.467	0.00000000000008599980	2023/03/10 17:58:05.067	0.00000000000084924800	2023/03/10 17:58:06.268	0.00000000000042999900
2023/03/10 17:58:06.939	0.00000000087226400000	2023/03/10 17:58:10.540	0.00000000000002579990	2023/03/10 17:58:11.141	0.00000000000023864900	2023/03/10 17:58:11.741	0.00000000000012577400	2023/03/10 17:58:12.341	0.00000000000079119800	2023/03/10 17:58:12.942	0.00000000000000000000	2023/03/10 17:58:14.043	0.00000000000021499900
2023/03/10 17:58:14.514	0.00000000086758800000	2023/03/10 17:58:18.115	0.00000000000001601740	2023/03/10 17:58:18.716	0.00000000000023735900	2023/03/10 17:58:19.316	0.00000000000013491200	2023/03/10 17:58:19.917	0.00000000000083032800	2023/03/10 17:58:21.618	0.00000000000032249900
2023/03/10 17:58:22.289	0.00000000088535700000	2023/03/10 17:58:25.890	0.00000000000002573540	2023/03/10 17:58:26.491	0.00000000000025619300	2023/03/10 17:58:27.091	0.00000000000014841400	2023/03/10 17:58:27.691	0.00000000000090747000	2023/03/10 17:58:29.393	0.00000000000010749900
2023/03/10 17:58:30.064	0.00000000090919000000	2023/03/10 17:58:33.665	0.00000000000003097930	2023/03/10 17:58:34.266	0.00000000000027701600	2023/03/10 17:58:34.866	0.00000000000015649800	2023/03/10 17:58:35.466	0.00000000000097392700	2023/03/10 17:58:36.067	0.00000000000001105090	2023/03/10 17:58:37.168	0.00000000000021499900
2023/03/10 17:58:37.839	0.00000000092655100000	2023/03/10 17:58:41.440	0.00000000000002400140	2023/03/10 17:58:42.041	0.00000000000027302800	2023/03/10 17:58:42.641	0.00000000000016051800	2023/03/10 17:58:43.242	0.00000000000102688000
2023/03/10 17:58:45.614	0.00000000093747300000	2023/03/10 17:58:49.215	0.00000000000003117380	2023/03/10 17:58:49.816	0.00000000000028417500	2023/03/10 17:58:50.416	0.00000000000016480800	2023/03/10 17:58:51.016	0.00000000000106611000	2023/03/10 17:58:51.617	0.00000000000000334109	2023/03/10 17:58:52.718	0.00000000000021499900
2023/03/10 17:58:53.389	0.00000000094575100000	2023/03/10 17:58:56.990	0.00000000000001966810	2023/03/10 17:58:57.591	0.00000000000028915300	2023/03/10 17:58:58.191	0.00000000000018228700	2023/03/10 17:58:58.791	0.00000000000110853000	2023/03/10 17:59:00.493	0.00000000000010749900
2023/03/10 17:59:01.164	0.00000000095104000000	2023/03/10 17:59:05.165	0.00000000000001783090	2023/03/10 17:59:05.766	0.00000000000029854800	2023/03/10 17:59:06.366	0.00000000000018015800	2023/03/10 17:59:06.967	0.00000000000112455000	2023/03/10 17:59:07.567	0.00000000000000653599	2023/03/10 17:59:08.668	0.00000000000010749900
2023/03/10 17:59:09.139	0.00000000095626400000	2023/03/10 17:59:12.740	0.00000000000001738480	2023/03/10 17:59:13.341	0.00000000000029244200	2023/03/10 17:59:13.941	0.00000000000018162000	2023/03/10 17:59:14.542	0.00000000000114745000	2023/03/10 17:59:15.142	0.00000000000001180990	2023/03/10 17:59:16.243	0.00000000000021499900
2023/03/10 17:59:16.914	0.00000000095983300000	2023/03/10 17:59:20.515	0.00000000000002649540	2023/03/10 17:59:21.116	0.00000000000029590400	2023/03/10 17:59:21.716	0.00000000000017595500	2023/03/10 17:59:22.317	0.00000000000116261000	2023/03/10 17:59:22.917	0.00000000000001177330	2023/03/10 17:59:24.018	0.00000000000042999900
2023/03/10 17:59:24.689	0.00000000096151000000	2023/03/10 17:59:28.290	0.00000000000003735610	2023/03/10 17:59:28.891	0.00000000000029708600	2023/03/10 17:59:29.491	0.00000000000019467100	2023/03/10 17:59:30.092	0.00000000000117551000	2023/03/10 17:59:30.692	0.00000000000001319770	2023/03/10 17:59:31.793	0.00000000000032249900
2023/03/10 17:59:32.264	0.00000000096298300000	2023/03/10 17:59:35.865	0.00000000000002532580	2023/03/10 17:59:36.466	0.00000000000029777400	2023/03/10 17:59:37.066	0.00000000000018405000	2023/03/10 17:59:37.667	0.00000000000118045000	2023/03/10 17:59:38.267	0.00000000000000523416	2023/03/10 17:59:39.368	0.00000000000032249900
2023/03/10 17:59:40.039	0.00000000096483200000	2023/03/10 17:59:43.640	0.00000000000003520080	2023/03/10 17:59:44.241	0.00000000000030651400	2023/03/10 17:59:44.841	0.00000000000018542600	2023/03/10 17:59:45.442	0.00000000000122281000	2023/03/10 17:59:47.143	0.00000000000000000000
2023/03/10 17:59:47.814	0.00000000096582100000	2023/03/10 17:59:51.415	0.00000000000003064170	2023/03/10 17:59:52.016	0.00000000000029393600	2023/03/10 17:59:52.616	0.00000000000018409300	2023/03/10 17:59:53.217	0.00000000000122098000	2023/03/10 17:59:54.918	0.00000000000042999900
2023/03/10 17:59:55.589	0.00000000096707900000	2023/03/10 17:59:59.190	0.00000000000002564300	2023/03/10 17:59:59.791	0.00000000000031171700	2023/03/10 18:00:00.391	0.00000000000018469500	2023/03/10 18:00:00.992	0.00000000000123990000	2023/03/10 18:00:01.592	0.00000000000000331529	2023/03/10 18:00:02.693	0.00000000000021499900
2023/03/10 18:00:03.164	0.00000000097514100000	2023/03/10 18:00:06.765	0.00000000000003502020	2023/03/10 18:00:07.366	0.00000000000030887900	2023/03/10 18:00:07.966	0.00000000000018628600	2023/03/10 18:00:08.567	0.00000000000126441000	2023/03/10 18:00:10.268	0.00000000000000000000
2023/03/10 18:00:10.939	0.00000000097813000000	2023/03/10 18:00:14.940	0.00000000000002997200	2023/03/10 18:00:15.541	0.00000000000030332100	2023/03/10 18:00:16.141	0.00000000000018100800	2023/03/10 18:00:16.742	0.00000000000125860000	2023/03/10 18:00:17.342	0.00000000000001330840	2023/03/10 18:00:18.443	0.00000000000032249900
2023/03/10 18:00:19.114	0.00000000097944100000	2023/03/10 18:00:22.715	0.00000000000002292210	2023/03/10 18:00:23.316	0.00000000000031362000	2023/03/10 18:00:23.916	0.00000000000018882300	2023/03/10 18:00:24.517	0.00000000000128086000	2023/03/10 18:00:25.117	0.00000000000000224674	2023/03/10 18:00:26.218	0.00000000000021499900
2023/03/10 18:00:26.689	0.00000000098364400000	2023/03/10 18:00:30.290	0.00000000000001127990	2023/03/10 18:00:30.891	0.00000000000030851300	2023/03/10 18:00:31.491	0.00000000000019770200	2023/03/10 18:00:32.092	0.00000000000129784000	2023/03/10 18:00:32.692	0.00000000000001685590	2023/03/10 18:00:33.793	0.00000000000032249900
2023/03/10 18:00:34.464	0.00000000098518200000	2023/03/10 18:00:38.065	0.00000000000001830390	2023/03/10 18:00:38.666	0.00000000000030120300	2023/03/10 18:00:39.266	0.00000000000019869100	2023/03/10 18:00:39.867	0.00000000000128999000	2023/03/10 18:00:40.467	0.00000000000001412220	2023/03/10 18:00:41.568	0.00000000000000000000
2023/03/10 18:00:42.239	0.00000000098550400000	2023/03/10 18:00:45.840	0.00000000000001997340	2023/03/10 18:00:46.441	0.00000000000030750300	2023/03/10 18:00:47.041	0.00000000000018632900	2023/03/10 18:00:47.642	0.00000000000131332000	2023/03/10 18:00:48.242	0.00000000000000229189	2023/03/10 18:00:49.343	0.00000000000032249900
2023/03/10 18:00:50.014	0.00000000098555800000	2023/03/10 18:00:53.615	0.00000000000002824340	2023/03/10 18:00:54.216	0.00000000000029965500	2023/03/10 18:00:54.816	0.00000000000021590200	2023/03/10 18:00:55.417	0.00000000000131504000	2023/03/10 18:00:56.017	0.00000000000000827103	2023/03/10 18:00:57.118	0.00000000000010749900
2023/03/10 18:00:57.789	0.00000000098150500000	2023/03/10 18:01:01.390	0.00000000000001880920	2023/03/10 18:01:01.991	0.00000000000031130800	2023/03/10 18:01:02.591	0.00000000000020047600	2023/03/10 18:01:03.192	0.00000000000132719000	2023/03/10 18:01:03.792	0.00000000000002754360	2023/03/10 18:01:04.893	0.00000000000000000000
2023/03/10 18:01:05.564	0.00000000098077400000	2023/03/10 18:01:09.165	0.00000000000003304970	2023/03/10 18:01:09.766	0.00000000000031054500	2023/03/10 18:01:10.366	0.00000000000019585300	2023/03/10 18:01:10.967	0.00000000000133536000	2023/03/10 18:01:12.668	0.00000000000021499900
2023/03/10 18:01:13.339	0.00000000098250500000	2023/03/10 18:01:16.940	0.00000000000003718630	2023/03/10 18:01:17.541	0.00000000000031556500	2023/03/10 18:01:18.141	0.00000000000019612200	2023/03/10 18:01:18.742	0.00000000000134321000	2023/03/10 18:01:20.443	0.00000000000032249900
2023/03/10 18:01:21.114	0.00000000098255900000	2023/03/10 18:01:24.715	0.00000000000002528500	2023/03/10 18:01:25.316	0.00000000000030693300	2023/03/10 18:01:25.916	0.00000000000018295300	2023/03/10 18:01:26.517	0.00000000000135202000	2023/03/10 18:01:27.117	0.00000000000000322714	2023/03/10 18:01:28.218	0.00000000000010749900
2023/03/10 18:01:28.889	0.00000000098364400000	2023/03/10 18:01:32.490	0.00000000000003771090	2023/03/10 18:01:33.091	0.00000000000030902900	2023/03/10 18:01:33.691	0.00000000000019738000	2023/03/10 18:01:34.292	0.00000000000137169000	2023/03/10 18:01:35.993	0.00000000000032249900
2023/03/10 18:01:36.664	0.00000000098406400000	2023/03/10 18:01:40.265	0.00000000000002965590	2023/03/10 18:01:40.866	0.00000000000031947800	2023/03/10 18:01:41.466	0.00000000000019572400	2023/03/10 18:01:42.067	0.00000000000136428000	2023/03/10 18:01:42.667	0.00000000000000411939	2023/03/10 18:01:43.768	0.00000000000042999900
2023/03/10 18:01:44.439	0.00000000098334300000	2023/03/10 18:01:48.040	0.00000000000002164500	2023/03/10 18:01:48.641	0.00000000000032541200	2023/03/10 18:01:49.241	0.00000000000020304500	2023/03/10 18:01:49.841	0.00000000000137245000	2023/03/10 18:01:50.442	0.00000000000000309814	2023/03/10 18:01:51.543	0.00000000000010749900
2023/03/10 18:01:52.214	0.00000000098243000000	2023/03/10 18:01:56.215	0.00000000000003047290	2023/03/10 18:01:56.816	0.00000000000030752400	2023/03/10 18:01:57.416	0.00000000000019571400	2023/03/10 18:01:58.017	0.00000000000138287000	2023/03/10 18:01:58.617	0.00000000000001262370	2023/03/10 18:01:59.718	0.00000000000000000000
2023/03/10 18:02:00.189	0.00000000098206400000	2023/03/10 18:02:03.790	0.00000000000002994400	2023/03/10 18:02:04.391	0.00000000000031309300	2023/03/10 18:02:04.991	0.00000000000020290500	2023/03/10 18:02:05.592	0.00000000000139696000	2023/03/10 18:02:06.192	0.00000000000000301322	2023/03/10 18:02:07.293	0.00000000000053749900
2023/03/10 18:02:07.964	0.00000000098273100000	2023/03/10 18:02:11.565	0.00000000000003193170	2023/03/10 18:02:12.166	0.00000000000032013400	2023/03/10 18:02:12.766	0.00000000000020120700	2023/03/10 18:02:13.367	0.00000000000140556000	2023/03/10 18:02:13.967	0.00000000000000646719	2023/03/10 18:02:15.068	0.00000000000010749900
2023/03/10 18:02:15.739	0.00000000098259100000	2023/03/10 18:02:19.340	0.00000000000002696200	2023/03/10 18:02:19.941	0.00000000000030352500	2023/03/10 18:02:20.541	0.00000000000020448600	2023/03/10 18:02:21.142	0.00000000000142577000	2023/03/10 18:02:21.742	0.00000000000000609524	2023/03/10 18:02:22.843	0.00000000000021499900
2023/03/10 18:02:23.514	0.00000000098035500000	2023/03/10 18:02:27.115	0.00000000000003194460	2023/03/10 18:02:27.716	0.00000000000031601700	2023/03/10 18:02:28.316	0.00000000000021030100	2023/03/10 18:02:28.917	0.00000000000141287000	2023/03/10 18:02:29.517	0.00000000000000012362	2023/03/10 18:02:30.618	0.00000000000010749900
2023/03/10 18:02:31.289	0.00000000098108600000	2023/03/10 18:02:34.890	0.00000000000003416120	2023/03/10 18:02:35.491	0.00000000000031795200	2023/03/10 18:02:36.091	0.00000000000020428100	2023/03/10 18:02:36.692	0.00000000000144264000	2023/03/10 18:02:38.393	0.00000000000021499900
2023/03/10 18:02:38.864	0.00000000098037700000	2023/03/10 18:02:42.465	0.00000000000002642880	2023/03/10 18:02:43.066	0.00000000000031945700	2023/03/10 18:02:43.666	0.00000000000020834500	2023/03/10 18:02:44.267	0.00000000000144748000	2023/03/10 18:02:44.867	0.00000000000000301752	2023/03/10 18:02:45.968	0.00000000000042999900
2023/03/10 18:02:46.639	0.00000000098068800000	2023/03/10 18:02:50.240	0.00000000000002955490	2023/03/10 18:02:50.841	0.00000000000031574800	2023/03/10 18:02:51.441	0.00000000000020915100	2023/03/10 18:02:52.042	0.00000000000145200000	2023/03/10 18:02:52.642	0.00000000000000697888	2023/03/10 18:02:53.743	0.00000000000053749900
2023/03/10 18:02:54.414	0.00000000098092500000	2023/03/10 18:02:58.415	0.00000000000002530330	2023/03/10 18:02:59.016	0.00000000000033083000	2023/03/10 18:02:59.616	0.00000000000020420600	2023/03/10 18:03:00.217	0.00000000000147500000	2023/03/10 18:03:01.918	0.00000000000053749900
2023/03/10 18:03:02.389	0.00000000097998900000	2023/03/10 18:03:05.990	0.00000000000003561360	2023/03/10 18:03:06.591	0.00000000000032098300	2023/03/10 18:03:07.191	0.00000000000021209700	2023/03/10 18:03:07.792	0.00000000000147919000	2023/03/10 18:03:09.493	0.00000000000042999900
2023/03/10 18:03:10.164	0.00000000098022600000	2023/03/10 18:03:13.765	0.00000000000003221010	2023/03/10 18:03:14.366	0.00000000000033434500	2023/03/10 18:03:14.966	0.00000000000020627000	2023/03/10 18:03:15.567	0.00000000000148876000	2023/03/10 18:03:16.167	0.00000000000000730783	2023/03/10 18:03:17.268	0.00000000000010749900
2023/03/10 18:03:17.739	0.00000000098026900000	2023/03/10 18:03:21.340	0.00000000000004243660	2023/03/10 18:03:21.941	0.00000000000032722900	2023/03/10 18:03:22.541	0.00000000000020059400	2023/03/10 18:03:23.142	0.00000000000149661000	2023/03/10 18:03:23.742	0.00000000000000189307	2023/03/10 18:03:24.843	0.00000000000021499900
2023/03/10 18:03:25.514	0.00000000098067700000	2023/03/10 18:03:29.115	0.00000000000002978280	2023/03/10 18:03:29.716	0.00000000000032119800	2023/03/10 18:03:30.316	0.00000000000020889300	2023/03/10 18:03:30.917	0.00000000000151284000	2023/03/10 18:03:31.517	0.00000000000000146414	2023/03/10 18:03:32.618	0.00000000000032249900
2023/03/10 18:03:33.289	0.00000000098064500000	2023/03/10 18:03:36.890	0.00000000000003352380	2023/03/10 18:03:37.491	0.00000000000032103700	2023/03/10 18:03:38.091	0.00000000000020819400	2023/03/10 18:03:38.692	0.00000000000151488000	2023/03/10 18:03:40.393	0.00000000000021499900
2023/03/10 18:03:41.064	0.00000000098074200000	2023/03/10 18:03:44.665	0.00000000000002748120	2023/03/10 18:03:45.266	0.00000000000032636900	2023/03/10 18:03:45.866	0.00000000000021298900	2023/03/10 18:03:46.467	0.00000000000153165000	2023/03/10 18:03:48.168	0.00000000000053749900
2023/03/10 18:03:48.639	0.00000000098095700000	2023/03/10 18:03:52.240	0.00000000000003664130	2023/03/10 18:03:52.841	0.00000000000032462800	2023/03/10 18:03:53.441	0.00000000000021243000	2023/03/10 18:03:54.042	0.00000000000153499000	2023/03/10 18:03:54.642	0.00000000000000401726	2023/03/10 18:03:55.743	0.00000000000021499900
2023/03/10 18:03:56.414	0.00000000098123600000	2023/03/10 18:04:00.015	0.00000000000003190050	2023/03/10 18:04:00.616	0.00000000000033318400	2023/03/10 18:04:01.216	0.00000000000020925900	2023/03/10 18:04:01.817	0.00000000000153746000	2023/03/10 18:04:02.417	0.00000000000000203389	2023/03/10 18:04:03.518	0.00000000000021499900
2023/03/10 18:04:04.189	0.00000000098104300000	2023/03/10 18:04:07.790	0.00000000000002887120	2023/03/10 18:04:08.391	0.00000000000032693900	2023/03/10 18:04:08.991	0.00000000000021434300	2023/03/10 18:04:09.592	0.00000000000155165000	2023/03/10 18:04:10.192	0.00000000000000058265	2023/03/10 18:04:11.293	0.00000000000032249900
2023/03/10 18:04:11.964	0.00000000098140800000	2023/03/10 18:04:15.565	0.00000000000003084170	2023/03/10 18:04:16.166	0.00000000000032031700	2023/03/10 18:04:16.766	0.00000000000021803100	2023/03/10 18:04:17.367	0.00000000000155294000	2023/03/10 18:04:17.967	0.00000000000000049880	2023/03/10 18:04:19.068	0.00000000000010749900
2023/03/10 18:04:19.739	0.00000000098195700000	2023/03/10 18:04:23.340	0.00000000000003865150	2023/03/10 18:04:23.941	0.00000000000032224100	2023/03/10 18:04:24.541	0.00000000000021828900	2023/03/10 18:04:25.141	0.00000000000156767000	2023/03/10 18:04:26.843	0.00000000000021499900
2023/03/10 18:04:27.514	0.00000000098170900000	2023/03/10 18:04:31.115	0.00000000000003389140	2023/03/10 18:04:31.716	0.00000000000032229500	2023/03/10 18:04:32.316	0.00000000000021320400	2023/03/10 18:04:32.917	0.00000000000157207000	2023/03/10 18:04:33.517	0.00000000000000119217	2023/03/10 18:04:34.618	0.00000000000032249900
2023/03/10 18:04:35.289	0.00000000098149500000	2023/03/10 18:04:38.890	0.00000000000003775930	2023/03/10 18:04:39.291	0.00000000000032165000	2023/03/10 18:04:39.891	0.00000000000021942800	2023/03/10 18:04:40.492	0.00000000000157304000	2023/03/10 18:04:41.092	0.00000000000000253807	2023/03/10 18:04:42.193	0.00000000000032249900
2023/03/10 18:04:42.864	0.00000000098201100000	2023/03/10 18:04:46.465	0.00000000000003386240	2023/03/10 18:04:47.066	0.00000000000032568100	2023/03/10 18:04:47.666	0.00000000000022269600	2023/03/10 18:04:48.267	0.00000000000158153000	2023/03/10 18:04:48.867	0.00000000000000504496	2023/03/10 18:04:49.968	0.00000000000010749900
2023/03/10 18:04:50.639	0.00000000098098900000	2023/03/10 18:04:54.240	0.00000000000003457080	2023/03/10 18:04:54.841	0.00000000000032380000	2023/03/10 18:04:55.441	0.00000000000021582700	2023/03/10 18:04:56.042	0.00000000000159261000	2023/03/10 18:04:56.642	0.00000000000001014580	2023/03/10 18:04:57.743	0.00000000000000000000
2023/03/10 18:04:58.414	0.00000000098167700000	2023/03/10 18:05:02.015	0.00000000000002945170	2023/03/10 18:05:02.616	0.00000000000031448000	2023/03/10 18:05:03.216	0.00000000000021453700	2023/03/10 18:05:03.817	0.00000000000160260000	2023/03/10 18:05:04.417	0.00000000000001834480	2023/03/10 18:05:05.518	0.00000000000032249900
2023/03/10 18:05:06.189	0.00000000098290300000	2023/03/10 18:05:09.790	0.00000000000002445290	2023/03/10 18:05:10.391	0.00000000000033291600	2023/03/10 18:05:10.991	0.00000000000022490000	2023/03/10 18:05:11.592	0.00000000000160121000	2023/03/10 18:05:12.192	0.00000000000000939763	2023/03/10 18:05:13.293	0.00000000000021499900
2023/03/10 18:05:13.964	0.00000000098300000000	2023/03/10 18:05:17.565	0.00000000000003693370	2023/03/10 18:05:18.166	0.00000000000032822900	2023/03/10 18:05:18.766	0.00000000000021338700	2023/03/10 18:05:19.366	0.00000000000161024000	2023/03/10 18:05:19.967	0.00000000000000113089	2023/03/10 18:05:21.068	0.00000000000010749900
2023/03/10 18:05:21.739	0.00000000098301000000	2023/03/10 18:05:25.340	0.00000000000003409460	2023/03/10 18:05:25.941	0.00000000000032774500	2023/03/10 18:05:26.541	0.00000000000022422300	2023/03/10 18:05:27.142	0.00000000000161196000	2023/03/10 18:05:27.742	0.00000000000001128210	2023/03/10 18:05:28.843	0.00000000000021499900
2023/03/10 18:05:29.514	0.00000000098227900000	2023/03/10 18:05:33.115	0.00000000000002919150	2023/03/10 18:05:33.716	0.00000000000032100500	2023/03/10 18:05:34.316	0.00000000000022153500	2023/03/10 18:05:34.916	0.00000000000162453000	2023/03/10 18:05:35.517	0.00000000000000584799	2023/03/10 18:05:36.618	0.00000000000010749900
2023/03/10 18:05:37.289	0.00000000098213900000	2023/03/10 18:05:40.890	0.00000000000003667570	2023/03/10 18:05:41.491	0.00000000000032115500	2023/03/10 18:05:42.091	0.00000000000022071800	2023/03/10 18:05:42.692	0.00000000000163657000	2023/03/10 18:05:43.292	0.00000000000000003440	2023/03/10 18:05:44.393	0.00000000000021499900
2023/03/10 18:05:45.064	0.00000000098278400000	2023/03/10 18:05:48.665	0.00000000000004323320	2023/03/10 18:05:49.266	0.00000000000033874200	2023/03/10 18:05:49.866	0.00000000000020670000	2023/03/10 18:05:50.467	0.00000000000163915000	2023/03/10 18:05:51.067	0.00000000000000113197	2023/03/10 18:05:52.168	0.00000000000000000000
2023/03/10 18:05:52.839	0.00000000098310700000	2023/03/10 18:05:56.440	0.00000000000004197970	2023/03/10 18:05:57.041	0.00000000000032858400	2023/03/10 18:05:57.641	0.00000000000022110500	2023/03/10 18:05:58.242	0.00000000000164055000	2023/03/10 18:05:59.943	0.00000000000021499900
2023/03/10 18:06:00.614	0.00000000098298900000	2023/03/10 18:06:04.215	0.00000000000003113190	2023/03/10 18:06:04.816	0.00000000000032233800	2023/03/10 18:06:05.416	0.00000000000021216100	2023/03/10 18:06:06.017	0.00000000000165151000	2023/03/10 18:06:06.617	0.00000000000000747983	2023/03/10 18:06:07.718	0.00000000000032249900
2023/03/10 18:06:08.389	0.00000000098258000000	2023/03/10 18:06:11.990	0.00000000000003803340	2023/03/10 18:06:12.591	0.00000000000033123900	2023/03/10 18:06:13.191	0.00000000000022493200	2023/03/10 18:06:13.792	0.00000000000165904000	2023/03/10 18:06:15.493	0.00000000000042999900
2023/03/10 18:06:16.164	0.00000000098203200000	2023/03/10 18:06:19.765	0.00000000000004022850	2023/03/10 18:06:20.366	0.00000000000032862600	2023/03/10 18:06:20.966	0.00000000000021360200	2023/03/10 18:06:21.567	0.00000000000166366000	2023/03/10 18:06:23.268	0.00000000000032249900
2023/03/10 18:06:23.939	0.00000000098020500000	2023/03/10 18:06:27.540	0.00000000000003838380	2023/03/10 18:06:28.141	0.00000000000032120900	2023/03/10 18:06:28.741	0.00000000000022783500	2023/03/10 18:06:29.342	0.00000000000165377000	2023/03/10 18:06:31.043	0.00000000000032249900
2023/03/10 18:06:31.714	0.00000000097092700000	2023/03/10 18:06:35.315	0.00000000000003192420	2023/03/10 18:06:35.916	0.00000000000032100500	2023/03/10 18:06:36.516	0.00000000000022907100	2023/03/10 18:06:37.116	0.00000000000165216000	2023/03/10 18:06:37.717	0.00000000000000623284	2023/03/10 18:06:38.818	0.00000000000021499900
2023/03/10 18:06:39.489	0.00000000096928300000	2023/03/10 18:06:43.090	0.00000000000003534700	2023/03/10 18:06:43.691	0.00000000000031675900	2023/03/10 18:06:44.291	0.00000000000021941700	2023/03/10 18:06:44.892	0.00000000000164786000	2023/03/10 18:06:46.593	0.00000000000032249900
2023/03/10 18:06:47.064	0.00000000096828300000	2023/03/10 18:06:50.665	0.00000000000003457400	2023/03/10 18:06:51.266	0.00000000000032101600	2023/03/10 18:06:51.866	0.00000000000021807400	2023/03/10 18:06:52.467	0.00000000000165087000	2023/03/10 18:06:53.067	0.00000000000000007310	2023/03/10 18:06:54.168	0.00000000000021499900
2023/03/10 18:06:54.839	0.00000000096889500000	2023/03/10 18:06:58.440	0.00000000000003334530	2023/03/10 18:06:59.041	0.00000000000031704900	2023/03/10 18:06:59.641	0.00000000000022316900	2023/03/10 18:07:00.242	0.00000000000164367000	2023/03/10 18:07:01.943	0.00000000000021499900
2023/03/10 18:07:02.614	0.00000000096798200000	2023/03/10 18:07:06.215	0.00000000000003481810	2023/03/10 18:07:06.816	0.00000000000031324300	2023/03/10 18:07:07.416	0.00000000000022323400	2023/03/10 18:07:08.016	0.00000000000164539000	2023/03/10 18:07:08.617	0.00000000000000217364	2023/03/10 18:07:09.718	0.00000000000010749900
2023/03/10 18:07:10.389	0.00000000096785300000	2023/03/10 18:07:13.990	0.00000000000003515560	2023/03/10 18:07:14.591	0.00000000000032014500	2023/03/10 18:07:15.191	0.00000000000023040400	2023/03/10 18:07:15.792	0.00000000000163808000	2023/03/10 18:07:17.493	0.00000000000021499900
2023/03/10 18:07:18.164	0.00000000096768100000	2023/03/10 18:07:21.765	0.00000000000003690360	2023/03/10 18:07:22.366	0.00000000000031280300	2023/03/10 18:07:22.966	0.00000000000021991200	2023/03/10 18:07:23.567	0.00000000000165667000	2023/03/10 18:07:24.167	0.00000000000000265202	2023/03/10 18:07:25.268	0.00000000000021499900
2023/03/10 18:07:25.939	0.00000000096830400000	2023/03/10 18:07:29.540	0.00000000000002792200	2023/03/10 18:07:30.141	0.00000000000033171200	2023/03/10 18:07:30.741	0.00000000000021653600	2023/03/10 18:07:31.342	0.00000000000166259000	2023/03/10 18:07:31.942	0.00000000000000616511	2023/03/10 18:07:33.043	0.00000000000010749900
2023/03/10 18:07:33.714	0.00000000096807800000	2023/03/10 18:07:37.315	0.00000000000003365820	2023/03/10 18:07:37.916	0.00000000000031664000	2023/03/10 18:07:38.516	0.00000000000022572800	2023/03/10 18:07:39.117	0.00000000000165023000	2023/03/10 18:07:39.717	0.00000000000001282900	2023/03/10 18:07:40.818	0.00000000000021499900
2023/03/10 18:07:41.489	0.00000000096797100000	2023/03/10 18:07:45.090	0.00000000000002473350	2023/03/10 18:07:45.691	0.00000000000031842500	2023/03/10 18:07:46.291	0.00000000000022729700	2023/03/10 18:07:46.892	0.00000000000165721000	2023/03/10 18:07:47.492	0.00000000000000832371	2023/03/10 18:07:48.593	0.00000000000021499900
2023/03/10 18:07:49.264	0.00000000096747700000	2023/03/10 18:07:52.865	0.00000000000003824520	2023/03/10 18:07:53.466	0.00000000000031324300	2023/03/10 18:07:54.066	0.00000000000022583500	2023/03/10 18:07:54.667	0.00000000000165259000	2023/03/10 18:07:55.267	0.00000000000000959543	2023/03/10 18:07:56.368	0.00000000000032249900
2023/03/10 18:07:57.039	0.00000000096770200000	2023/03/10 18:08:00.640	0.00000000000003416880	2023/03/10 18:08:01.241	0.00000000000031200700	2023/03/10 18:08:01.841	0.00000000000022863000	2023/03/10 18:08:02.442	0.00000000000166495000	2023/03/10 18:08:03.042	0.00000000000001004040	2023/03/10 18:08:04.143	0.00000000000021499900
2023/03/10 18:08:04.614	0.00000000096685300000	2023/03/10 18:08:08.615	0.00000000000002465930	2023/03/10 18:08:09.216	0.00000000000032240200	2023/03/10 18:08:09.816	0.00000000000021163400	2023/03/10 18:08:10.417	0.00000000000166130000	2023/03/10 18:08:11.017	0.00000000000000576521	2023/03/10 18:08:12.118	0.00000000000032249900
2023/03/10 18:08:12.789	0.00000000096722900000	2023/03/10 18:08:16.390	0.00000000000003254980	2023/03/10 18:08:16.991	0.00000000000031939200	2023/03/10 18:08:17.591	0.00000000000022554500	2023/03/10 18:08:18.191	0.00000000000166968000	2023/03/10 18:08:19.893	0.00000000000032249900
2023/03/10 18:08:20.564	0.00000000096667000000	2023/03/10 18:08:24.165	0.00000000000003673590	2023/03/10 18:08:24.766	0.00000000000031543600	2023/03/10 18:08:25.366	0.00000000000023571400	2023/03/10 18:08:25.967	0.00000000000166237000	2023/03/10 18:08:26.567	0.00000000000000382806	2023/03/10 18:08:27.668	0.00000000000010749900
2023/03/10 18:08:28.339	0.00000000096743400000	2023/03/10 18:08:31.940	0.00000000000003753350	2023/03/10 18:08:32.541	0.00000000000031608100	2023/03/10 18:08:33.141	0.00000000000023833700	2023/03/10 18:08:33.742	0.00000000000165710000	2023/03/10 18:08:35.443	0.00000000000042999900
2023/03/10 18:08:36.114	0.00000000096638000000	2023/03/10 18:08:39.715	0.00000000000002725760	2023/03/10 18:08:40.316	0.00000000000031456600	2023/03/10 18:08:40.916	0.00000000000022981300	2023/03/10 18:08:41.517	0.00000000000166818000	2023/03/10 18:08:42.117	0.00000000000000316372	2023/03/10 18:08:43.218	0.00000000000021499900
2023/03/10 18:08:43.889	0.00000000096635900000	2023/03/10 18:08:47.490	0.00000000000003639400	2023/03/10 18:08:48.091	0.00000000000031335100	2023/03/10 18:08:48.691	0.00000000000023428500	2023/03/10 18:08:49.292	0.00000000000167506000	2023/03/10 18:08:49.892	0.00000000000000577059	2023/03/10 18:08:50.993	0.00000000000042999900
2023/03/10 18:08:51.664	0.00000000096634800000	2023/03/10 18:08:55.265	0.00000000000002797360	2023/03/10 18:08:55.866	0.00000000000032510100	2023/03/10 18:08:56.466	0.00000000000022585700	2023/03/10 18:08:57.067	0.00000000000166871000	2023/03/10 18:08:58.768	0.00000000000021499900
2023/03/10 18:08:59.439	0.00000000096634800000	2023/03/10 18:09:03.040	0.00000000000004225060	2023/03/10 18:09:03.641	0.00000000000031736100	2023/03/10 18:09:04.241	0.00000000000022239500	2023/03/10 18:09:04.842	0.00000000000167129000	2023/03/10 18:09:06.543	0.00000000000032249900
2023/03/10 18:09:07.214	0.00000000096624000000	2023/03/10 18:09:10.815	0.00000000000003396240	2023/03/10 18:09:11.416	0.00000000000032705700	2023/03/10 18:09:12.016	0.00000000000022689900	2023/03/10 18:09:12.617	0.00000000000168204000	2023/03/10 18:09:13.217	0.00000000000000796573	2023/03/10 18:09:14.318	0.00000000000000000000
2023/03/10 18:09:14.989	0.00000000096602500000	2023/03/10 18:09:18.590	0.00000000000003502230	2023/03/10 18:09:19.191	0.00000000000032314400	2023/03/10 18:09:19.791	0.00000000000022313700	2023/03/10 18:09:20.392	0.00000000000168753000	2023/03/10 18:09:22.093	0.00000000000021499900
2023/03/10 18:09:22.764	0.00000000096556300000	2023/03/10 18:09:26.365	0.00000000000003226920	2023/03/10 18:09:26.966	0.00000000000032794900	2023/03/10 18:09:27.566	0.00000000000023673600	2023/03/10 18:09:28.167	0.00000000000167592000	2023/03/10 18:09:28.767	0.00000000000000761421	2023/03/10 18:09:29.868	0.00000000000010749900
2023/03/10 18:09:30.539	0.00000000096586400000	2023/03/10 18:09:34.140	0.00000000000003195640	2023/03/10 18:09:34.741	0.00000000000031257700	2023/03/10 18:09:35.341	0.00000000000023651000	2023/03/10 18:09:35.942	0.00000000000168645000	2023/03/10 18:09:36.542	0.00000000000000878381	2023/03/10 18:09:37.643	0.00000000000032249900
2023/03/10 18:09:38.314	0.00000000096583200000	2023/03/10 18:09:41.915	0.00000000000004478550	2023/03/10 18:09:42.516	0.00000000000030685800	2023/03/10 18:09:43.116	0.00000000000025044200	2023/03/10 18:09:43.717	0.00000000000167592000	2023/03/10 18:09:44.317	0.00000000000000935571	2023/03/10 18:09:45.418	0.00000000000042999900
2023/03/10 18:09:45.889	0.00000000096549900000	2023/03/10 18:09:49.890	0.00000000000002976990	2023/03/10 18:09:50.491	0.00000000000031828500	2023/03/10 18:09:51.091	0.00000000000022909200	2023/03/10 18:09:51.692	0.00000000000168516000	2023/03/10 18:09:53.393	0.00000000000000000000
2023/03/10 18:09:53.864	0.00000000096507900000	2023/03/10 18:09:57.465	0.00000000000003082450	2023/03/10 18:09:58.066	0.00000000000031443700	2023/03/10 18:09:58.666	0.00000000000023738100	2023/03/10 18:09:59.266	0.00000000000168376000	2023/03/10 18:09:59.867	0.00000000000001174970	2023/03/10 18:10:00.968	0.00000000000032249900
2023/03/10 18:10:01.639	0.00000000096519800000	2023/03/10 18:10:05.240	0.00000000000003772700	2023/03/10 18:10:05.841	0.00000000000031396400	2023/03/10 18:10:06.441	0.00000000000023284400	2023/03/10 18:10:07.042	0.00000000000168376000	2023/03/10 18:10:07.642	0.00000000000000803991	2023/03/10 18:10:08.743	0.00000000000021499900
2023/03/10 18:10:09.214	0.00000000096484300000	2023/03/10 18:10:12.815	0.00000000000003049340	2023/03/10 18:10:13.416	0.00000000000031589900	2023/03/10 18:10:14.016	0.00000000000024398100	2023/03/10 18:10:14.617	0.00000000000168699000	2023/03/10 18:10:15.217	0.00000000000000939333	2023/03/10 18:10:16.318	0.00000000000010749900
2023/03/10 18:10:16.789	0.00000000096454200000	2023/03/10 18:10:20.390	0.00000000000002649110	2023/03/10 18:10:20.991	0.00000000000032194000	2023/03/10 18:10:21.591	0.00000000000022633000	2023/03/10 18:10:22.192	0.00000000000169752000	2023/03/10 18:10:22.792	0.00000000000000189629	2023/03/10 18:10:23.893	0.00000000000000000000
2023/03/10 18:10:24.564	0.00000000096492900000	2023/03/10 18:10:28.165	0.00000000000002929800	2023/03/10 18:10:28.766	0.00000000000032246700	2023/03/10 18:10:29.366	0.00000000000024104600	2023/03/10 18:10:29.967	0.00000000000169946000	2023/03/10 18:10:30.567	0.00000000000000978785	2023/03/10 18:10:31.668	0.00000000000042999900
2023/03/10 18:10:32.339	0.00000000096487500000	2023/03/10 18:10:35.940	0.00000000000003270790	2023/03/10 18:10:36.541	0.00000000000032441300	2023/03/10 18:10:37.141	0.00000000000023128500	2023/03/10 18:10:37.742	0.00000000000171107000	2023/03/10 18:10:39.443	0.00000000000010749900
2023/03/10 18:10:39.914	0.00000000097192700000	2023/03/10 18:10:43.515	0.00000000000004373090	2023/03/10 18:10:44.116	0.00000000000032557300	2023/03/10 18:10:44.716	0.00000000000023979900	2023/03/10 18:10:45.317	0.00000000000172633000	2023/03/10 18:10:47.018	0.00000000000000000000
2023/03/10 18:10:47.489	0.00000000097654900000	2023/03/10 18:10:51.090	0.00000000000004775250	2023/03/10 18:10:51.691	0.00000000000032589600	2023/03/10 18:10:52.291	0.00000000000023439200	2023/03/10 18:10:52.892	0.00000000000172021000	2023/03/10 18:10:54.593	0.00000000000000000000
2023/03/10 18:10:55.264	0.00000000097926900000	2023/03/10 18:10:59.265	0.00000000000003517710	2023/03/10 18:10:59.866	0.00000000000030957800	2023/03/10 18:11:00.466	0.00000000000025249500	2023/03/10 18:11:01.067	0.00000000000171290000	2023/03/10 18:11:01.667	0.00000000000001852970	2023/03/10 18:11:02.768	0.00000000000000000000
2023/03/10 18:11:03.239	0.00000000097891400000	2023/03/10 18:11:06.840	0.00000000000003278310	2023/03/10 18:11:07.441	0.00000000000032063900	2023/03/10 18:11:08.041	0.00000000000025283900	2023/03/10 18:11:08.642	0.00000000000171451000	2023/03/10 18:11:09.242	0.00000000000000615544	2023/03/10 18:11:10.343	0.00000000000053749900
2023/03/10 18:11:11.014	0.00000000097913000000	2023/03/10 18:11:14.615	0.00000000000003432250	2023/03/10 18:11:15.216	0.00000000000033034700	2023/03/10 18:11:15.816	0.00000000000024255100	2023/03/10 18:11:16.417	0.00000000000173085000	2023/03/10 18:11:17.017	0.00000000000001003940	2023/03/10 18:11:18.118	0.00000000000021499900
2023/03/10 18:11:18.789	0.00000000097864600000	2023/03/10 18:11:22.390	0.00000000000003311530	2023/03/10 18:11:22.991	0.00000000000032319800	2023/03/10 18:11:23.591	0.00000000000023904700	2023/03/10 18:11:24.192	0.00000000000174095000	2023/03/10 18:11:25.893	0.00000000000010749900
2023/03/10 18:11:26.564	0.00000000097935500000	2023/03/10 18:11:30.165	0.00000000000003000320	2023/03/10 18:11:30.766	0.00000000000033445300	2023/03/10 18:11:31.366	0.00000000000019786400	2023/03/10 18:11:31.967	0.00000000000174504000	2023/03/10 18:11:32.567	0.00000000000000158562	2023/03/10 18:11:33.668	0.00000000000021499900
2023/03/10 18:11:34.339	0.00000000097833400000	2023/03/10 18:11:37.940	0.00000000000004386740	2023/03/10 18:11:38.541	0.00000000000032797100	2023/03/10 18:11:39.141	0.00000000000023455300	2023/03/10 18:11:39.742	0.00000000000174042000	2023/03/10 18:11:40.342	0.00000000000000017522	2023/03/10 18:11:41.443	0.00000000000042999900
2023/03/10 18:11:42.114	0.00000000097873200000	2023/03/10 18:11:45.715	0.00000000000003606080	2023/03/10 18:11:46.316	0.00000000000033194800	2023/03/10 18:11:46.916	0.00000000000023812200	2023/03/10 18:11:47.517	0.00000000000173440000	2023/03/10 18:11:48.117	0.00000000000000244884	2023/03/10 18:11:49.218	0.00000000000032249900
2023/03/10 18:11:49.889	0.00000000097787200000	2023/03/10 18:11:53.490	0.00000000000004912950	2023/03/10 18:11:54.091	0.00000000000032902400	2023/03/10 18:11:54.691	0.00000000000023823000	2023/03/10 18:11:55.292	0.00000000000173590000	2023/03/10 18:11:55.892	0.00000000000000362811	2023/03/10 18:11:56.993	0.00000000000032249900
2023/03/10 18:11:57.664	0.00000000097787200000	2023/03/10 18:12:01.265	0.00000000000003454390	2023/03/10 18:12:01.866	0.00000000000033398000	2023/03/10 18:12:02.466	0.00000000000023759600	2023/03/10 18:12:03.067	0.00000000000174504000	2023/03/10 18:12:03.667	0.00000000000000176514	2023/03/10 18:12:04.768	0.00000000000021499900
2023/03/10 18:12:05.439	0.00000000097780700000	2023/03/10 18:12:09.040	0.00000000000003000320	2023/03/10 18:12:09.641	0.00000000000033777500	2023/03/10 18:12:10.241	0.00000000000023596200	2023/03/10 18:12:10.842	0.00000000000173999000	2023/03/10 18:12:11.442	0.00000000000000287132	2023/03/10 18:12:12.543	0.00000000000021499900
2023/03/10 18:12:13.014	0.00000000097904300000	2023/03/10 18:12:16.615	0.00000000000003687450	2023/03/10 18:12:17.216	0.00000000000032976600	2023/03/10 18:12:17.816	0.00000000000023211300	2023/03/10 18:12:18.416	0.00000000000175461000	2023/03/10 18:12:20.118	0.00000000000032249900
2023/03/10 18:12:20.589	0.00000000097825900000	2023/03/10 18:12:24.190	0.00000000000004933590	2023/03/10 18:12:24.791	0.00000000000032112300	2023/03/10 18:12:25.391	0.00000000000024512100	2023/03/10 18:12:25.992	0.00000000000173762000	2023/03/10 18:12:27.693	0.00000000000032249900
2023/03/10 18:12:28.364	0.00000000097770000000	2023/03/10 18:12:31.965	0.00000000000003389570	2023/03/10 18:12:32.566	0.00000000000034119300	2023/03/10 18:12:33.166	0.00000000000023947700	2023/03/10 18:12:33.767	0.00000000000177664000	2023/03/10 18:12:34.367	0.00000000000000307342	2023/03/10 18:12:35.468	0.00000000000042999900
2023/03/10 18:12:36.139	0.00000000097731300000	2023/03/10 18:12:39.740	0.00000000000003044820	2023/03/10 18:12:40.341	0.00000000000032514300	2023/03/10 18:12:40.941	0.00000000000024633500	2023/03/10 18:12:41.542	0.00000000000173536000	2023/03/10 18:12:42.142	0.00000000000000884723	2023/03/10 18:12:43.243	0.00000000000000000000
2023/03/10 18:12:43.914	0.00000000097779600000	2023/03/10 18:12:47.515	0.00000000000002039910	2023/03/10 18:12:48.116	0.00000000000033005600	2023/03/10 18:12:48.716	0.00000000000023545600	2023/03/10 18:12:49.317	0.00000000000174332000	2023/03/10 18:12:51.018	0.00000000000021499900
2023/03/10 18:12:51.489	0.00000000097797900000	2023/03/10 18:12:55.090	0.00000000000003952980	2023/03/10 18:12:55.691	0.00000000000033515200	2023/03/10 18:12:56.291	0.00000000000024556100	2023/03/10 18:12:56.892	0.00000000000174095000	2023/03/10 18:12:58.593	0.00000000000042999900
2023/03/10 18:12:59.264	0.00000000097792500000	2023/03/10 18:13:02.865	0.00000000000002632020	2023/03/10 18:13:03.466	0.00000000000033381900	2023/03/10 18:13:04.066	0.00000000000024341100	2023/03/10 18:13:04.667	0.00000000000173741000	2023/03/10 18:13:05.267	0.00000000000000759378	2023/03/10 18:13:06.368	0.00000000000042999900
2023/03/10 18:13:07.039	0.00000000097748500000	2023/03/10 18:13:10.640	0.00000000000002698780	2023/03/10 18:13:11.241	0.00000000000033596900	2023/03/10 18:13:11.841	0.00000000000024405600	2023/03/10 18:13:12.442	0.00000000000174740000	2023/03/10 18:13:13.042	0.00000000000001148520
2023/03/10 18:13:14.814	0.00000000097737700000	2023/03/10 18:13:18.415	0.00000000000005102470	2023/03/10 18:13:19.016	0.00000000000032588500	2023/03/10 18:13:19.616	0.00000000000024149800	2023/03/10 18:13:20.217	0.00000000000175353000	2023/03/10 18:13:21.918	0.00000000000032249900
2023/03/10 18:13:22.589	0.00000000097795800000	2023/03/10 18:13:26.190	0.00000000000004026190	2023/03/10 18:13:26.791	0.00000000000033029300	2023/03/10 18:13:27.391	0.00000000000023678900	2023/03/10 18:13:27.992	0.00000000000175074000	2023/03/10 18:13:29.693	0.00000000000064499800
2023/03/10 18:13:30.364	0.00000000097735600000	2023/03/10 18:13:33.965	0.00000000000004043060	2023/03/10 18:13:34.566	0.00000000000032216600	2023/03/10 18:13:35.166	0.00000000000025104400	2023/03/10 18:13:35.767	0.00000000000176009000	2023/03/10 18:13:37.468	0.00000000000042999900
2023/03/10 18:13:38.139	0.00000000097765700000	2023/03/10 18:13:41.740	0.00000000000003681540	2023/03/10 18:13:42.341	0.00000000000032774500	2023/03/10 18:13:42.941	0.00000000000023696100	2023/03/10 18:13:43.542	0.00000000000175590000	2023/03/10 18:13:44.142	0.00000000000000560719	2023/03/10 18:13:45.243	0.00000000000021499900
2023/03/10 18:13:45.914	0.00000000097671100000	2023/03/10 18:13:49.515	0.00000000000004568740	2023/03/10 18:13:50.116	0.00000000000031371600	2023/03/10 18:13:50.716	0.00000000000024740000	2023/03/10 18:13:51.317	0.00000000000174611000	2023/03/10 18:13:51.917	0.00000000000000827426	2023/03/10 18:13:53.018	0.00000000000021499900
2023/03/10 18:13:53.689	0.00000000096843300000	2023/03/10 18:13:57.290	0.00000000000004864580	2023/03/10 18:13:57.891	0.00000000000032765900	2023/03/10 18:13:58.491	0.00000000000024083100	2023/03/10 18:13:59.092	0.00000000000173956000	2023/03/10 18:13:59.692	0.00000000000001442000	2023/03/10 18:14:00.793	0.00000000000021499900
2023/03/10 18:14:01.464	0.00000000096406900000	2023/03/10 18:14:05.065	0.00000000000002602890	2023/03/10 18:14:05.666	0.00000000000032171400	2023/03/10 18:14:06.266	0.00000000000024712000	2023/03/10 18:14:06.867	0.00000000000171634000	2023/03/10 18:14:08.568	0.00000000000042999900
2023/03/10 18:14:09.239	0.00000000096359600000	2023/03/10 18:14:12.840	0.00000000000003253690	2023/03/10 18:14:13.441	0.00000000000032115500	2023/03/10 18:14:14.041	0.00000000000025006600	2023/03/10 18:14:14.642	0.00000000000170709000	2023/03/10 18:14:16.343	0.00000000000010749900
2023/03/10 18:14:17.014	0.00000000096256400000	2023/03/10 18:14:20.615	0.00000000000003473960	2023/03/10 18:14:21.216	0.00000000000031872600	2023/03/10 18:14:21.816	0.00000000000024830300	2023/03/10 18:14:22.417	0.00000000000172322000	2023/03/10 18:14:24.118	0.00000000000010749900
2023/03/10 18:14:24.789	0.00000000096274700000	2023/03/10 18:14:28.390	0.00000000000003522120	2023/03/10 18:14:28.991	0.00000000000032571300	2023/03/10 18:14:29.591	0.00000000000023408000	2023/03/10 18:14:30.191	0.00000000000171419000	2023/03/10 18:14:30.792	0.00000000000000828393	2023/03/10 18:14:31.893	0.00000000000032249900
2023/03/10 18:14:32.564	0.00000000096243500000	2023/03/10 18:14:36.165	0.00000000000003332920	2023/03/10 18:14:36.766	0.00000000000032286500	2023/03/10 18:14:37.366	0.00000000000024627100	2023/03/10 18:14:37.966	0.00000000000171956000	2023/03/10 18:14:39.668	0.00000000000021499900
2023/03/10 18:14:40.339	0.00000000096206900000	2023/03/10 18:14:43.940	0.00000000000002938290	2023/03/10 18:14:44.541	0.00000000000032373500	2023/03/10 18:14:45.141	0.00000000000023613400	2023/03/10 18:14:45.742	0.00000000000169527000	2023/03/10 18:14:46.342	0.00000000000000706166	2023/03/10 18:14:47.443	0.00000000000010749900
2023/03/10 18:14:47.914	0.00000000096183300000	2023/03/10 18:14:51.515	0.00000000000003335390	2023/03/10 18:14:52.116	0.00000000000032892800	2023/03/10 18:14:52.716	0.00000000000023962700	2023/03/10 18:14:53.317	0.00000000000169914000	2023/03/10 18:14:53.917	0.00000000000000888486	2023/03/10 18:14:55.018	0.00000000000010749900
2023/03/10 18:14:55.489	0.00000000096147800000	2023/03/10 18:14:59.090	0.00000000000003383230	2023/03/10 18:14:59.691	0.00000000000032220900	2023/03/10 18:15:00.291	0.00000000000024646400	2023/03/10 18:15:00.892	0.00000000000170354000	2023/03/10 18:15:02.593	0.00000000000053749900
2023/03/10 18:15:03.264	0.00000000096230600000	2023/03/10 18:15:06.865	0.00000000000003626290	2023/03/10 18:15:07.466	0.00000000000033360400	2023/03/10 18:15:08.066	0.00000000000024159500	2023/03/10 18:15:08.667	0.00000000000170451000	2023/03/10 18:15:09.267	0.00000000000000049127	2023/03/10 18:15:10.368	0.00000000000010749900
2023/03/10 18:15:11.039	0.00000000096185400000	2023/03/10 18:15:14.640	0.00000000000004132180	2023/03/10 18:15:15.241	0.00000000000032866900	2023/03/10 18:15:15.841	0.00000000000024053000	2023/03/10 18:15:16.442	0.00000000000170860000	2023/03/10 18:15:17.042	0.00000000000001636680	2023/03/10 18:15:18.143	0.00000000000021499900
2023/03/10 18:15:18.814	0.00000000096179000000	2023/03/10 18:15:22.415	0.00000000000004084670	2023/03/10 18:15:23.016	0.00000000000032245600	2023/03/10 18:15:23.616	0.00000000000024483000	2023/03/10 18:15:24.217	0.00000000000170838000	2023/03/10 18:15:24.817	0.00000000000001254950	2023/03/10 18:15:25.918	0.00000000000021499900
2023/03/10 18:15:26.389	0.00000000096159600000	2023/03/10 18:15:29.990	0.00000000000004133260	2023/03/10 18:15:30.591	0.00000000000033473200	2023/03/10 18:15:31.191	0.00000000000024664700	2023/03/10 18:15:31.792	0.00000000000170408000	2023/03/10 18:15:33.493	0.00000000000010749900
2023/03/10 18:15:34.164	0.00000000096146700000	2023/03/10 18:15:38.165	0.00000000000002697700	2023/03/10 18:15:38.766	0.00000000000032832500	2023/03/10 18:15:39.366	0.00000000000025085000	2023/03/10 18:15:39.967	0.00000000000170645000	2023/03/10 18:15:40.567	0.00000000000000364209	2023/03/10 18:15:41.668	0.00000000000010749900
2023/03/10 18:15:42.339	0.00000000096177900000	2023/03/10 18:15:45.940	0.00000000000003203170	2023/03/10 18:15:46.541	0.00000000000032713200	2023/03/10 18:15:47.141	0.00000000000024486300	2023/03/10 18:15:47.742	0.00000000000171677000	2023/03/10 18:15:48.342	0.00000000000000013330	2023/03/10 18:15:49.443	0.00000000000021499900
2023/03/10 18:15:50.114	0.00000000096150000000	2023/03/10 18:15:53.715	0.00000000000003467400	2023/03/10 18:15:54.316	0.00000000000031689800	2023/03/10 18:15:54.916	0.00000000000024999000	2023/03/10 18:15:55.516	0.00000000000171075000	2023/03/10 18:15:56.117	0.00000000000000922778	2023/03/10 18:15:57.218	0.00000000000010749900
2023/03/10 18:15:57.889	0.00000000096082200000	2023/03/10 18:16:01.490	0.00000000000003647680	2023/03/10 18:16:02.091	0.00000000000031945700	2023/03/10 18:16:02.691	0.00000000000023511200	2023/03/10 18:16:03.292	0.00000000000170817000	2023/03/10 18:16:03.892	0.00000000000000769806	2023/03/10 18:16:04.993	0.00000000000010749900
2023/03/10 18:16:05.664	0.00000000096136000000	2023/03/10 18:16:09.265	0.00000000000004060370	2023/03/10 18:16:09.866	0.00000000000032747600	2023/03/10 18:16:10.466	0.00000000000024635700	2023/03/10 18:16:11.067	0.00000000000170430000	2023/03/10 18:16:11.667	0.00000000000000657791	2023/03/10 18:16:12.768	0.00000000000042999900
2023/03/10 18:16:13.439	0.00000000096122000000	2023/03/10 18:16:17.040	0.00000000000003706050	2023/03/10 18:16:17.641	0.00000000000032573500	2023/03/10 18:16:18.241	0.00000000000025400000	2023/03/10 18:16:18.842	0.00000000000170935000	2023/03/10 18:16:19.442	0.00000000000000116099	2023/03/10 18:16:20.543	0.00000000000010749900
2023/03/10 18:16:21.014	0.00000000096038200000	2023/03/10 18:16:24.615	0.00000000000003885250	2023/03/10 18:16:25.216	0.00000000000033277600	2023/03/10 18:16:25.816	0.00000000000024999000	2023/03/10 18:16:26.417	0.00000000000169656000	2023/03/10 18:16:27.017	0.00000000000000727343	2023/03/10 18:16:28.118	0.00000000000021499900
2023/03/10 18:16:28.789	0.00000000096101600000	2023/03/10 18:16:32.390	0.00000000000003485780	2023/03/10 18:16:32.991	0.00000000000031427500	2023/03/10 18:16:33.591	0.00000000000024362600	2023/03/10 18:16:34.192	0.00000000000170720000	2023/03/10 18:16:34.792	0.00000000000000797218	2023/03/10 18:16:35.893	0.00000000000032249900
2023/03/10 18:16:36.564	0.00000000096056400000	2023/03/10 18:16:40.165	0.00000000000004064030	2023/03/10 18:16:40.766	0.00000000000031945700	2023/03/10 18:16:41.366	0.00000000000025868700	2023/03/10 18:16:41.966	0.00000000000170537000	2023/03/10 18:16:42.567	0.00000000000000183287	2023/03/10 18:16:43.668	0.00000000000042999900
2023/03/10 18:16:44.139	0.00000000095981200000	2023/03/10 18:16:47.740	0.00000000000003576190	2023/03/10 18:16:48.341	0.00000000000032653000	2023/03/10 18:16:48.941	0.00000000000024915200	2023/03/10 18:16:49.542	0.00000000000170892000	2023/03/10 18:16:50.142	0.00000000000000733901	2023/03/10 18:16:51.243	0.00000000000021499900
2023/03/10 18:16:51.914	0.00000000096080100000	2023/03/10 18:16:55.515	0.00000000000003516420	2023/03/10 18:16:56.116	0.00000000000032188600	2023/03/10 18:16:56.716	0.00000000000025345200	2023/03/10 18:16:57.317	0.00000000000169527000	2023/03/10 18:16:57.917	0.00000000000000356684	2023/03/10 18:16:59.018	0.00000000000010749900
2023/03/10 18:16:59.689	0.00000000096026300000	2023/03/10 18:17:03.290	0.00000000000003892130	2023/03/10 18:17:03.891	0.00000000000032784200	2023/03/10 18:17:04.491	0.00000000000023591900	2023/03/10 18:17:05.092	0.00000000000170000000	2023/03/10 18:17:05.692	0.00000000000000914931	2023/03/10 18:17:06.793	0.00000000000010749900
2023/03/10 18:17:07.464	0.00000000095998400000	2023/03/10 18:17:11.065	0.00000000000003282720	2023/03/10 18:17:11.666	0.00000000000031254500	2023/03/10 18:17:12.266	0.00000000000024732400	2023/03/10 18:17:12.867	0.00000000000170709000	2023/03/10 18:17:13.467	0.00000000000000878488	2023/03/10 18:17:14.568	0.00000000000021499900
2023/03/10 18:17:15.239	0.00000000096034900000	2023/03/10 18:17:18.840	0.00000000000003833550	2023/03/10 18:17:19.441	0.00000000000032620800	2023/03/10 18:17:20.041	0.00000000000024642100	2023/03/10 18:17:20.642	0.00000000000170344000	2023/03/10 18:17:22.343	0.00000000000032249900
2023/03/10 18:17:22.814	0.00000000095957500000	2023/03/10 18:17:26.415	0.00000000000003922020	2023/03/10 18:17:27.016	0.00000000000032848700	2023/03/10 18:17:27.616	0.00000000000024808800	2023/03/10 18:17:28.217	0.00000000000168742000	2023/03/10 18:17:29.918	0.00000000000000000000
2023/03/10 18:17:30.589	0.00000000095994100000	2023/03/10 18:17:34.190	0.00000000000003489010	2023/03/10 18:17:34.791	0.00000000000032697100	2023/03/10 18:17:35.391	0.00000000000026414800	2023/03/10 18:17:35.992	0.00000000000169387000	2023/03/10 18:17:37.693	0.00000000000021499900
2023/03/10 18:17:38.164	0.00000000095915600000	2023/03/10 18:17:41.765	0.00000000000003527170	2023/03/10 18:17:42.366	0.00000000000031884400	2023/03/10 18:17:42.966	0.00000000000025625800	2023/03/10 18:17:43.567	0.00000000000170827000	2023/03/10 18:17:44.167	0.00000000000001722680	2023/03/10 18:17:45.268	0.00000000000021499900
2023/03/10 18:17:45.939	0.00000000095921000000	2023/03/10 18:17:49.540	0.00000000000003664770	2023/03/10 18:17:50.141	0.00000000000031787700	2023/03/10 18:17:50.741	0.00000000000025659100	2023/03/10 18:17:51.342	0.00000000000172268000	2023/03/10 18:17:51.942	0.00000000000001094340	2023/03/10 18:17:53.043	0.00000000000021499900
2023/03/10 18:17:53.714	0.00000000096444500000	2023/03/10 18:17:57.315	0.00000000000004310850	2023/03/10 18:17:57.916	0.00000000000033287300	2023/03/10 18:17:58.516	0.00000000000024689400	2023/03/10 18:17:59.117	0.00000000000171978000	2023/03/10 18:17:59.717	0.00000000000000598021	2023/03/10 18:18:00.818	0.00000000000010749900
2023/03/10 18:18:01.489	0.00000000097049700000	2023/03/10 18:18:05.090	0.00000000000004121970	2023/03/10 18:18:05.691	0.00000000000033886000	2023/03/10 18:18:06.291	0.00000000000025086100	2023/03/10 18:18:06.891	0.00000000000173622000	2023/03/10 18:18:07.492	0.00000000000000114164	2023/03/10 18:18:08.593	0.00000000000042999900
2023/03/10 18:18:09.264	0.00000000097136800000	2023/03/10 18:18:12.865	0.00000000000003833330	2023/03/10 18:18:13.466	0.00000000000033465700	2023/03/10 18:18:14.066	0.00000000000024884000	2023/03/10 18:18:14.667	0.00000000000173332000	2023/03/10 18:18:16.368	0.00000000000032249900
2023/03/10 18:18:17.039	0.00000000097173400000	2023/03/10 18:18:20.640	0.00000000000003838380	2023/03/10 18:18:21.241	0.00000000000033860200	2023/03/10 18:18:21.841	0.00000000000024651800	2023/03/10 18:18:22.442	0.00000000000173117000	2023/03/10 18:18:23.042	0.00000000000000359909	2023/03/10 18:18:24.143	0.00000000000042999900
2023/03/10 18:18:24.814	0.00000000097256100000	2023/03/10 18:18:28.415	0.00000000000003522550	2023/03/10 18:18:29.016	0.00000000000034037600	2023/03/10 18:18:29.616	0.00000000000025424700	2023/03/10 18:18:30.217	0.00000000000173085000	2023/03/10 18:18:30.817	0.00000000000000104597	2023/03/10 18:18:31.918	0.00000000000000000000
2023/03/10 18:18:32.589	0.00000000097187300000	2023/03/10 18:18:36.190	0.00000000000003581460	2023/03/10 18:18:36.791	0.00000000000033536700	2023/03/10 18:18:37.391	0.00000000000025518300	2023/03/10 18:18:37.992	0.00000000000173504000	2023/03/10 18:18:38.592	0.00000000000000052782	2023/03/10 18:18:39.693	0.00000000000042999900
2023/03/10 18:18:40.364	0.00000000097275500000	2023/03/10 18:18:43.965	0.00000000000002934850	2023/03/10 18:18:44.566	0.00000000000034272000	2023/03/10 18:18:45.166	0.00000000000025334400	2023/03/10 18:18:45.767	0.00000000000173407000	2023/03/10 18:18:47.468	0.00000000000032249900
2023/03/10 18:18:48.139	0.00000000097344300000	2023/03/10 18:18:51.740	0.00000000000002554510	2023/03/10 18:18:52.341	0.00000000000033614100	2023/03/10 18:18:52.941	0.00000000000025472000	2023/03/10 18:18:53.542	0.00000000000173375000	2023/03/10 18:18:54.142	0.00000000000000873006	2023/03/10 18:18:55.243	0.00000000000010749900
2023/03/10 18:18:55.714	0.00000000097352900000	2023/03/10 18:18:59.315	0.00000000000003223160	2023/03/10 18:18:59.916	0.00000000000034034400	2023/03/10 18:19:00.516	0.00000000000025311900	2023/03/10 18:19:01.117	0.00000000000174654000	2023/03/10 18:19:02.818	0.00000000000032249900
2023/03/10 18:19:03.489	0.00000000097380800000	2023/03/10 18:19:07.090	0.00000000000004193240	2023/03/10 18:19:07.691	0.00000000000033872100	2023/03/10 18:19:08.291	0.00000000000025674100	2023/03/10 18:19:08.892	0.00000000000174138000	2023/03/10 18:19:09.492	0.00000000000000606621	2023/03/10 18:19:10.593	0.00000000000032249900
2023/03/10 18:19:11.264	0.00000000097280800000	2023/03/10 18:19:14.865	0.00000000000003415160	2023/03/10 18:19:15.466	0.00000000000034693400	2023/03/10 18:19:16.066	0.00000000000024358300	2023/03/10 18:19:16.667	0.00000000000174063000	2023/03/10 18:19:17.267	0.00000000000000233167	2023/03/10 18:19:18.368	0.00000000000021499900
2023/03/10 18:19:19.039	0.00000000097281900000	2023/03/10 18:19:22.640	0.00000000000004117240	2023/03/10 18:19:23.241	0.00000000000033703300	2023/03/10 18:19:23.841	0.00000000000025318300	2023/03/10 18:19:24.442	0.00000000000173751000	2023/03/10 18:19:26.143	0.00000000000021499900
2023/03/10 18:19:26.814	0.00000000097473300000	2023/03/10 18:19:30.415	0.00000000000003794950	2023/03/10 18:19:31.016	0.00000000000033216300	2023/03/10 18:19:31.616	0.00000000000025004400	2023/03/10 18:19:32.217	0.00000000000173633000	2023/03/10 18:19:32.817	0.00000000000000420324	2023/03/10 18:19:33.918	0.00000000000032249900
2023/03/10 18:19:34.589	0.00000000097444200000	2023/03/10 18:19:38.190	0.00000000000004096490	2023/03/10 18:19:38.791	0.00000000000033885000	2023/03/10 18:19:39.391	0.00000000000025768700	2023/03/10 18:19:39.992	0.00000000000173913000	2023/03/10 18:19:40.592	0.00000000000000634786	2023/03/10 18:19:41.693	0.00000000000021499900
2023/03/10 18:19:42.364	0.00000000097458200000	2023/03/10 18:19:45.965	0.00000000000004136160	2023/03/10 18:19:46.566	0.00000000000034518100	2023/03/10 18:19:47.166	0.00000000000025068900	2023/03/10 18:19:47.767	0.00000000000174085000	2023/03/10 18:19:48.367	0.00000000000000811838	2023/03/10 18:19:49.468	0.00000000000000000000
2023/03/10 18:19:49.939	0.00000000097427100000	2023/03/10 18:19:53.540	0.00000000000003510080	2023/03/10 18:19:54.141	0.00000000000033381900	2023/03/10 18:19:54.741	0.00000000000024332500	2023/03/10 18:19:55.342	0.00000000000173418000	2023/03/10 18:19:55.942	0.00000000000000511914	2023/03/10 18:19:57.043	0.00000000000032249900
2023/03/10 18:19:57.714	0.00000000097423800000	2023/03/10 18:20:01.315	0.00000000000003284440	2023/03/10 18:20:01.916	0.00000000000033907500	2023/03/10 18:20:02.516	0.00000000000025448400	2023/03/10 18:20:03.117	0.00000000000173332000	2023/03/10 18:20:03.717	0.00000000000000402371	2023/03/10 18:20:04.818	0.00000000000032249900
2023/03/10 18:20:05.489	0.00000000097461400000	2023/03/10 18:20:09.090	0.00000000000003856230	2023/03/10 18:20:09.691	0.00000000000033587200	2023/03/10 18:20:10.291	0.00000000000025351600	2023/03/10 18:20:10.892	0.00000000000174407000	2023/03/10 18:20:11.492	0.00000000000000070412	2023/03/10 18:20:12.593	0.00000000000032249900
2023/03/10 18:20:13.264	0.00000000097551800000	2023/03/10 18:20:16.865	0.00000000000003611020	2023/03/10 18:20:17.466	0.00000000000034021500	2023/03/10 18:20:18.066	0.00000000000025772000	2023/03/10 18:20:18.667	0.00000000000173526000	2023/03/10 18:20:19.267	0.00000000000000656178	2023/03/10 18:20:20.368	0.00000000000064499800
2023/03/10 18:20:21.039	0.00000000097447500000	2023/03/10 18:20:24.640	0.00000000000003870960	2023/03/10 18:20:25.241	0.00000000000034566500	2023/03/10 18:20:25.841	0.00000000000025288200	2023/03/10 18:20:26.442	0.00000000000174020000	2023/03/10 18:20:27.042	0.00000000000000520729	2023/03/10 18:20:28.143	0.00000000000010749900
2023/03/10 18:20:28.814	0.00000000097453900000	2023/03/10 18:20:32.415	0.00000000000004022750	2023/03/10 18:20:33.016	0.00000000000032915300	2023/03/10 18:20:33.616	0.00000000000024662600	2023/03/10 18:20:34.217	0.00000000000174235000	2023/03/10 18:20:34.817	0.00000000000000734761	2023/03/10 18:20:35.918	0.00000000000053749900
2023/03/10 18:20:36.589	0.00000000097390500000	2023/03/10 18:20:40.190	0.00000000000002574620	2023/03/10 18:20:40.791	0.00000000000033400100	2023/03/10 18:20:41.391	0.00000000000024799100	2023/03/10 18:20:41.992	0.00000000000174386000	2023/03/10 18:20:42.592	0.00000000000001089940	2023/03/10 18:20:43.693	0.00000000000032249900
2023/03/10 18:20:44.364	0.00000000097324900000	2023/03/10 18:20:47.965	0.00000000000003728300	2023/03/10 18:20:48.566	0.00000000000035065300	2023/03/10 18:20:49.166	0.00000000000025441900	2023/03/10 18:20:49.767	0.00000000000173472000	2023/03/10 18:20:50.367	0.00000000000000053427	2023/03/10 18:20:51.468	0.00000000000032249900
2023/03/10 18:20:52.139	0.00000000096860500000	2023/03/10 18:20:55.740	0.00000000000004006510	2023/03/10 18:20:56.341	0.00000000000033678600	2023/03/10 18:20:56.941	0.00000000000025057100	2023/03/10 18:20:57.542	0.00000000000172773000	2023/03/10 18:20:59.243	0.00000000000010749900
2023/03/10 18:20:59.914	0.00000000096282200000	2023/03/10 18:21:03.515	0.00000000000003539430	2023/03/10 18:21:04.116	0.00000000000032655200	2023/03/10 18:21:04.716	0.00000000000024604500	2023/03/10 18:21:05.317	0.00000000000170741000	2023/03/10 18:21:05.917	0.00000000000000052782	2023/03/10 18:21:07.018	0.00000000000010749900
2023/03/10 18:21:07.689	0.00000000096061800000	2023/03/10 18:21:11.290	0.00000000000003693690	2023/03/10 18:21:11.891	0.00000000000033170100	2023/03/10 18:21:12.491	0.00000000000025627900	2023/03/10 18:21:13.091	0.00000000000170860000	2023/03/10 18:21:13.692	0.00000000000000209302	2023/03/10 18:21:14.793	0.00000000000000000000
2023/03/10 18:21:15.464	0.00000000096038200000	2023/03/10 18:21:19.065	0.00000000000004156910	2023/03/10 18:21:19.666	0.00000000000033133500	2023/03/10 18:21:20.266	0.00000000000026234200	2023/03/10 18:21:20.867	0.00000000000170397000	2023/03/10 18:21:22.568	0.00000000000053749900
2023/03/10 18:21:23.239	0.00000000096000500000	2023/03/10 18:21:26.840	0.00000000000003478690	2023/03/10 18:21:27.441	0.00000000000033189500	2023/03/10 18:21:28.041	0.00000000000025897700	2023/03/10 18:21:28.642	0.00000000000170225000	2023/03/10 18:21:29.242	0.00000000000000557924	2023/03/10 18:21:30.343	0.00000000000021499900
2023/03/10 18:21:31.014	0.00000000095912400000	2023/03/10 18:21:34.615	0.00000000000003875900	2023/03/10 18:21:35.216	0.00000000000033154000	2023/03/10 18:21:35.816	0.00000000000025566600	2023/03/10 18:21:36.417	0.00000000000170763000	2023/03/10 18:21:37.017	0.00000000000000462464	2023/03/10 18:21:38.118	0.00000000000000000000
2023/03/10 18:21:38.789	0.00000000095930600000	2023/03/10 18:21:42.390	0.00000000000003398170	2023/03/10 18:21:42.991	0.00000000000032960500	2023/03/10 18:21:43.591	0.00000000000025324800	2023/03/10 18:21:44.192	0.00000000000169849000	2023/03/10 18:21:45.893	0.00000000000032249900
2023/03/10 18:21:46.564	0.00000000095909200000	2023/03/10 18:21:50.165	0.00000000000003829350	2023/03/10 18:21:50.766	0.00000000000032869100	2023/03/10 18:21:51.366	0.00000000000025090400	2023/03/10 18:21:51.967	0.00000000000169828000	2023/03/10 18:21:53.668	0.00000000000021499900
2023/03/10 18:21:54.339	0.00000000095898400000	2023/03/10 18:21:57.940	0.00000000000003916210	2023/03/10 18:21:58.541	0.00000000000032998100	2023/03/10 18:21:59.141	0.00000000000025788100	2023/03/10 18:21:59.742	0.00000000000169860000	2023/03/10 18:22:00.342	0.00000000000000105242	2023/03/10 18:22:01.443	0.00000000000032249900
