mass 2.0_time	datetime	Date	Elapsed time	Time	VMon1	VMon2	VMon3	VMon4	VMon5	VMon6	VMon7	VMon8	IMon1	IMon2	IMon3	IMon4	IMon5	IMon6	IMon7	IMon8	Comment	Unnamed: 19	hv_grid	I_em
2022-12-13 17:34:19	2022-12-13 17:34:19	13/12/2022	255.76500000000001	17:34:19.263	0.04	0.08	0.1	0.12	0.0	0.0	0.0	0.02	0.0003	0.0056	0.0084	0.01	0.0087	-0.0156	-0.0274	-0.0109			2.9999999999999995e-10	5.6e-09
2022-12-13 17:34:25	2022-12-13 17:34:25	13/12/2022	261.701	17:34:25.199	0.04	0.08	0.1	0.12	0.0	0.0	0.0	0.02	0.0003	0.0064	0.0084	0.01	0.0087	-0.0156	-0.0274	-0.011			2.9999999999999995e-10	6.4e-09
2022-12-13 17:34:31	2022-12-13 17:34:31	13/12/2022	267.579	17:34:31.077	0.04	0.08	0.1	0.12	0.0	0.0	0.0	0.02	0.0003	0.0058	0.0084	0.01	0.0087	-0.0156	-0.0274	-0.011			2.9999999999999995e-10	5.799999999999999e-09
2022-12-13 17:34:38	2022-12-13 17:34:38	13/12/2022	274.675	17:34:38.173	0.04	0.08	0.1	0.12	0.0	0.0	0.0	0.02	0.0003	0.0058	0.0084	0.01	0.0087	-0.0156	-0.0274	-0.011			2.9999999999999995e-10	5.799999999999999e-09
2022-12-13 17:34:44	2022-12-13 17:34:44	13/12/2022	280.557	17:34:44.055	0.04	0.08	0.1	0.12	0.0	0.0	0.0	0.02	0.0003	0.0055	0.0084	0.01	0.0087	-0.0156	-0.0274	-0.011			2.9999999999999995e-10	5.5e-09
2022-12-13 17:34:50	2022-12-13 17:34:51	13/12/2022	287.608	17:34:51.106	0.04	0.08	0.1	0.12	0.0	0.0	0.0	0.02	0.0003	0.0055	0.0084	0.0097	0.0087	-0.0154	-0.0274	-0.011			2.9999999999999995e-10	5.5e-09
2022-12-13 17:34:57	2022-12-13 17:34:58	13/12/2022	294.665	17:34:58.163	0.04	0.08	0.1	0.12	0.0	0.0	0.0	0.02	0.0003	0.0049	0.0084	0.0097	0.0087	-0.0154	-0.0262	-0.0116			2.9999999999999995e-10	4.899999999999999e-09
2022-12-13 17:35:03	2022-12-13 17:35:04	13/12/2022	300.577	17:35:04.075	0.04	0.08	0.1	0.12	0.0	0.0	0.0	0.02	0.0003	0.0049	0.0084	0.0097	0.0087	-0.0154	-0.0261	-0.0116			2.9999999999999995e-10	4.899999999999999e-09
2022-12-13 17:35:09	2022-12-13 17:35:09	13/12/2022	306.46500000000003	17:35:09.963	0.04	0.08	0.1	0.12	0.0	0.0	0.0	0.02	0.0003	0.0048	0.0083	0.0097	0.0087	-0.0154	-0.0261	-0.0116			2.9999999999999995e-10	4.799999999999999e-09
2022-12-13 17:35:16	2022-12-13 17:35:17	13/12/2022	313.529	17:35:17.027	0.04	0.08	0.1	0.12	0.0	0.0	0.0	0.02	0.0003	0.0042	0.008	0.0099	0.0087	-0.0154	-0.0261	-0.0117			2.9999999999999995e-10	4.1999999999999996e-09
2022-12-13 17:35:22	2022-12-13 17:35:22	13/12/2022	319.449	17:35:22.947	0.04	0.08	0.1	0.12	0.0	0.0	0.0	0.02	0.0003	0.0042	0.008	0.0099	0.0087	-0.0154	-0.0261	-0.0117			2.9999999999999995e-10	4.1999999999999996e-09
2022-12-13 17:35:28	2022-12-13 17:35:28	13/12/2022	325.34900000000005	17:35:28.847	0.04	0.08	0.1	0.12	0.0	0.0	0.0	0.02	0.0003	0.0027	0.008	0.0099	0.0087	-0.0154	-0.0261	-0.0117			2.9999999999999995e-10	2.7e-09
2022-12-13 17:35:35	2022-12-13 17:35:35	13/12/2022	332.46000000000004	17:35:35.958	0.04	0.08	0.1	0.12	0.0	0.0	0.0	0.02	0.0003	0.0036	0.008	0.0099	0.0087	-0.0154	-0.0261	-0.0119			2.9999999999999995e-10	3.5999999999999996e-09
2022-12-13 17:35:41	2022-12-13 17:35:41	13/12/2022	338.38	17:35:41.878	0.04	0.08	0.1	0.12	0.0	0.0	0.0	0.02	0.0003	0.0036	0.008	0.0099	0.0087	-0.0154	-0.0261	-0.0119			2.9999999999999995e-10	3.5999999999999996e-09
2022-12-13 17:35:47	2022-12-13 17:35:47	13/12/2022	344.29200000000003	17:35:47.790	0.04	0.08	0.1	0.12	0.0	0.0	0.0	0.02	0.0003	0.0036	0.008	0.0099	0.0087	-0.0154	-0.0261	-0.0119			2.9999999999999995e-10	3.5999999999999996e-09
2022-12-13 17:35:54	2022-12-13 17:35:54	13/12/2022	351.39300000000003	17:35:54.891	0.04	0.08	0.1	0.12	0.0	0.0	0.0	0.02	0.0003	0.0033	0.008	0.0099	0.0087	-0.0154	-0.0261	-0.0118			2.9999999999999995e-10	3.2999999999999998e-09
2022-12-13 17:36:00	2022-12-13 17:36:00	13/12/2022	357.336	17:36:00.834	0.04	0.08	0.1	0.12	0.0	0.0	0.0	0.02	0.0003	0.0033	0.008	0.0099	0.0087	-0.0154	-0.0261	-0.0118			2.9999999999999995e-10	3.2999999999999998e-09
2022-12-13 17:36:06	2022-12-13 17:36:06	13/12/2022	363.25	17:36:06.748	0.04	0.08	0.1	0.12	0.0	0.0	0.0	0.02	0.0003	0.0033	0.008	0.0099	0.0085	-0.0154	-0.0261	-0.0115			2.9999999999999995e-10	3.2999999999999998e-09
2022-12-13 17:36:13	2022-12-13 17:36:13	13/12/2022	370.34200000000004	17:36:13.840	0.04	0.08	0.1	0.12	0.0	0.0	0.0	0.02	0.0003	0.0033	0.008	0.0099	0.0081	-0.0153	-0.0261	-0.0115			2.9999999999999995e-10	3.2999999999999998e-09
2022-12-13 17:36:19	2022-12-13 17:36:19	13/12/2022	376.264	17:36:19.762	0.04	0.08	0.1	0.12	0.0	0.0	0.0	0.02	0.0003	0.0031	0.008	0.0099	0.0074	-0.0153	-0.0261	-0.0113			2.9999999999999995e-10	3.0999999999999996e-09
2022-12-13 17:36:25	2022-12-13 17:36:25	13/12/2022	382.192	17:36:25.690	0.04	0.08	0.1	0.12	0.0	0.0	0.0	0.02	0.0003	0.004	0.008	0.0099	0.0068	-0.0153	-0.0261	-0.0113			2.9999999999999995e-10	4e-09
2022-12-13 17:36:32	2022-12-13 17:36:32	13/12/2022	389.28000000000003	17:36:32.778	0.04	0.08	0.1	0.12	0.0	0.0	0.0	0.02	0.0002	0.004	0.0078	0.0099	0.0068	-0.0153	-0.0261	-0.0113			2e-10	4e-09
2022-12-13 17:36:38	2022-12-13 17:36:38	13/12/2022	395.19800000000004	17:36:38.696	0.04	0.08	0.1	0.12	0.0	0.0	0.0	0.02	0.0002	0.0039	0.0078	0.0099	0.0068	-0.0149	-0.0261	-0.0113			2e-10	3.899999999999999e-09
2022-12-13 17:36:44	2022-12-13 17:36:44	13/12/2022	401.13000000000005	17:36:44.628	0.04	0.08	0.1	0.12	0.0	0.0	0.0	0.02	-0.0009	0.0051	0.0078	0.0099	0.0068	-0.0149	-0.0261	-0.0108			8.999999999999999e-10	5.1e-09
2022-12-13 17:36:51	2022-12-13 17:36:51	13/12/2022	408.23400000000004	17:36:51.732	0.04	0.08	0.1	0.12	0.0	0.0	0.0	0.02	-0.0009	0.0049	0.0074	0.0099	0.0068	-0.0149	-0.0261	-0.0108			8.999999999999999e-10	4.899999999999999e-09
2022-12-13 17:36:57	2022-12-13 17:36:57	13/12/2022	414.158	17:36:57.656	0.04	0.08	0.1	0.12	0.0	0.0	0.0	0.02	-0.0009	0.0049	0.0074	0.0099	0.0068	-0.0149	-0.0261	-0.0108			8.999999999999999e-10	4.899999999999999e-09
2022-12-13 17:37:03	2022-12-13 17:37:03	13/12/2022	420.074	17:37:03.572	0.04	0.08	0.1	0.12	0.0	0.0	0.0	0.02	-0.0009	0.0044	0.0071	0.0099	0.0068	-0.0149	-0.0261	-0.0108			8.999999999999999e-10	4.4e-09
2022-12-13 17:37:09	2022-12-13 17:37:09	13/12/2022	425.994	17:37:09.492	0.04	0.08	0.1	0.12	0.0	0.0	0.0	0.02	-0.0009	0.0044	0.0071	0.0099	0.007	-0.0149	-0.0261	-0.0108			8.999999999999999e-10	4.4e-09
2022-12-13 17:37:16	2022-12-13 17:37:16	13/12/2022	433.10400000000004	17:37:16.602	0.04	0.08	0.1	0.12	0.0	0.0	0.0	0.02	-0.0009	0.0044	0.007	0.0099	0.007	-0.0149	-0.0261	-0.0108			8.999999999999999e-10	4.4e-09
2022-12-13 17:37:22	2022-12-13 17:37:22	13/12/2022	439.02000000000004	17:37:22.518	0.04	0.08	0.1	0.12	0.0	0.0	0.0	0.02	-0.0009	0.0049	0.007	0.0099	0.007	-0.0149	-0.0261	-0.0108			8.999999999999999e-10	4.899999999999999e-09
2022-12-13 17:37:28	2022-12-13 17:37:28	13/12/2022	444.93100000000004	17:37:28.429	0.04	0.08	0.1	0.12	0.0	0.0	0.0	0.02	-0.0009	0.0047	0.0068	0.0099	0.007	-0.0149	-0.0261	-0.0108			8.999999999999999e-10	4.7e-09
2022-12-13 17:37:35	2022-12-13 17:37:35	13/12/2022	452.033	17:37:35.531	0.04	0.08	0.1	0.12	0.0	0.0	0.0	0.02	-0.0009	0.0039	0.0068	0.0099	0.007	-0.0149	-0.0269	-0.0108			8.999999999999999e-10	3.899999999999999e-09
2022-12-13 17:37:41	2022-12-13 17:37:41	13/12/2022	457.956	17:37:41.454	0.04	0.08	0.1	0.12	0.0	0.0	0.0	0.02	-0.0009	0.0039	0.0068	0.0099	0.007	-0.0149	-0.0275	-0.0108			8.999999999999999e-10	3.899999999999999e-09
2022-12-13 17:37:47	2022-12-13 17:37:47	13/12/2022	463.87800000000004	17:37:47.376	0.04	0.08	0.1	0.12	0.0	0.0	0.0	0.02	-0.0009	0.0041	0.0068	0.0099	0.0083	-0.0149	-0.0275	-0.0108			8.999999999999999e-10	4.1e-09
2022-12-13 17:37:54	2022-12-13 17:37:54	13/12/2022	470.97900000000004	17:37:54.477	0.04	0.08	0.1	0.12	0.0	0.0	0.0	0.02	-0.0006	0.0042	0.0068	0.0099	0.0083	-0.0149	-0.0275	-0.011			5.999999999999999e-10	4.1999999999999996e-09
2022-12-13 17:38:00	2022-12-13 17:38:00	13/12/2022	476.90000000000003	17:38:00.398	0.04	0.08	0.1	0.12	0.0	0.0	0.0	0.02	-0.0006	0.0049	0.0068	0.0099	0.0083	-0.0149	-0.0275	-0.011			5.999999999999999e-10	4.899999999999999e-09
2022-12-13 17:38:06	2022-12-13 17:38:06	13/12/2022	482.831	17:38:06.329	0.04	0.08	0.1	0.12	0.0	0.0	0.0	0.02	-0.0006	0.0049	0.0068	0.0099	0.0083	-0.0149	-0.0275	-0.011			5.999999999999999e-10	4.899999999999999e-09
2022-12-13 17:38:13	2022-12-13 17:38:13	13/12/2022	489.937	17:38:13.435	0.04	0.08	0.1	0.12	0.0	0.0	0.0	0.02	-0.0006	0.0049	0.0068	0.0099	0.0083	-0.0149	-0.0275	-0.011			5.999999999999999e-10	4.899999999999999e-09
2022-12-13 17:38:19	2022-12-13 17:38:19	13/12/2022	495.85400000000004	17:38:19.352	0.04	0.08	0.1	0.12	0.0	0.0	0.0	0.02	-0.0006	0.0049	0.0068	0.0102	0.0083	-0.0149	-0.0275	-0.011			5.999999999999999e-10	4.899999999999999e-09
2022-12-13 17:38:25	2022-12-13 17:38:25	13/12/2022	501.73	17:38:25.228	0.04	0.08	0.1	0.12	0.0	0.0	0.0	0.02	-0.0006	0.0055	0.0068	0.0104	0.0083	-0.0149	-0.0275	-0.011			5.999999999999999e-10	5.5e-09
2022-12-13 17:38:32	2022-12-13 17:38:32	13/12/2022	509.19000000000005	17:38:32.688	0.04	99.3	0.08	0.0	0.0	0.0	0.0	0.02	-0.0006	0.2789	0.2416	0.1715	0.1065	-0.0149	-0.0275	-0.011			5.999999999999999e-10	2.789e-07
2022-12-13 17:38:38	2022-12-13 17:38:38	13/12/2022	514.6850000000001	17:38:38.183	0.04	100.04	441.1	170.88	0.0	0.0	0.0	0.02	-0.0006	2.7509	8.7914	8.253	7.2076	-0.0149	-0.0275	-0.011			5.999999999999999e-10	2.7509e-06
2022-12-13 17:38:44	2022-12-13 17:38:44	13/12/2022	520.75	17:38:44.248	0.08	100.16	998.42	762.8	0.0	0.0	0.0	0.02	-0.0006	1.2139	18.1883	18.0336	17.601	-0.0149	-0.0275	-0.0114			5.999999999999999e-10	1.2139e-06
2022-12-13 17:38:51	2022-12-13 17:38:52	13/12/2022	528.654	17:38:52.152	0.08	100.12	999.66	999.66	541.68	0.0	0.0	0.02	-0.0006	0.3799	24.9311	24.9099	24.8876	-0.0149	-0.0272	-0.0114			5.999999999999999e-10	3.799e-07
2022-12-13 17:38:57	2022-12-13 17:38:58	13/12/2022	534.688	17:38:58.186	0.1	100.1	999.74	999.72	999.74	0.0	0.0	0.02	-0.0577	0.3226	29.8618	29.8374	29.848	-0.0149	-0.0271	-0.0114			5.77e-08	3.226e-07
2022-12-13 17:39:03	2022-12-13 17:39:04	13/12/2022	540.702	17:39:04.200	0.1	100.1	999.78	999.76	999.74	0.0	0.0	0.02	-0.051	0.3308	29.8916	29.8982	29.8914	-0.0149	-0.0271	-0.0114			5.0999999999999993e-08	3.3079999999999997e-07
2022-12-13 17:39:10	2022-12-13 17:39:10	13/12/2022	546.6940000000001	17:39:10.192	0.06	100.1	999.78	999.8	999.72	0.0	0.0	0.02	-0.085	0.3259	29.9704	29.9795	29.9755	-0.0149	-0.0271	-0.0114			8.500000000000001e-08	3.259e-07
2022-12-13 17:39:16	2022-12-13 17:39:16	13/12/2022	552.707	17:39:16.205	0.12	100.1	999.8	999.8	999.72	0.0	0.0	0.02	-0.1119	0.3347	30.0503	30.0621	30.0536	-0.0149	-0.0258	-0.0114			1.1189999999999999e-07	3.347e-07
2022-12-13 17:39:22	2022-12-13 17:39:22	13/12/2022	558.6940000000001	17:39:22.192	0.1	100.1	999.8	999.82	999.76	0.0	0.0	0.02	-0.064	0.3382	30.1237	30.1366	30.1277	-0.0149	-0.0258	-0.0114			6.4e-08	3.382e-07
2022-12-13 17:39:29	2022-12-13 17:39:29	13/12/2022	565.913	17:39:29.411	0.1	100.1	999.82	999.86	999.78	0.0	0.0	0.02	-0.0605	0.3477	30.2146	30.2277	30.2173	-0.0149	-0.0258	-0.0118			6.049999999999999e-08	3.4769999999999997e-07
2022-12-13 17:39:35	2022-12-13 17:39:35	13/12/2022	571.871	17:39:35.369	0.12	100.1	999.84	999.86	999.78	0.0	0.0	0.02	-0.0863	0.3401	30.2804	30.2916	30.2825	-0.0149	-0.0258	-0.0118			8.63e-08	3.401e-07
2022-12-13 17:39:41	2022-12-13 17:39:41	13/12/2022	577.903	17:39:41.401	0.1	100.1	999.86	999.88	999.8	0.0	0.0	0.02	-0.046	0.329	30.3487	30.3569	30.3483	-0.0149	-0.0257	-0.0123			4.5999999999999995e-08	3.29e-07
2022-12-13 17:39:48	2022-12-13 17:39:48	13/12/2022	585.113	17:39:48.611	0.08	100.1	999.86	999.9	999.84	0.0	0.0	0.02	-0.1238	0.308	30.4144	30.4277	30.4199	-0.0149	-0.0257	-0.0123			1.2379999999999998e-07	3.08e-07
2022-12-13 17:39:54	2022-12-13 17:39:54	13/12/2022	591.157	17:39:54.655	0.1	100.1	999.88	999.92	999.84	0.0	0.0	0.02	-0.0851	0.2966	30.4742	30.488	30.4738	-0.0149	-0.0257	-0.0123			8.509999999999999e-08	2.9659999999999994e-07
2022-12-13 17:40:00	2022-12-13 17:40:00	13/12/2022	597.135	17:40:00.633	0.12	100.1	999.9	999.92	999.84	0.0	0.0	0.02	-0.0534	0.2897	30.5263	30.5402	30.5284	-0.0149	-0.0257	-0.0123			5.34e-08	2.897e-07
2022-12-13 17:40:07	2022-12-13 17:40:07	13/12/2022	604.3090000000001	17:40:07.807	0.12	100.1	999.9	999.94	999.88	0.0	0.0	0.02	-0.0482	0.2802	30.5884	30.6032	30.5868	-0.0149	-0.0257	-0.0123			4.8199999999999995e-08	2.802e-07
2022-12-13 17:40:13	2022-12-13 17:40:13	13/12/2022	610.283	17:40:13.781	0.12	100.1	999.9	999.94	999.88	0.0	0.0	0.02	-0.0938	0.2627	30.6378	30.6529	30.6423	-0.0149	-0.0257	-0.0123			9.379999999999999e-08	2.627e-07
2022-12-13 17:40:19	2022-12-13 17:40:19	13/12/2022	616.259	17:40:19.757	0.08	100.1	999.92	999.96	999.9	0.0	0.0	0.02	-0.0743	0.2615	30.6883	30.7031	30.6921	-0.0149	-0.0257	-0.0123			7.43e-08	2.615e-07
2022-12-13 17:40:26	2022-12-13 17:40:26	13/12/2022	623.438	17:40:26.936	0.1	100.1	999.92	999.96	999.92	0.0	0.0	0.02	-0.095	0.2494	30.7384	30.7553	30.743	-0.0149	-0.0257	-0.0128			9.499999999999999e-08	2.494e-07
2022-12-13 17:40:32	2022-12-13 17:40:32	13/12/2022	629.404	17:40:32.902	0.08	100.1	999.94	999.98	999.92	0.0	0.0	0.02	-0.0687	0.2467	30.7857	30.8085	30.7935	-0.0149	-0.0257	-0.0128			6.87e-08	2.467e-07
2022-12-13 17:40:38	2022-12-13 17:40:38	13/12/2022	635.3820000000001	17:40:38.880	0.08	100.1	999.96	1000.0	999.94	0.0	0.0	0.02	-0.0618	0.2355	30.8239	30.8495	30.8317	-0.0149	-0.0257	-0.0128			6.18e-08	2.3549999999999998e-07
2022-12-13 17:40:45	2022-12-13 17:40:46	13/12/2022	642.5690000000001	17:40:46.067	0.1	100.1	999.96	1000.02	999.94	0.0	0.0	0.02	-0.0684	0.1892	30.8653	30.8951	30.8772	-0.0149	-0.0257	-0.0128			6.84e-08	1.892e-07
2022-12-13 17:40:51	2022-12-13 17:40:52	13/12/2022	648.577	17:40:52.075	0.1	100.1	999.94	1000.02	999.94	0.0	0.0	0.02	-0.0457	0.1826	30.9078	30.9379	30.9188	-0.0149	-0.0257	-0.0128			4.569999999999999e-08	1.826e-07
2022-12-13 17:40:57	2022-12-13 17:40:58	13/12/2022	654.5550000000001	17:40:58.053	0.08	100.1	999.96	1000.02	999.94	0.0	0.0	0.02	-0.0544	0.1759	30.9447	30.9723	30.9569	-0.0149	-0.0257	-0.0128			5.44e-08	1.7589999999999998e-07
2022-12-13 17:41:04	2022-12-13 17:41:04	13/12/2022	660.548	17:41:04.046	0.08	100.1	999.96	1000.02	999.94	0.0	0.0	0.02	-0.0426	0.1762	30.9848	31.014	30.9974	-0.015	-0.0257	-0.0128			4.26e-08	1.7619999999999998e-07
2022-12-13 17:41:10	2022-12-13 17:41:10	13/12/2022	666.533	17:41:10.031	0.12	100.1	999.96	1000.02	999.96	0.0	0.0	0.02	-0.0397	0.1753	31.0216	31.0481	31.0335	-0.015	-0.0257	-0.0128			3.97e-08	1.7530000000000001e-07
2022-12-13 17:41:16	2022-12-13 17:41:16	13/12/2022	672.5160000000001	17:41:16.014	0.12	100.1	999.98	1000.02	999.98	0.0	0.0	0.02	-0.0857	0.1651	31.0622	31.086	31.0712	-0.015	-0.0257	-0.0123			8.569999999999999e-08	1.651e-07
2022-12-13 17:41:22	2022-12-13 17:41:23	13/12/2022	679.687	17:41:23.185	0.08	100.08	1000.0	1000.04	1000.0	0.0	0.0	0.02	-0.0543	0.1577	31.1035	31.1302	31.1151	-0.015	-0.0257	-0.0123			5.4299999999999997e-08	1.577e-07
2022-12-13 17:41:29	2022-12-13 17:41:29	13/12/2022	685.678	17:41:29.176	0.08	100.08	999.98	1000.04	1000.0	0.0	0.0	0.02	-0.0539	0.1637	31.1373	31.1646	31.1477	-0.015	-0.0257	-0.0123			5.39e-08	1.6370000000000002e-07
2022-12-13 17:41:35	2022-12-13 17:41:35	13/12/2022	691.69	17:41:35.188	0.1	100.08	999.98	1000.06	999.98	0.0	0.0	0.02	-0.0295	0.1561	31.1717	31.2043	31.18	-0.015	-0.0257	-0.0123			2.9499999999999996e-08	1.5609999999999998e-07
2022-12-13 17:41:41	2022-12-13 17:41:41	13/12/2022	697.688	17:41:41.186	0.08	100.08	999.98	1000.04	1000.0	0.0	0.0	0.02	-0.0269	0.1603	31.2363	31.2771	31.2392	-0.015	-0.0261	-0.0123			2.69e-08	1.603e-07
2022-12-13 17:41:48	2022-12-13 17:41:48	13/12/2022	704.863	17:41:48.361	0.12	100.08	999.98	1000.04	1000.0	0.0	0.0	0.02	-0.1108	0.1577	31.2403	31.2908	31.2486	-0.015	-0.0261	-0.0123			1.1079999999999999e-07	1.577e-07
2022-12-13 17:41:54	2022-12-13 17:41:54	13/12/2022	710.8520000000001	17:41:54.350	0.12	100.08	999.98	1000.04	1000.02	0.0	0.0	0.02	-0.0397	0.1577	31.2673	31.3357	31.2751	-0.015	-0.0261	-0.0123			3.97e-08	1.577e-07
2022-12-13 17:42:00	2022-12-13 17:42:00	13/12/2022	716.836	17:42:00.334	0.12	100.08	1000.0	1000.06	1000.02	0.0	0.0	0.02	-0.0932	0.1422	31.2918	31.3716	31.3026	-0.015	-0.0261	-0.0123			9.32e-08	1.422e-07
2022-12-13 17:42:07	2022-12-13 17:42:07	13/12/2022	724.018	17:42:07.516	0.08	100.1	1000.0	1000.06	1000.02	0.0	0.0	0.02	-0.0584	0.1373	31.3271	31.3719	31.3338	-0.015	-0.0261	-0.0123			5.84e-08	1.373e-07
2022-12-13 17:42:13	2022-12-13 17:42:13	13/12/2022	730.0160000000001	17:42:13.514	0.08	100.1	1000.0	1000.08	1000.04	0.0	0.0	0.02	-0.0363	0.1292	31.3502	31.3719	31.3571	-0.0156	-0.0261	-0.0106			3.6299999999999994e-08	1.292e-07
2022-12-13 17:42:19	2022-12-13 17:42:19	13/12/2022	736.008	17:42:19.506	0.1	100.1	1000.02	1000.08	1000.06	0.0	0.0	0.02	-0.0595	0.1272	31.3749	31.3721	31.3858	-0.0156	-0.0261	-0.0104			5.95e-08	1.272e-07
2022-12-13 17:42:26	2022-12-13 17:42:26	13/12/2022	743.226	17:42:26.724	0.08	100.1	1000.02	1000.08	1000.04	0.0	0.0	0.02	-0.0417	0.1258	31.4037	31.3723	31.4154	-0.0143	-0.0261	-0.0104			4.1699999999999996e-08	1.258e-07
2022-12-13 17:42:32	2022-12-13 17:42:32	13/12/2022	749.2120000000001	17:42:32.710	0.1	100.1	1000.0	1000.08	1000.04	0.0	0.0	0.02	-0.0453	0.1256	31.428	31.3729	31.4385	-0.0143	-0.0261	-0.0104			4.5299999999999995e-08	1.2559999999999999e-07
2022-12-13 17:42:38	2022-12-13 17:42:38	13/12/2022	755.2120000000001	17:42:38.710	0.1	100.1	1000.0	1000.1	1000.04	0.0	0.0	0.02	-0.0405	0.125	31.4532	31.3854	31.4611	-0.0143	-0.0261	-0.0104			4.05e-08	1.25e-07
2022-12-13 17:42:45	2022-12-13 17:42:45	13/12/2022	762.398	17:42:45.896	0.12	100.1	1000.0	1000.1	1000.06	0.0	0.0	0.02	0.0016	0.1225	31.4741	31.4275	31.4856	-0.0143	-0.0261	-0.0104			1.6e-09	1.225e-07
2022-12-13 17:42:51	2022-12-13 17:42:51	13/12/2022	768.4100000000001	17:42:51.908	0.12	100.1	1000.02	1000.12	1000.06	0.0	0.0	0.02	-0.0898	0.1224	31.5017	31.4646	31.5122	-0.0151	-0.0261	-0.0104			8.98e-08	1.2239999999999998e-07
2022-12-13 17:42:57	2022-12-13 17:42:57	13/12/2022	774.408	17:42:57.906	0.1	100.1	1000.02	1000.1	1000.06	0.0	0.0	0.02	-0.0676	0.1195	31.5168	31.492	31.5318	-0.0151	-0.0261	-0.0104			6.76e-08	1.1949999999999998e-07
2022-12-13 17:43:04	2022-12-13 17:43:05	13/12/2022	781.5870000000001	17:43:05.085	0.1	100.1	1000.02	1000.1	1000.06	0.0	0.0	0.02	-0.0528	0.1193	31.5435	31.5265	31.5604	-0.0151	-0.0261	-0.0104			5.2799999999999996e-08	1.193e-07
2022-12-13 17:43:10	2022-12-13 17:43:11	13/12/2022	787.582	17:43:11.080	0.1	100.1	1000.02	1000.12	1000.06	0.0	0.0	0.02	-0.0333	0.1234	31.5613	31.5475	31.5787	-0.0151	-0.0261	-0.0104			3.33e-08	1.2339999999999998e-07
2022-12-13 17:43:16	2022-12-13 17:43:17	13/12/2022	793.582	17:43:17.080	0.08	100.1	1000.02	1000.12	1000.08	0.0	0.0	0.02	-0.0603	0.1377	31.5851	31.5722	31.6004	-0.0151	-0.0261	-0.0104			6.029999999999999e-08	1.377e-07
2022-12-13 17:43:23	2022-12-13 17:43:23	13/12/2022	799.5730000000001	17:43:23.071	0.08	100.08	1000.02	1000.12	1000.08	0.0	0.0	0.02	-0.0293	0.141	31.6013	31.5878	31.6183	-0.0151	-0.0261	-0.0104			2.9299999999999998e-08	1.4099999999999998e-07
2022-12-13 17:43:29	2022-12-13 17:43:29	13/12/2022	805.572	17:43:29.070	0.1	100.08	1000.02	1000.12	1000.1	0.0	0.0	0.02	-0.0345	0.1438	31.625	31.6098	31.6394	-0.0151	-0.0261	-0.0104			3.4500000000000005e-08	1.438e-07
2022-12-13 17:43:35	2022-12-13 17:43:35	13/12/2022	811.565	17:43:35.063	0.1	100.08	1000.02	1000.12	1000.1	0.0	0.0	0.02	-0.0319	0.1446	31.6404	31.6265	31.6609	-0.0151	-0.0261	-0.0104			3.1899999999999994e-08	1.446e-07
2022-12-13 17:43:42	2022-12-13 17:43:42	13/12/2022	818.7600000000001	17:43:42.258	0.14	100.08	1000.02	1000.12	1000.08	0.0	0.0	0.02	-0.038	0.1557	31.6632	31.6494	31.6834	-0.0151	-0.0261	-0.0106			3.7999999999999996e-08	1.557e-07
2022-12-13 17:43:48	2022-12-13 17:43:48	13/12/2022	824.754	17:43:48.252	0.12	100.08	1000.02	1000.12	1000.08	0.0	0.0	0.02	-0.0394	0.1573	31.6755	31.6623	31.7098	-0.0151	-0.0261	-0.0106			3.9399999999999995e-08	1.5729999999999999e-07
2022-12-13 17:43:54	2022-12-13 17:43:54	13/12/2022	830.767	17:43:54.265	0.1	100.08	1000.04	1000.12	1000.1	0.0	0.0	0.02	-0.0859	0.1615	31.6924	31.6782	31.7379	-0.0151	-0.0261	-0.0106			8.59e-08	1.615e-07
2022-12-13 17:44:01	2022-12-13 17:44:01	13/12/2022	837.966	17:44:01.464	0.06	100.08	1000.04	1000.12	1000.1	0.0	0.0	0.02	-0.0341	0.1536	31.7064	31.693	31.7541	-0.015	-0.0264	-0.0106			3.4099999999999994e-08	1.5359999999999997e-07
2022-12-13 17:44:07	2022-12-13 17:44:07	13/12/2022	843.96	17:44:07.458	0.06	100.08	1000.02	1000.14	1000.1	0.0	0.0	0.02	-0.0599	0.1502	31.7194	31.7088	31.755	-0.0137	-0.0283	-0.0106			5.99e-08	1.5019999999999998e-07
2022-12-13 17:44:13	2022-12-13 17:44:13	13/12/2022	849.9580000000001	17:44:13.456	0.08	100.08	1000.02	1000.14	1000.1	0.0	0.0	0.02	-0.0506	0.1489	31.7331	31.7201	31.755	-0.0137	-0.0283	-0.0114			5.0599999999999996e-08	1.489e-07
2022-12-13 17:44:20	2022-12-13 17:44:20	13/12/2022	857.1400000000001	17:44:20.638	0.1	100.08	1000.02	1000.14	1000.1	0.0	0.0	0.02	-0.0986	0.1458	31.7482	31.7335	31.755	-0.0136	-0.0283	-0.0114			9.859999999999998e-08	1.458e-07
2022-12-13 17:44:26	2022-12-13 17:44:26	13/12/2022	863.1350000000001	17:44:26.633	0.1	100.08	1000.02	1000.14	1000.1	0.0	0.0	0.02	-0.0319	0.1458	31.7619	31.7485	31.755	-0.0136	-0.0283	-0.0114			3.1899999999999994e-08	1.458e-07
2022-12-13 17:44:32	2022-12-13 17:44:32	13/12/2022	869.1360000000001	17:44:32.634	0.1	100.08	1000.02	1000.14	1000.1	0.0	0.0	0.02	-0.0752	0.1483	31.7765	31.7577	31.755	-0.0136	-0.0282	-0.0114			7.52e-08	1.4829999999999997e-07
2022-12-13 17:44:39	2022-12-13 17:44:39	13/12/2022	876.344	17:44:39.842	0.08	100.08	1000.02	1000.14	1000.1	0.0	0.0	0.02	-0.049	0.1461	31.7939	31.7684	31.7555	-0.0136	-0.0282	-0.0114			4.9e-08	1.461e-07
2022-12-13 17:44:45	2022-12-13 17:44:45	13/12/2022	882.336	17:44:45.834	0.08	100.08	1000.02	1000.14	1000.1	0.0	0.0	0.02	-0.0459	0.1469	31.8053	31.778	31.7555	-0.0136	-0.0282	-0.0114			4.59e-08	1.469e-07
2022-12-13 17:44:51	2022-12-13 17:44:51	13/12/2022	888.3380000000001	17:44:51.836	0.06	100.08	1000.02	1000.14	1000.12	0.0	0.0	0.02	-0.0479	0.1469	31.8216	31.7857	31.7555	-0.0136	-0.0282	-0.0114			4.79e-08	1.469e-07
2022-12-13 17:44:58	2022-12-13 17:44:59	13/12/2022	895.528	17:44:59.026	0.1	100.08	1000.02	1000.14	1000.12	0.0	0.0	0.02	-0.0819	0.1481	31.8428	31.7968	31.7555	-0.0136	-0.0277	-0.0114			8.19e-08	1.481e-07
2022-12-13 17:45:04	2022-12-13 17:45:05	13/12/2022	901.546	17:45:05.044	0.08	100.08	1000.02	1000.14	1000.12	0.0	0.0	0.02	-0.0328	0.151	31.8505	31.8031	31.7555	-0.0136	-0.0277	-0.0114			3.28e-08	1.51e-07
2022-12-13 17:45:10	2022-12-13 17:45:11	13/12/2022	907.615	17:45:11.113	0.1	100.08	1000.02	1000.14	1000.12	0.0	0.0	0.02	-0.056	0.1442	31.8527	31.8074	31.7555	-0.0136	-0.0277	-0.0114	minimal emission current		5.6e-08	1.4419999999999998e-07
2022-12-13 17:45:17	2022-12-13 17:45:17	13/12/2022	913.918	17:45:17.416	301.2	100.1	1000.02	1000.14	1000.12	0.0	0.0	0.02	0.5047	0.0617	31.8527	31.8185	31.7556	-0.0141	-0.0277	-0.0114			5.047e-07	6.169999999999999e-08
2022-12-13 17:45:23	2022-12-13 17:45:23	13/12/2022	919.899	17:45:23.397	499.88	100.1	1000.02	1000.14	1000.12	0.0	0.0	0.02	0.024	0.0195	31.8527	31.8208	31.7558	-0.0142	-0.0277	-0.0114			2.4e-08	1.95e-08
2022-12-13 17:45:29	2022-12-13 17:45:29	13/12/2022	925.907	17:45:29.405	499.88	100.1	1000.02	1000.14	1000.12	0.0	0.0	0.02	0.0212	0.0176	31.8527	31.8289	31.7558	-0.0142	-0.0277	-0.0114			2.1199999999999998e-08	1.76e-08
2022-12-13 17:45:35	2022-12-13 17:45:35	13/12/2022	931.902	17:45:35.400	499.88	100.1	1000.02	1000.14	1000.12	0.0	0.0	0.02	0.0194	0.016	31.8527	31.8338	31.7572	-0.0142	-0.0277	-0.0116			1.94e-08	1.6e-08
2022-12-13 17:45:42	2022-12-13 17:45:42	13/12/2022	939.095	17:45:42.593	499.88	100.1	1000.02	1000.14	1000.12	0.0	0.0	0.02	0.0178	0.016	31.8527	31.8433	31.7593	-0.0142	-0.0277	-0.0132			1.78e-08	1.6e-08
2022-12-13 17:45:48	2022-12-13 17:45:48	13/12/2022	945.0490000000001	17:45:48.547	499.88	100.1	1000.02	1000.14	1000.12	0.0	0.0	0.02	0.0177	0.0123	31.8527	31.8475	31.7605	-0.0142	-0.0277	-0.0132			1.77e-08	1.23e-08
2022-12-13 17:45:54	2022-12-13 17:45:54	13/12/2022	951.051	17:45:54.549	499.9	100.1	1000.02	1000.14	1000.12	0.0	0.0	0.02	0.0176	0.0136	31.8527	31.851	31.7618	-0.0142	-0.0277	-0.0132			1.76e-08	1.36e-08
2022-12-13 17:46:01	2022-12-13 17:46:01	13/12/2022	958.2550000000001	17:46:01.753	499.9	100.1	1000.02	1000.14	1000.12	0.0	0.0	0.02	0.0174	0.0125	31.8527	31.8562	31.7673	-0.0142	-0.0277	-0.0132			1.7399999999999997e-08	1.25e-08
2022-12-13 17:46:07	2022-12-13 17:46:07	13/12/2022	964.258	17:46:07.756	499.9	100.08	1000.02	1000.14	1000.12	0.0	0.0	0.02	0.0151	0.0128	31.8527	31.8613	31.7759	-0.0142	-0.0277	-0.0132			1.51e-08	1.28e-08
2022-12-13 17:46:13	2022-12-13 17:46:13	13/12/2022	970.259	17:46:13.757	499.9	100.08	1000.02	1000.14	1000.12	0.0	0.0	0.02	0.0151	0.0132	31.8527	31.8674	31.7841	-0.0142	-0.0277	-0.0132			1.51e-08	1.3199999999999999e-08
2022-12-13 17:46:20	2022-12-13 17:46:20	13/12/2022	977.465	17:46:20.963	499.9	100.08	1000.04	1000.14	1000.12	0.0	0.0	0.02	0.0151	0.0132	31.8527	31.8705	31.7918	-0.0142	-0.0277	-0.0128			1.51e-08	1.3199999999999999e-08
2022-12-13 17:46:26	2022-12-13 17:46:26	13/12/2022	983.4680000000001	17:46:26.966	499.9	100.08	1000.04	1000.14	1000.14	0.0	0.0	0.02	0.0154	0.0132	31.8527	31.8725	31.7981	-0.0142	-0.0277	-0.0125			1.54e-08	1.3199999999999999e-08
2022-12-13 17:46:32	2022-12-13 17:46:32	13/12/2022	989.4670000000001	17:46:32.965	499.9	100.08	1000.04	1000.14	1000.14	0.0	0.0	0.02	0.0154	0.0132	31.8527	31.8743	31.7952	-0.0142	-0.0277	-0.0123			1.54e-08	1.3199999999999999e-08
2022-12-13 17:46:39	2022-12-13 17:46:40	13/12/2022	996.667	17:46:40.165	499.9	100.08	1000.04	1000.14	1000.14	0.0	0.0	0.02	0.0162	0.0134	31.8528	31.881	31.8135	-0.0142	-0.0277	-0.0123			1.62e-08	1.34e-08
2022-12-13 17:46:45	2022-12-13 17:46:46	13/12/2022	1002.6740000000001	17:46:46.172	499.92	100.08	1000.04	1000.16	1000.14	0.0	0.0	0.02	0.0162	0.0135	31.8528	31.883	31.8123	-0.0142	-0.0277	-0.0123			1.62e-08	1.3499999999999998e-08
2022-12-13 17:46:51	2022-12-13 17:46:52	13/12/2022	1008.6850000000001	17:46:52.183	499.92	100.08	1000.04	1000.16	1000.14	0.0	0.0	0.02	0.0162	0.0133	31.8528	31.8825	31.8192	-0.0142	-0.0277	-0.0123			1.62e-08	1.3299999999999998e-08
2022-12-13 17:46:58	2022-12-13 17:46:58	13/12/2022	1014.7120000000001	17:46:58.210	499.92	100.08	1000.04	1000.16	1000.14	0.0	0.0	0.02	0.0173	0.014	31.8528	31.8849	31.818	-0.0142	-0.0277	-0.0123			1.73e-08	1.4e-08
2022-12-13 17:47:04	2022-12-13 17:47:04	13/12/2022	1020.719	17:47:04.217	499.92	100.08	1000.04	1000.16	1000.14	0.0	0.0	0.02	0.0188	0.014	31.8528	31.8848	31.8138	-0.0142	-0.0277	-0.0123			1.88e-08	1.4e-08
2022-12-13 17:47:10	2022-12-13 17:47:10	13/12/2022	1026.74	17:47:10.238	499.92	100.08	1000.04	1000.16	1000.14	0.0	0.0	0.02	0.0188	0.014	31.8528	31.8853	31.8137	-0.0142	-0.0277	-0.0123			1.88e-08	1.4e-08
2022-12-13 17:47:17	2022-12-13 17:47:17	13/12/2022	1033.94	17:47:17.438	499.92	100.08	1000.04	1000.16	1000.14	0.0	0.0	0.02	0.0188	0.0133	31.8528	31.8867	31.8233	-0.0142	-0.0277	-0.0123			1.88e-08	1.3299999999999998e-08
2022-12-13 17:47:23	2022-12-13 17:47:23	13/12/2022	1039.9350000000002	17:47:23.433	499.94	100.08	1000.04	1000.16	1000.14	0.0	0.0	0.02	0.0187	0.0118	31.8528	31.8873	31.8159	-0.0142	-0.0277	-0.0123			1.8700000000000002e-08	1.18e-08
2022-12-13 17:47:29	2022-12-13 17:47:30	13/12/2022	1046.7330000000002	17:47:30.231	459.04	100.08	1000.04	1000.16	1000.14	0.0	0.0	0.02	-0.4476	0.0141	31.8528	31.8878	31.8242	-0.0142	-0.0277	-0.0123			4.4759999999999996e-07	1.4099999999999999e-08
2022-12-13 17:47:36	2022-12-13 17:47:36	13/12/2022	1052.7450000000001	17:47:36.243	0.56	100.08	1000.04	1000.16	1000.14	0.0	0.0	0.02	-0.0751	0.1279	31.8528	31.885	31.8186	-0.0142	-0.0277	-0.0123			7.509999999999999e-08	1.279e-07
2022-12-13 17:47:42	2022-12-13 17:47:42	13/12/2022	1058.771	17:47:42.269	0.14	100.08	1000.04	1000.16	1000.14	0.0	0.0	0.02	-0.0937	0.1437	31.8528	31.8842	31.8144	-0.0142	-0.0277	-0.0123	grid transparent		9.37e-08	1.437e-07
2022-12-13 17:47:48	2022-12-13 17:47:48	13/12/2022	1064.759	17:47:48.257	0.14	100.08	1000.04	1000.16	1000.14	0.0	0.0	0.02	-0.0628	0.1455	31.8528	31.8843	31.8182	-0.0142	-0.0277	-0.0123			6.279999999999999e-08	1.4549999999999997e-07
2022-12-13 17:47:55	2022-12-13 17:47:55	13/12/2022	1072.016	17:47:55.514	0.12	100.08	1000.04	1000.18	1000.14	0.0	0.0	0.02	-0.0353	0.1494	31.8528	31.8833	31.8094	-0.0142	-0.0277	-0.0123			3.53e-08	1.494e-07
2022-12-13 17:48:01	2022-12-13 17:48:01	13/12/2022	1078.006	17:48:01.504	0.12	100.08	1000.04	1000.18	1000.16	0.0	0.0	0.02	-0.0296	0.1549	31.8528	31.884	31.8124	-0.0142	-0.0277	-0.0123			2.96e-08	1.549e-07
2022-12-13 17:48:07	2022-12-13 17:48:07	13/12/2022	1083.9940000000001	17:48:07.492	0.14	100.08	1000.04	1000.18	1000.16	0.0	0.0	0.02	-0.0913	0.1549	31.8528	31.8826	31.8137	-0.0142	-0.0277	-0.0123			9.13e-08	1.549e-07
2022-12-13 17:48:14	2022-12-13 17:48:14	13/12/2022	1091.1960000000001	17:48:14.694	0.1	100.08	1000.04	1000.18	1000.16	0.0	0.0	0.02	-0.0225	0.1536	31.8528	31.8797	31.7997	-0.0142	-0.0277	-0.0123			2.25e-08	1.5359999999999997e-07
2022-12-13 17:48:20	2022-12-13 17:48:20	13/12/2022	1097.223	17:48:20.721	0.08	100.08	1000.04	1000.18	1000.16	0.0	0.0	0.02	-0.045	0.153	31.8528	31.876	31.7934	-0.0142	-0.0277	-0.0123			4.5e-08	1.5299999999999998e-07
2022-12-13 17:48:26	2022-12-13 17:48:26	13/12/2022	1103.228	17:48:26.726	0.1	100.06	1000.04	1000.18	1000.16	0.0	0.0	0.02	-0.0236	0.1789	31.8528	31.8758	31.7968	-0.0142	-0.0277	-0.0123			2.36e-08	1.789e-07
2022-12-13 17:48:33	2022-12-13 17:48:33	13/12/2022	1110.443	17:48:33.941	0.12	100.06	1000.04	1000.18	1000.16	0.0	0.0	0.02	-0.0362	0.1711	31.8528	31.8726	31.7846	-0.0142	-0.027	-0.0123			3.62e-08	1.711e-07
2022-12-13 17:48:39	2022-12-13 17:48:39	13/12/2022	1116.4560000000001	17:48:39.954	0.1	100.06	1000.04	1000.18	1000.16	0.0	0.0	0.02	-0.0265	0.1754	31.8528	31.8681	31.7806	-0.0142	-0.0269	-0.0123			2.65e-08	1.754e-07
2022-12-13 17:48:45	2022-12-13 17:48:45	13/12/2022	1122.479	17:48:45.977	0.12	100.06	1000.04	1000.18	1000.16	0.0	0.0	0.02	-0.0843	0.1732	31.8528	31.8668	31.7798	-0.0142	-0.0269	-0.0123			8.43e-08	1.732e-07
2022-12-13 17:48:52	2022-12-13 17:48:53	13/12/2022	1129.6290000000001	17:48:53.127	0.08	100.06	1000.04	1000.18	1000.16	0.0	0.0	0.02	-0.0435	0.1726	31.8528	31.8622	31.7735	-0.0142	-0.0261	-0.0123			4.349999999999999e-08	1.726e-07
2022-12-13 17:48:58	2022-12-13 17:48:59	13/12/2022	1135.6090000000002	17:48:59.107	0.1	100.06	1000.04	1000.18	1000.16	0.0	0.0	0.02	-0.0269	0.1819	31.8528	31.8583	31.7691	-0.0142	-0.0261	-0.0123			2.69e-08	1.819e-07
2022-12-13 17:49:04	2022-12-13 17:49:05	13/12/2022	1141.634	17:49:05.132	0.14	100.06	1000.04	1000.18	1000.16	0.0	0.0	0.02	-0.0312	0.1728	31.8528	31.8565	31.7675	-0.0142	-0.0261	-0.0124			3.1199999999999995e-08	1.728e-07
2022-12-13 17:49:11	2022-12-13 17:49:11	13/12/2022	1147.625	17:49:11.123	0.12	100.06	1000.04	1000.18	1000.16	0.0	0.0	0.02	-0.0792	0.1736	31.8528	31.8532	31.7646	-0.0142	-0.0261	-0.0124			7.920000000000001e-08	1.736e-07
2022-12-13 17:49:17	2022-12-13 17:49:17	13/12/2022	1153.625	17:49:17.123	0.1	100.06	1000.04	1000.18	1000.16	0.0	0.0	0.02	-0.0609	0.1715	31.8528	31.8494	31.7611	-0.0142	-0.0246	-0.0124			6.09e-08	1.715e-07
2022-12-13 17:49:23	2022-12-13 17:49:23	13/12/2022	1159.652	17:49:23.150	0.1	100.06	1000.04	1000.18	1000.16	0.0	0.0	0.02	-0.0331	0.1732	31.8528	31.8457	31.7614	-0.0142	-0.0246	-0.0124			3.31e-08	1.732e-07
2022-12-13 17:49:30	2022-12-13 17:49:30	13/12/2022	1166.864	17:49:30.362	0.12	100.08	1000.04	1000.18	1000.16	0.0	0.0	0.02	-0.0745	0.166	31.8528	31.838	31.7614	-0.0142	-0.0246	-0.0124			7.45e-08	1.66e-07
2022-12-13 17:49:36	2022-12-13 17:49:36	13/12/2022	1172.853	17:49:36.351	0.12	100.08	1000.04	1000.18	1000.16	0.0	0.0	0.02	-0.03	0.1675	31.8528	31.8367	31.7615	-0.0142	-0.0246	-0.0124			3e-08	1.675e-07
2022-12-13 17:49:42	2022-12-13 17:49:42	13/12/2022	1178.912	17:49:42.410	0.08	100.08	1000.04	1000.18	1000.16	0.0	0.0	0.02	-0.0298	0.1608	31.8528	31.8305	31.7615	-0.0142	-0.0246	-0.0124			2.98e-08	1.6079999999999998e-07
2022-12-13 17:49:48	2022-12-13 17:49:48	13/12/2022	1184.9160000000002	17:49:48.414	0.08	100.08	1000.04	1000.18	1000.16	0.0	0.0	0.02	-0.0384	0.1551	31.8528	31.8264	31.7615	-0.0142	-0.0255	-0.0124			3.839999999999999e-08	1.5509999999999998e-07
2022-12-13 17:49:55	2022-12-13 17:49:55	13/12/2022	1192.1190000000001	17:49:55.617	0.12	100.08	1000.04	1000.18	1000.16	0.0	0.0	0.02	-0.0339	0.154	31.8528	31.8189	31.7615	-0.0142	-0.0255	-0.0124			3.39e-08	1.54e-07
2022-12-13 17:50:01	2022-12-13 17:50:01	13/12/2022	1198.126	17:50:01.624	0.1	100.08	1000.04	1000.18	1000.16	0.0	0.0	0.02	-0.0614	0.1577	31.8528	31.814	31.7615	-0.0147	-0.0255	-0.0124			6.14e-08	1.577e-07
2022-12-13 17:50:07	2022-12-13 17:50:07	13/12/2022	1204.141	17:50:07.639	0.08	100.08	1000.04	1000.18	1000.16	0.0	0.0	0.02	-0.0548	0.1591	31.8528	31.8093	31.7615	-0.0147	-0.0259	-0.0124			5.48e-08	1.591e-07
2022-12-13 17:50:14	2022-12-13 17:50:14	13/12/2022	1211.3100000000002	17:50:14.808	0.12	100.08	1000.04	1000.18	1000.16	0.0	0.0	0.02	-0.0734	0.1667	31.8516	31.8064	31.7615	-0.0147	-0.0261	-0.0119			7.340000000000001e-08	1.6669999999999998e-07
2022-12-13 17:50:20	2022-12-13 17:50:20	13/12/2022	1217.3300000000002	17:50:20.828	0.12	100.08	1000.04	1000.18	1000.16	0.0	0.0	0.02	-0.0725	0.1601	31.838	31.7943	31.7615	-0.0145	-0.0261	-0.0119			7.25e-08	1.6009999999999998e-07
2022-12-13 17:50:26	2022-12-13 17:50:26	13/12/2022	1223.3210000000001	17:50:26.819	0.1	100.08	1000.04	1000.18	1000.16	0.0	0.0	0.02	-0.0645	0.1571	31.8245	31.7879	31.7615	-0.0142	-0.0262	-0.0119			6.45e-08	1.5709999999999997e-07
2022-12-13 17:50:33	2022-12-13 17:50:34	13/12/2022	1230.5710000000001	17:50:34.069	0.12	100.08	1000.04	1000.18	1000.16	0.0	0.0	0.02	-0.0248	0.1506	31.807	31.7807	31.7615	-0.0142	-0.0262	-0.0119			2.4799999999999997e-08	1.506e-07
2022-12-13 17:50:39	2022-12-13 17:50:40	13/12/2022	1236.575	17:50:40.073	0.12	100.08	1000.04	1000.18	1000.16	0.0	0.0	0.02	-0.0986	0.1502	31.7983	31.778	31.7615	-0.0142	-0.0262	-0.0119			9.859999999999998e-08	1.5019999999999998e-07
2022-12-13 17:50:45	2022-12-13 17:50:46	13/12/2022	1242.584	17:50:46.082	0.12	100.08	1000.04	1000.18	1000.16	0.0	0.0	0.02	-0.0904	0.1502	31.7882	31.7694	31.7615	-0.0139	-0.0262	-0.0119			9.039999999999999e-08	1.5019999999999998e-07
2022-12-13 17:50:52	2022-12-13 17:50:52	13/12/2022	1248.588	17:50:52.086	0.12	100.08	1000.04	1000.18	1000.16	0.0	0.0	0.02	-0.0824	0.1514	31.7866	31.7628	31.7615	-0.0139	-0.0262	-0.0119			8.24e-08	1.514e-07
2022-12-13 17:50:58	2022-12-13 17:50:58	13/12/2022	1254.577	17:50:58.075	0.12	100.08	1000.04	1000.18	1000.16	0.0	0.0	0.02	-0.0778	0.1507	31.7733	31.7564	31.7615	-0.0139	-0.0262	-0.0115			7.78e-08	1.507e-07
2022-12-13 17:51:04	2022-12-13 17:51:04	13/12/2022	1260.5990000000002	17:51:04.097	0.12	100.08	1000.04	1000.18	1000.16	0.0	0.0	0.02	-0.0451	0.1506	31.7629	31.7507	31.7615	-0.0139	-0.0262	-0.0114			4.51e-08	1.506e-07
2022-12-13 17:51:11	2022-12-13 17:51:11	13/12/2022	1267.786	17:51:11.284	0.1	100.08	1000.04	1000.18	1000.16	0.0	0.0	0.02	-0.0591	0.1481	31.7561	31.7443	31.7615	-0.0139	-0.0262	-0.0114			5.91e-08	1.481e-07
2022-12-13 17:51:17	2022-12-13 17:51:17	13/12/2022	1273.7810000000002	17:51:17.279	0.08	100.08	1000.04	1000.18	1000.16	0.0	0.0	0.02	-0.0252	0.1523	31.7496	31.7337	31.7615	-0.0139	-0.0262	-0.0114			2.52e-08	1.5229999999999998e-07
2022-12-13 17:51:23	2022-12-13 17:51:23	13/12/2022	1279.8010000000002	17:51:23.299	0.1	100.08	1000.04	1000.18	1000.16	0.0	0.0	0.02	-0.0372	0.1519	31.7383	31.7309	31.7615	-0.0139	-0.0262	-0.0114			3.7199999999999996e-08	1.519e-07
2022-12-13 17:51:30	2022-12-13 17:51:30	13/12/2022	1286.9920000000002	17:51:30.490	0.1	100.08	1000.04	1000.18	1000.16	0.0	0.0	0.02	-0.0238	0.156	31.7322	31.7226	31.7615	-0.0139	-0.0262	-0.0114			2.38e-08	1.56e-07
2022-12-13 17:51:36	2022-12-13 17:51:36	13/12/2022	1292.988	17:51:36.486	0.1	100.08	1000.04	1000.18	1000.16	0.0	0.0	0.02	-0.0216	0.1571	31.7263	31.7146	31.7615	-0.0139	-0.0262	-0.0114			2.16e-08	1.5709999999999997e-07
2022-12-13 17:51:42	2022-12-13 17:51:42	13/12/2022	1298.9850000000001	17:51:42.483	0.06	100.08	1000.04	1000.18	1000.16	0.0	0.0	0.02	-0.0327	0.1458	31.7158	31.7034	31.7615	-0.0138	-0.0262	-0.0114			3.27e-08	1.458e-07
2022-12-13 17:51:49	2022-12-13 17:51:49	13/12/2022	1306.173	17:51:49.671	0.1	100.08	1000.04	1000.18	1000.16	0.0	0.0	0.02	-0.076	0.1458	31.7091	31.6972	31.7605	-0.0138	-0.0262	-0.0114			7.599999999999999e-08	1.458e-07
2022-12-13 17:51:55	2022-12-13 17:51:55	13/12/2022	1312.172	17:51:55.670	0.12	100.08	1000.04	1000.18	1000.16	0.0	0.0	0.02	-0.0695	0.1413	31.6994	31.6867	31.7546	-0.0138	-0.0262	-0.011			6.950000000000001e-08	1.413e-07
2022-12-13 17:52:01	2022-12-13 17:52:01	13/12/2022	1318.1650000000002	17:52:01.663	0.12	100.08	1000.04	1000.18	1000.16	0.0	0.0	0.02	-0.101	0.1471	31.6894	31.6833	31.7393	-0.0138	-0.0262	-0.011			1.01e-07	1.4710000000000001e-07
2022-12-13 17:52:08	2022-12-13 17:52:08	13/12/2022	1325.376	17:52:08.874	0.1	100.08	1000.04	1000.2	1000.16	0.0	0.0	0.02	-0.0457	0.1544	31.683	31.6735	31.7189	-0.0138	-0.0262	-0.011			4.569999999999999e-08	1.544e-07
2022-12-13 17:52:14	2022-12-13 17:52:14	13/12/2022	1331.3600000000001	17:52:14.858	0.08	100.08	1000.04	1000.2	1000.16	0.0	0.0	0.02	-0.0544	0.1548	31.6752	31.6658	31.7099	-0.0138	-0.0262	-0.011			5.44e-08	1.5479999999999998e-07
2022-12-13 17:52:20	2022-12-13 17:52:20	13/12/2022	1337.353	17:52:20.851	0.08	100.08	1000.06	1000.2	1000.16	0.0	0.0	0.02	-0.0291	0.1557	31.6663	31.6568	31.6967	-0.0138	-0.0262	-0.011			2.91e-08	1.557e-07
2022-12-13 17:52:27	2022-12-13 17:52:28	13/12/2022	1344.535	17:52:28.033	0.12	100.08	1000.06	1000.2	1000.16	0.0	0.0	0.02	-0.0788	0.1577	31.6567	31.6498	31.6834	-0.0138	-0.0262	-0.011			7.879999999999999e-08	1.577e-07
2022-12-13 17:52:33	2022-12-13 17:52:34	13/12/2022	1350.527	17:52:34.025	0.12	100.08	1000.06	1000.2	1000.16	0.0	0.0	0.02	-0.1066	0.1564	31.6456	31.6394	31.671	-0.0138	-0.0262	-0.011			1.066e-07	1.564e-07
2022-12-13 17:52:39	2022-12-13 17:52:40	13/12/2022	1356.527	17:52:40.025	0.12	100.08	1000.06	1000.2	1000.16	0.0	0.0	0.02	-0.0795	0.1565	31.6402	31.6301	31.6645	-0.0138	-0.0262	-0.0108			7.95e-08	1.565e-07
2022-12-13 17:52:46	2022-12-13 17:52:46	13/12/2022	1362.527	17:52:46.025	0.1	100.08	1000.06	1000.2	1000.16	0.0	0.0	0.02	-0.0404	0.162	31.6323	31.6211	31.654	-0.0138	-0.0262	-0.0108			4.04e-08	1.62e-07
2022-12-13 17:52:52	2022-12-13 17:52:52	13/12/2022	1368.535	17:52:52.033	0.08	100.08	1000.06	1000.2	1000.16	0.0	0.0	0.02	-0.064	0.1684	31.626	31.6162	31.6473	-0.0138	-0.0262	-0.0108			6.4e-08	1.684e-07
2022-12-13 17:52:58	2022-12-13 17:52:58	13/12/2022	1374.535	17:52:58.033	0.08	100.08	1000.06	1000.2	1000.16	0.0	0.0	0.02	-0.0465	0.1687	31.6163	31.6096	31.6395	-0.0138	-0.0263	-0.0108			4.65e-08	1.6869999999999997e-07
2022-12-13 17:53:05	2022-12-13 17:53:05	13/12/2022	1381.727	17:53:05.225	0.12	100.08	1000.06	1000.2	1000.16	0.0	0.0	0.02	-0.0272	0.1666	31.6059	31.5944	31.6266	-0.0138	-0.0263	-0.0108			2.72e-08	1.666e-07
2022-12-13 17:53:11	2022-12-13 17:53:11	13/12/2022	1387.7150000000001	17:53:11.213	0.12	100.08	1000.06	1000.2	1000.16	0.0	0.0	0.02	-0.0387	0.1641	31.5946	31.585	31.6138	-0.0138	-0.0263	-0.0108			3.8699999999999996e-08	1.641e-07
2022-12-13 17:53:17	2022-12-13 17:53:17	13/12/2022	1393.721	17:53:17.219	0.14	100.08	1000.06	1000.2	1000.16	0.0	0.0	0.02	-0.0335	0.1641	31.5871	31.5815	31.6066	-0.0138	-0.0259	-0.0108			3.35e-08	1.641e-07
2022-12-13 17:53:24	2022-12-13 17:53:24	13/12/2022	1400.9180000000001	17:53:24.416	0.1	100.08	1000.06	1000.2	1000.16	0.0	0.0	0.02	-0.0313	0.1645	31.5764	31.5665	31.5935	-0.0138	-0.0259	-0.0108			3.13e-08	1.645e-07
2022-12-13 17:53:30	2022-12-13 17:53:30	13/12/2022	1406.9160000000002	17:53:30.414	0.1	100.08	1000.06	1000.2	1000.16	0.0	0.0	0.02	-0.0389	0.1669	31.5715	31.5606	31.587	-0.0138	-0.0259	-0.0116			3.89e-08	1.669e-07
2022-12-13 17:53:36	2022-12-13 17:53:36	13/12/2022	1412.909	17:53:36.407	0.08	100.08	1000.06	1000.2	1000.16	0.0	0.0	0.02	-0.0287	0.1606	31.5608	31.5456	31.5767	-0.0138	-0.0259	-0.0116			2.87e-08	1.606e-07
2022-12-13 17:53:43	2022-12-13 17:53:43	13/12/2022	1420.103	17:53:43.601	0.1	100.08	1000.06	1000.2	1000.16	0.0	0.0	0.02	-0.0685	0.1649	31.5529	31.5334	31.5671	-0.0138	-0.0259	-0.0116			6.85e-08	1.6489999999999997e-07
2022-12-13 17:53:49	2022-12-13 17:53:49	13/12/2022	1426.1070000000002	17:53:49.605	0.08	100.08	1000.06	1000.2	1000.16	0.0	0.0	0.02	-0.0799	0.1627	31.5409	31.523	31.5574	-0.0137	-0.0259	-0.0116			7.99e-08	1.627e-07
2022-12-13 17:53:55	2022-12-13 17:53:55	13/12/2022	1432.097	17:53:55.595	0.1	100.08	1000.06	1000.2	1000.16	0.0	0.0	0.02	-0.0773	0.1645	31.5366	31.513	31.5493	-0.0137	-0.0259	-0.0116			7.729999999999998e-08	1.645e-07
2022-12-13 17:54:01	2022-12-13 17:54:01	13/12/2022	1438.087	17:54:01.585	0.1	100.08	1000.06	1000.2	1000.18	0.0	0.0	0.02	-0.0661	0.1632	31.526	31.5002	31.5413	-0.0137	-0.0259	-0.0124			6.61e-08	1.632e-07
2022-12-13 17:54:08	2022-12-13 17:54:08	13/12/2022	1445.287	17:54:08.785	0.1	100.08	1000.06	1000.2	1000.18	0.0	0.0	0.02	-0.0994	0.1624	31.5146	31.4864	31.5289	-0.0137	-0.0259	-0.0124			9.94e-08	1.6239999999999997e-07
2022-12-13 17:54:14	2022-12-13 17:54:14	13/12/2022	1451.286	17:54:14.784	0.12	100.08	1000.06	1000.2	1000.18	0.0	0.0	0.02	-0.0012	0.1622	31.5062	31.4797	31.5215	-0.0137	-0.0259	-0.0124			1.1999999999999998e-09	1.622e-07
2022-12-13 17:54:20	2022-12-13 17:54:20	13/12/2022	1457.277	17:54:20.775	0.12	100.08	1000.06	1000.2	1000.18	0.0	0.0	0.02	-0.0509	0.1614	31.4957	31.4723	31.5124	-0.0137	-0.0259	-0.0124			5.09e-08	1.6139999999999998e-07
2022-12-13 17:54:27	2022-12-13 17:54:27	13/12/2022	1464.478	17:54:27.976	0.1	100.08	1000.06	1000.2	1000.18	0.0	0.0	0.02	-0.0616	0.1553	31.4856	31.4505	31.5011	-0.0137	-0.0263	-0.0124			6.16e-08	1.553e-07
2022-12-13 17:54:33	2022-12-13 17:54:33	13/12/2022	1470.471	17:54:33.969	0.08	100.08	1000.06	1000.2	1000.18	0.0	0.0	0.02	-0.0514	0.1539	31.475	31.4306	31.4901	-0.0137	-0.0263	-0.0124			5.14e-08	1.539e-07
2022-12-13 17:54:39	2022-12-13 17:54:39	13/12/2022	1476.4730000000002	17:54:39.971	0.1	100.08	1000.06	1000.2	1000.18	0.0	0.0	0.02	-0.0381	0.1608	31.4668	31.4256	31.4829	-0.0137	-0.0263	-0.0124			3.81e-08	1.6079999999999998e-07
2022-12-13 17:54:46	2022-12-13 17:54:47	13/12/2022	1483.6680000000001	17:54:47.166	0.14	100.08	1000.06	1000.2	1000.18	0.0	0.0	0.02	-0.0395	0.1637	31.4568	31.4051	31.4733	-0.0137	-0.0263	-0.0124			3.9499999999999996e-08	1.6370000000000002e-07
2022-12-13 17:54:52	2022-12-13 17:54:53	13/12/2022	1489.6650000000002	17:54:53.163	0.1	100.08	1000.06	1000.2	1000.18	0.0	0.0	0.02	-0.0802	0.1637	31.4482	31.3886	31.4629	-0.0137	-0.0263	-0.013			8.019999999999999e-08	1.6370000000000002e-07
2022-12-13 17:54:58	2022-12-13 17:54:59	13/12/2022	1495.661	17:54:59.159	0.08	100.08	1000.06	1000.2	1000.18	0.0	0.0	0.02	-0.0308	0.1624	31.4363	31.3846	31.4542	-0.0137	-0.0263	-0.013			3.08e-08	1.6239999999999997e-07
2022-12-13 17:55:05	2022-12-13 17:55:05	13/12/2022	1501.651	17:55:05.149	0.04	100.08	1000.06	1000.2	1000.18	0.0	0.0	0.02	-0.0457	0.1576	31.4284	31.3844	31.4439	-0.0137	-0.0263	-0.013			4.569999999999999e-08	1.5759999999999998e-07
2022-12-13 17:55:11	2022-12-13 17:55:11	13/12/2022	1507.672	17:55:11.170	0.06	100.08	1000.06	1000.2	1000.18	0.0	0.0	0.02	-0.0225	0.1547	31.415	31.3843	31.4343	-0.0137	-0.0263	-0.013			2.25e-08	1.547e-07
2022-12-13 17:55:17	2022-12-13 17:55:17	13/12/2022	1513.6660000000002	17:55:17.164	0.12	100.08	1000.06	1000.2	1000.18	0.0	0.0	0.02	-0.0707	0.1546	31.4079	31.3843	31.4243	-0.0135	-0.0263	-0.013			7.069999999999999e-08	1.5459999999999997e-07
2022-12-13 17:55:24	2022-12-13 17:55:24	13/12/2022	1520.8680000000002	17:55:24.366	0.06	100.08	1000.06	1000.2	1000.18	0.0	0.0	0.02	0.0059	0.1549	31.3976	31.3843	31.4121	-0.0135	-0.0263	-0.013			5.9e-09	1.549e-07
2022-12-13 17:55:30	2022-12-13 17:55:30	13/12/2022	1526.854	17:55:30.352	0.12	100.08	1000.06	1000.2	1000.18	0.0	0.0	0.02	0.0	0.1553	31.3876	31.3843	31.4023	-0.0135	-0.0263	-0.013			0.0	1.553e-07
2022-12-13 17:55:36	2022-12-13 17:55:36	13/12/2022	1532.852	17:55:36.350	0.08	100.08	1000.06	1000.2	1000.18	0.0	0.0	0.02	-0.0747	0.1547	31.3783	31.3843	31.3924	-0.0135	-0.0263	-0.013			7.47e-08	1.547e-07
2022-12-13 17:55:43	2022-12-13 17:55:43	13/12/2022	1540.053	17:55:43.551	0.08	100.08	1000.06	1000.2	1000.18	0.0	0.0	0.02	-0.043	0.1551	31.3668	31.3843	31.3783	-0.0135	-0.0263	-0.0126			4.2999999999999995e-08	1.5509999999999998e-07
2022-12-13 17:55:49	2022-12-13 17:55:49	13/12/2022	1546.047	17:55:49.545	0.08	100.08	1000.06	1000.2	1000.18	0.0	0.0	0.02	-0.0238	0.1536	31.3578	31.3843	31.3684	-0.0135	-0.0263	-0.0126			2.38e-08	1.5359999999999997e-07
2022-12-13 17:55:55	2022-12-13 17:55:55	13/12/2022	1552.047	17:55:55.545	0.08	100.08	1000.06	1000.2	1000.18	0.0	0.0	0.02	-0.0226	0.153	31.3488	31.3843	31.3592	-0.0135	-0.0263	-0.0126			2.2599999999999997e-08	1.5299999999999998e-07
2022-12-13 17:56:02	2022-12-13 17:56:02	13/12/2022	1559.24	17:56:02.738	0.14	100.08	1000.06	1000.2	1000.18	0.0	0.0	0.02	-0.0712	0.1482	31.3367	31.3843	31.3495	-0.0135	-0.0263	-0.0126			7.12e-08	1.482e-07
2022-12-13 17:56:08	2022-12-13 17:56:08	13/12/2022	1565.2420000000002	17:56:08.740	0.1	100.08	1000.06	1000.2	1000.18	0.0	0.0	0.02	-0.0848	0.1481	31.3301	31.3843	31.3398	-0.0135	-0.0263	-0.0126			8.479999999999999e-08	1.481e-07
2022-12-13 17:56:14	2022-12-13 17:56:14	13/12/2022	1571.2320000000002	17:56:14.730	0.08	100.08	1000.08	1000.2	1000.18	0.0	0.0	0.02	-0.0726	0.1463	31.3198	31.3843	31.3264	-0.0135	-0.0263	-0.0126			7.259999999999999e-08	1.463e-07
2022-12-13 17:56:21	2022-12-13 17:56:21	13/12/2022	1578.423	17:56:21.921	0.08	100.08	1000.08	1000.2	1000.18	0.0	0.0	0.02	-0.04	0.1463	31.3059	31.3843	31.3188	-0.0135	-0.0263	-0.0126			4e-08	1.463e-07
2022-12-13 17:56:27	2022-12-13 17:56:27	13/12/2022	1584.4240000000002	17:56:27.922	0.08	100.08	1000.08	1000.2	1000.18	0.0	0.0	0.02	-0.0234	0.1487	31.2994	31.3839	31.3077	-0.0135	-0.0263	-0.0126			2.34e-08	1.487e-07
2022-12-13 17:56:33	2022-12-13 17:56:33	13/12/2022	1590.4150000000002	17:56:33.913	0.12	100.08	1000.08	1000.2	1000.18	0.0	0.0	0.02	-0.0382	0.1487	31.2888	31.3797	31.2983	-0.0135	-0.0263	-0.0125			3.82e-08	1.487e-07
2022-12-13 17:56:40	2022-12-13 17:56:41	13/12/2022	1597.614	17:56:41.112	0.1	100.08	1000.08	1000.2	1000.18	0.0	0.0	0.02	-0.0406	0.1476	31.2772	31.3641	31.288	-0.0135	-0.0263	-0.0125			4.059999999999999e-08	1.476e-07
2022-12-13 17:56:46	2022-12-13 17:56:47	13/12/2022	1603.634	17:56:47.132	0.08	100.08	1000.08	1000.2	1000.18	0.0	0.0	0.02	-0.0664	0.1465	31.2643	31.3376	31.2775	-0.0135	-0.0263	-0.0125			6.64e-08	1.465e-07
2022-12-13 17:56:52	2022-12-13 17:56:53	13/12/2022	1609.6360000000002	17:56:53.134	0.1	100.08	1000.08	1000.22	1000.18	0.0	0.0	0.02	-0.0558	0.1441	31.2598	31.3185	31.2669	-0.0135	-0.0263	-0.0123			5.58e-08	1.441e-07
2022-12-13 17:56:59	2022-12-13 17:56:59	13/12/2022	1615.6180000000002	17:56:59.116	0.08	100.08	1000.08	1000.22	1000.18	0.0	0.0	0.02	-0.0536	0.1439	31.251	31.3107	31.258	-0.0135	-0.0263	-0.0123			5.36e-08	1.4389999999999998e-07
2022-12-13 17:57:05	2022-12-13 17:57:05	13/12/2022	1621.6100000000001	17:57:05.108	0.08	100.08	1000.08	1000.22	1000.18	0.0	0.0	0.02	0.0039	0.1456	31.2378	31.2895	31.2479	-0.0135	-0.0263	-0.0123			3.899999999999999e-09	1.456e-07
2022-12-13 17:57:11	2022-12-13 17:57:11	13/12/2022	1627.6160000000002	17:57:11.114	0.08	100.08	1000.08	1000.22	1000.18	0.0	0.0	0.02	-0.0492	0.1504	31.2313	31.2786	31.2388	-0.0135	-0.0263	-0.0123			4.92e-08	1.504e-07
2022-12-13 17:57:18	2022-12-13 17:57:18	13/12/2022	1634.808	17:57:18.306	0.1	100.08	1000.08	1000.22	1000.18	0.0	0.0	0.02	-0.0296	0.146	31.2161	31.2647	31.222	-0.0135	-0.0263	-0.0123			2.96e-08	1.4599999999999998e-07
2022-12-13 17:57:24	2022-12-13 17:57:24	13/12/2022	1640.805	17:57:24.303	0.08	100.08	1000.08	1000.22	1000.18	0.0	0.0	0.02	-0.0563	0.1469	31.2098	31.2539	31.2141	-0.0135	-0.0263	-0.0123			5.63e-08	1.469e-07
2022-12-13 17:57:30	2022-12-13 17:57:30	13/12/2022	1646.8100000000002	17:57:30.308	0.06	100.08	1000.08	1000.22	1000.18	0.0	0.0	0.02	-0.0313	0.1469	31.198	31.2417	31.2063	-0.0135	-0.0263	-0.0123			3.13e-08	1.469e-07
2022-12-13 17:57:37	2022-12-13 17:57:37	13/12/2022	1654.006	17:57:37.504	0.1	100.08	1000.08	1000.22	1000.18	0.0	0.0	0.02	-0.0413	0.1523	31.189	31.2313	31.1988	-0.0135	-0.0263	-0.0123			4.13e-08	1.5229999999999998e-07
2022-12-13 17:57:43	2022-12-13 17:57:43	13/12/2022	1659.98	17:57:43.478	0.06	100.08	1000.08	1000.22	1000.2	0.0	0.0	0.02	-0.037	0.1544	31.181	31.2217	31.1877	-0.0135	-0.0263	-0.0123			3.6999999999999994e-08	1.544e-07
2022-12-13 17:57:49	2022-12-13 17:57:49	13/12/2022	1665.9720000000002	17:57:49.470	0.06	100.08	1000.08	1000.22	1000.2	0.0	0.0	0.02	-0.0207	0.1573	31.1686	31.2078	31.1801	-0.0135	-0.0263	-0.0123			2.07e-08	1.5729999999999999e-07
2022-12-13 17:57:56	2022-12-13 17:57:56	13/12/2022	1673.1750000000002	17:57:56.673	0.1	100.08	1000.08	1000.22	1000.2	0.0	0.0	0.02	-0.0453	0.161	31.1595	31.1952	31.1636	-0.0135	-0.0263	-0.0121			4.5299999999999995e-08	1.61e-07
2022-12-13 17:58:02	2022-12-13 17:58:02	13/12/2022	1679.152	17:58:02.650	0.08	100.08	1000.08	1000.22	1000.2	0.0	0.0	0.02	-0.0349	0.1617	31.1473	31.1838	31.1571	-0.0135	-0.0263	-0.0121			3.49e-08	1.617e-07
2022-12-13 17:58:08	2022-12-13 17:58:08	13/12/2022	1685.152	17:58:08.650	0.08	100.08	1000.08	1000.22	1000.2	0.0	0.0	0.02	-0.0596	0.162	31.1378	31.1761	31.149	-0.0135	-0.0263	-0.0119			5.96e-08	1.62e-07
2022-12-13 17:58:14	2022-12-13 17:58:14	13/12/2022	1691.1460000000002	17:58:14.644	0.08	100.08	1000.08	1000.22	1000.2	0.0	0.0	0.02	-0.0621	0.1637	31.1279	31.1643	31.1357	-0.0135	-0.0263	-0.0119			6.21e-08	1.6370000000000002e-07
2022-12-13 17:58:21	2022-12-13 17:58:21	13/12/2022	1698.346	17:58:21.844	0.12	100.08	1000.08	1000.22	1000.2	0.0	0.0	0.02	-0.111	0.1641	31.1166	31.1495	31.1253	-0.0135	-0.0263	-0.0119			1.11e-07	1.641e-07
2022-12-13 17:58:27	2022-12-13 17:58:27	13/12/2022	1704.3300000000002	17:58:27.828	0.1	100.08	1000.08	1000.22	1000.2	0.0	0.0	0.02	-0.0396	0.168	31.1065	31.1409	31.1135	-0.0135	-0.0263	-0.0119			3.9600000000000004e-08	1.68e-07
2022-12-13 17:58:33	2022-12-13 17:58:33	13/12/2022	1710.3180000000002	17:58:33.816	0.1	100.08	1000.08	1000.22	1000.2	0.0	0.0	0.02	-0.0676	0.1599	31.0945	31.1282	31.1004	-0.0135	-0.0263	-0.0119			6.76e-08	1.5989999999999997e-07
2022-12-13 17:58:40	2022-12-13 17:58:41	13/12/2022	1717.526	17:58:41.024	0.08	100.08	1000.08	1000.22	1000.2	0.0	0.0	0.02	-0.0527	0.1586	31.0821	31.1172	31.0909	-0.0135	-0.0263	-0.0119			5.2699999999999995e-08	1.5859999999999998e-07
2022-12-13 17:58:46	2022-12-13 17:58:47	13/12/2022	1723.529	17:58:47.027	0.06	100.08	1000.08	1000.22	1000.2	0.0	0.0	0.02	-0.0357	0.1523	31.0701	31.1007	31.0803	-0.0135	-0.0263	-0.0119			3.57e-08	1.5229999999999998e-07
2022-12-13 17:58:52	2022-12-13 17:58:53	13/12/2022	1729.567	17:58:53.065	0.08	100.08	1000.08	1000.22	1000.2	0.0	0.0	0.02	-0.0306	0.1526	31.0634	31.0921	31.0691	-0.0135	-0.0263	-0.0114			3.0599999999999996e-08	1.526e-07
2022-12-13 17:58:59	2022-12-13 17:58:59	13/12/2022	1735.5320000000002	17:58:59.030	0.1	100.08	1000.08	1000.22	1000.2	0.0	0.0	0.02	-0.0364	0.1524	31.0507	31.0806	31.0579	-0.0135	-0.0263	-0.0114			3.64e-08	1.524e-07
2022-12-13 17:59:05	2022-12-13 17:59:05	13/12/2022	1741.5300000000002	17:59:05.028	0.08	100.08	1000.08	1000.22	1000.2	0.0	0.0	0.02	-0.0337	0.1527	31.0425	31.0715	31.0525	-0.0135	-0.0263	-0.0114			3.37e-08	1.5269999999999998e-07
2022-12-13 17:59:11	2022-12-13 17:59:11	13/12/2022	1747.538	17:59:11.036	0.08	100.08	1000.08	1000.22	1000.2	0.0	0.0	0.02	-0.033	0.1542	31.0315	31.0628	31.0404	-0.0135	-0.0263	-0.0114			3.3e-08	1.542e-07
2022-12-13 17:59:18	2022-12-13 17:59:18	13/12/2022	1755.007	17:59:18.505	421.36	100.08	1000.08	1000.22	1000.2	0.0	0.0	0.02	0.5218	0.0485	31.0225	31.0525	31.0276	-0.0135	-0.0263	-0.0114	grid repelling again		5.218e-07	4.85e-08
2022-12-13 17:59:24	2022-12-13 17:59:24	13/12/2022	1761.047	17:59:24.545	499.88	100.08	1000.08	1000.22	1000.2	0.0	0.0	0.02	0.0247	0.0172	31.0045	31.0396	31.0166	-0.0135	-0.0263	-0.0114			2.47e-08	1.72e-08
2022-12-13 17:59:30	2022-12-13 17:59:30	13/12/2022	1767.046	17:59:30.544	499.9	100.08	1000.08	1000.22	1000.2	0.0	0.0	0.02	0.022	0.0169	30.9986	31.0296	31.0035	-0.0135	-0.0264	-0.0114			2.2e-08	1.69e-08
2022-12-13 17:59:37	2022-12-13 17:59:37	13/12/2022	1774.2800000000002	17:59:37.778	499.9	100.08	1000.08	1000.22	1000.2	0.0	0.0	0.02	0.0208	0.0159	30.9801	31.0174	30.9914	-0.0135	-0.0264	-0.0121			2.0799999999999998e-08	1.59e-08
2022-12-13 17:59:43	2022-12-13 17:59:43	13/12/2022	1780.277	17:59:43.775	499.9	100.08	1000.08	1000.22	1000.2	0.0	0.0	0.02	0.0208	0.0159	30.975	31.0084	30.9812	-0.0135	-0.0264	-0.0121			2.0799999999999998e-08	1.59e-08
2022-12-13 17:59:49	2022-12-13 17:59:49	13/12/2022	1786.2900000000002	17:59:49.788	499.9	100.08	1000.1	1000.22	1000.2	0.0	0.0	0.02	0.0204	0.0159	30.9598	30.9951	30.9734	-0.0135	-0.0264	-0.0121			2.04e-08	1.59e-08
2022-12-13 17:59:56	2022-12-13 17:59:56	13/12/2022	1793.48	17:59:56.978	499.9	100.08	1000.1	1000.22	1000.2	0.0	0.0	0.02	0.0195	0.0159	30.9504	30.9877	30.9599	-0.0135	-0.0264	-0.0121			1.95e-08	1.59e-08
2022-12-13 18:00:02	2022-12-13 18:00:02	13/12/2022	1799.478	18:00:02.976	499.9	100.08	1000.1	1000.24	1000.2	0.0	0.0	0.02	0.0195	0.0159	30.9373	30.9761	30.9515	-0.0135	-0.0264	-0.0121			1.95e-08	1.59e-08
2022-12-13 18:00:08	2022-12-13 18:00:08	13/12/2022	1805.477	18:00:08.975	499.9	100.08	1000.1	1000.24	1000.2	0.0	0.0	0.02	0.0193	0.016	30.9313	30.9651	30.9418	-0.0135	-0.0264	-0.0121			1.93e-08	1.6e-08
2022-12-13 18:00:15	2022-12-13 18:00:15	13/12/2022	1811.507	18:00:15.005	499.9	100.08	1000.1	1000.24	1000.2	0.0	0.0	0.02	0.0193	0.0159	30.9196	30.9513	30.927	-0.0135	-0.0264	-0.0121			1.93e-08	1.59e-08
2022-12-13 18:00:21	2022-12-13 18:00:21	13/12/2022	1817.515	18:00:21.013	499.9	100.08	1000.08	1000.24	1000.2	0.0	0.0	0.02	0.0193	0.0159	30.9093	30.9415	30.918	-0.0135	-0.0264	-0.0121			1.93e-08	1.59e-08
2022-12-13 18:00:27	2022-12-13 18:00:27	13/12/2022	1823.515	18:00:27.013	499.9	100.08	1000.08	1000.24	1000.2	0.0	0.0	0.02	0.0192	0.0159	30.8923	30.9293	30.9062	-0.0135	-0.0264	-0.0121			1.9199999999999997e-08	1.59e-08
2022-12-13 18:00:34	2022-12-13 18:00:34	13/12/2022	1830.721	18:00:34.219	499.9	100.08	1000.08	1000.24	1000.2	0.0	0.0	0.02	0.0192	0.016	30.8819	30.9182	30.8965	-0.0136	-0.0264	-0.0121			1.9199999999999997e-08	1.6e-08
2022-12-13 18:00:40	2022-12-13 18:00:40	13/12/2022	1836.726	18:00:40.224	499.92	100.08	1000.08	1000.24	1000.2	0.0	0.0	0.02	0.0187	0.0159	30.8708	30.9065	30.8846	-0.0136	-0.0264	-0.0121			1.8700000000000002e-08	1.59e-08
2022-12-13 18:00:46	2022-12-13 18:00:46	13/12/2022	1842.721	18:00:46.219	499.92	100.08	1000.08	1000.24	1000.2	0.0	0.0	0.02	0.0187	0.0153	30.8598	30.8928	30.87	-0.0136	-0.0264	-0.0121			1.8700000000000002e-08	1.5299999999999998e-08
2022-12-13 18:00:53	2022-12-13 18:00:53	13/12/2022	1849.9250000000002	18:00:53.423	499.92	100.08	1000.08	1000.24	1000.2	0.0	0.0	0.02	0.0187	0.0153	30.8498	30.8873	30.8621	-0.0136	-0.0264	-0.0121			1.8700000000000002e-08	1.5299999999999998e-08
2022-12-13 18:00:59	2022-12-13 18:00:59	13/12/2022	1855.9330000000002	18:00:59.431	499.92	100.08	1000.08	1000.24	1000.2	0.0	0.0	0.02	0.0187	0.0148	30.841	30.8719	30.8504	-0.0136	-0.0262	-0.0121			1.8700000000000002e-08	1.48e-08
2022-12-13 18:01:05	2022-12-13 18:01:05	13/12/2022	1861.969	18:01:05.467	499.94	100.08	1000.08	1000.24	1000.22	0.0	0.0	0.02	0.0187	0.0148	30.828	30.8597	30.8382	-0.0136	-0.0262	-0.0121			1.8700000000000002e-08	1.48e-08
2022-12-13 18:01:12	2022-12-13 18:01:12	13/12/2022	1869.1660000000002	18:01:12.664	499.94	100.08	1000.08	1000.24	1000.22	0.0	0.0	0.02	0.0187	0.0148	30.8154	30.8512	30.8291	-0.0136	-0.0262	-0.0121			1.8700000000000002e-08	1.48e-08
2022-12-13 18:01:18	2022-12-13 18:01:18	13/12/2022	1875.171	18:01:18.669	499.94	100.08	1000.08	1000.24	1000.22	0.0	0.0	0.02	0.0187	0.0148	30.8045	30.8384	30.8141	-0.0136	-0.0262	-0.0121			1.8700000000000002e-08	1.48e-08
2022-12-13 18:01:24	2022-12-13 18:01:24	13/12/2022	1881.1740000000002	18:01:24.672	499.94	100.08	1000.08	1000.24	1000.22	0.0	0.0	0.02	0.0187	0.0132	30.7929	30.8287	30.8053	-0.0136	-0.0262	-0.0121			1.8700000000000002e-08	1.3199999999999999e-08
2022-12-13 18:01:31	2022-12-13 18:01:31	13/12/2022	1888.3850000000002	18:01:31.883	499.94	100.08	1000.08	1000.24	1000.22	0.0	0.0	0.02	0.0187	0.0141	30.7838	30.8207	30.7946	-0.0136	-0.0262	-0.0121			1.8700000000000002e-08	1.4099999999999999e-08
2022-12-13 18:01:37	2022-12-13 18:01:37	13/12/2022	1894.403	18:01:37.901	499.94	100.08	1000.08	1000.24	1000.22	0.0	0.0	0.02	0.0187	0.0141	30.7736	30.8086	30.787	-0.0136	-0.0262	-0.0119			1.8700000000000002e-08	1.4099999999999999e-08
2022-12-13 18:01:43	2022-12-13 18:01:43	13/12/2022	1900.4080000000001	18:01:43.906	499.94	100.08	1000.08	1000.24	1000.22	0.0	0.0	0.02	0.0187	0.0149	30.7637	30.7969	30.7742	-0.0136	-0.0262	-0.0119			1.8700000000000002e-08	1.49e-08
2022-12-13 18:01:50	2022-12-13 18:01:51	13/12/2022	1907.603	18:01:51.101	499.94	100.08	1000.08	1000.24	1000.22	0.0	0.0	0.02	0.0187	0.0145	30.7526	30.7835	30.7613	-0.0136	-0.0262	-0.0119			1.8700000000000002e-08	1.45e-08
2022-12-13 18:01:56	2022-12-13 18:01:57	13/12/2022	1913.9560000000001	18:01:57.454	429.62	100.08	1000.08	1000.24	1000.22	0.0	0.0	0.02	-0.3707	0.0145	30.7397	30.7724	30.7511	-0.0136	-0.0262	-0.0119			3.7069999999999995e-07	1.45e-08
2022-12-13 18:02:02	2022-12-13 18:02:02	13/12/2022	1919.4940000000001	18:02:02.992	0.6	0.38	811.34	951.36	1000.3	0.0	0.0	0.02	-0.0097	-1.65	26.2944	26.7575	27.4303	-0.0136	-0.0262	-0.0119			9.7e-09	1.6499999999999999e-06
2022-12-13 18:02:09	2022-12-13 18:02:10	13/12/2022	1926.6290000000001	18:02:10.127	0.02	0.32	89.46	228.88	1000.46	0.0	0.0	0.02	0.0076	-2.5437	10.1261	10.644	11.7186	-0.0136	-0.0263	-0.0109			7.6e-09	2.5437e-06
2022-12-13 18:02:15	2022-12-13 18:02:16	13/12/2022	1933.083	18:02:16.581	0.04	0.16	0.12	0.24	940.4	0.0	0.0	0.02	-0.0056	-0.4583	8.6109	8.6106	8.6622	-0.013	-0.0263	-0.0109			5.6e-09	4.5829999999999997e-07
2022-12-13 18:02:21	2022-12-13 18:02:21	13/12/2022	1937.851	18:02:21.349	0.06	0.16	0.14	0.24	489.96	0.0	0.0	0.02	0.0193	-0.555	3.8872	3.9371	3.9317	-0.013	-0.0263	-0.0109			1.93e-08	5.55e-07
2022-12-13 18:02:27	2022-12-13 18:02:27	13/12/2022	1943.7450000000001	18:02:27.243	0.1	0.12	0.54	0.58	0.2	0.0	0.0	0.02	-0.0595	-0.0464	-0.0847	-0.1162	-0.1237	-0.013	-0.0263	-0.0109			5.95e-08	4.639999999999999e-08
2022-12-13 18:02:34	2022-12-13 18:02:34	13/12/2022	1950.8950000000002	18:02:34.393	0.08	0.12	0.18	0.2	0.0	0.0	0.0	0.02	0.0295	-0.0591	-0.0192	-0.0542	-0.0422	-0.013	-0.0263	-0.0109			2.9499999999999996e-08	5.91e-08
2022-12-13 18:02:40	2022-12-13 18:02:40	13/12/2022	1956.855	18:02:40.353	0.06	0.14	0.16	0.22	0.0	0.0	0.0	0.02	0.0075	-0.0492	-0.0019	-0.0587	-0.0227	-0.013	-0.0263	-0.0109			7.5e-09	4.92e-08
2022-12-13 18:02:46	2022-12-13 18:02:46	13/12/2022	1962.7690000000002	18:02:46.267	0.1	0.1	0.2	0.2	0.0	0.0	0.0	0.02	0.0019	0.0142	-0.0725	-0.0288	-0.0086	-0.013	-0.0263	-0.0109			1.9e-09	1.42e-08
2022-12-13 18:02:53	2022-12-13 18:02:53	13/12/2022	1969.9230000000002	18:02:53.421	0.08	0.08	0.22	0.2	0.0	0.0	0.0	0.02	0.0056	0.0144	0.0028	-0.0119	-0.0141	-0.013	-0.0263	-0.0109			5.6e-09	1.4399999999999998e-08
2022-12-13 18:02:59	2022-12-13 18:02:59	13/12/2022	1975.845	18:02:59.343	0.06	0.08	0.2	0.22	0.0	0.0	0.0	0.02	0.0056	0.0049	0.009	-0.0139	0.0066	-0.013	-0.0263	-0.0109			5.6e-09	4.899999999999999e-09
2022-12-13 18:03:05	2022-12-13 18:03:05	13/12/2022	1981.7930000000001	18:03:05.291	0.06	0.08	0.18	0.2	0.0	0.0	0.0	0.02	0.0029	0.0072	0.0097	-0.045	-0.029	-0.013	-0.0263	-0.0109			2.8999999999999995e-09	7.199999999999999e-09
2022-12-13 18:03:12	2022-12-13 18:03:12	13/12/2022	1988.919	18:03:12.417	0.08	0.08	0.2	0.18	0.0	0.0	0.0	0.02	0.0029	0.0144	0.0055	0.0398	-0.0017	-0.013	-0.0263	-0.0109			2.8999999999999995e-09	1.4399999999999998e-08
2022-12-13 18:03:18	2022-12-13 18:03:18	13/12/2022	1994.851	18:03:18.349	0.08	0.12	0.16	0.2	0.0	0.0	0.0	0.02	0.0026	0.0044	0.0156	-0.0554	-0.0448	-0.013	-0.0263	-0.0107			2.5999999999999997e-09	4.4e-09
2022-12-13 18:03:24	2022-12-13 18:03:24	13/12/2022	2000.824	18:03:24.322	0.08	0.08	0.2	0.18	0.0	0.0	0.0	0.02	0.0026	0.0052	-0.0654	0.0365	0.0049	-0.013	-0.0263	-0.0107			2.5999999999999997e-09	5.1999999999999994e-09
2022-12-13 18:03:31	2022-12-13 18:03:31	13/12/2022	2007.891	18:03:31.389	0.08	0.08	0.2	0.16	0.0	0.0	0.0	0.02	0.0021	0.002	0.0155	0.0208	0.0052	-0.013	-0.0263	-0.0107			2.0999999999999998e-09	2e-09
2022-12-13 18:03:37	2022-12-13 18:03:37	13/12/2022	2013.7900000000002	18:03:37.288	0.08	0.08	0.2	0.18	0.0	0.0	0.0	0.02	0.0021	0.0031	0.0084	0.0174	-0.0498	-0.013	-0.0265	-0.0107			2.0999999999999998e-09	3.0999999999999996e-09
2022-12-13 18:03:43	2022-12-13 18:03:43	13/12/2022	2019.736	18:03:43.234	0.08	0.1	0.22	0.16	0.0	0.0	0.0	0.02	0.0021	0.002	0.0087	0.0324	0.0102	-0.013	-0.0275	-0.0107			2.0999999999999998e-09	2e-09
2022-12-13 18:03:50	2022-12-13 18:03:50	13/12/2022	2026.852	18:03:50.350	0.08	0.1	0.22	0.22	0.0	0.0	0.0	0.02	0.0021	0.0014	0.0072	0.0288	-0.0181	-0.013	-0.0275	-0.0107			2.0999999999999998e-09	1.4e-09
2022-12-13 18:03:56	2022-12-13 18:03:56	13/12/2022	2032.767	18:03:56.265	0.08	0.1	0.18	0.18	0.0	0.0	0.0	0.02	0.0021	0.0024	0.0109	0.0264	-0.0291	-0.013	-0.0275	-0.0107			2.0999999999999998e-09	2.3999999999999996e-09
2022-12-13 18:04:02	2022-12-13 18:04:02	13/12/2022	2038.689	18:04:02.187	0.08	0.1	0.22	0.22	0.0	0.0	0.0	0.02	0.0021	0.0008	-0.0519	0.0295	0.0127	-0.013	-0.0275	-0.0107			2.0999999999999998e-09	8e-10
2022-12-13 18:04:09	2022-12-13 18:04:09	13/12/2022	2045.8180000000002	18:04:09.316	0.08	0.12	0.16	0.2	0.0	0.0	0.0	0.02	0.0018	0.0036	0.0095	-0.0264	0.0118	-0.013	-0.0275	-0.0105			1.7999999999999998e-09	3.5999999999999996e-09
2022-12-13 18:04:15	2022-12-13 18:04:15	13/12/2022	2051.734	18:04:15.232	0.08	0.12	0.18	0.18	0.0	0.0	0.0	0.02	0.0014	0.0035	0.0098	0.0206	-0.0289	-0.013	-0.0275	-0.0105			1.4e-09	3.5e-09
2022-12-13 18:04:21	2022-12-13 18:04:21	13/12/2022	2057.654	18:04:21.152	0.08	0.12	0.18	0.2	0.0	0.0	0.0	0.02	0.0014	0.0036	0.0071	0.0304	0.0013	-0.013	-0.0275	-0.0105			1.4e-09	3.5999999999999996e-09
2022-12-13 18:04:28	2022-12-13 18:04:28	13/12/2022	2064.761	18:04:28.259	0.08	0.12	0.2	0.22	0.0	0.0	0.0	0.02	0.0014	0.0036	0.0074	0.02	0.0	-0.013	-0.0275	-0.0105			1.4e-09	3.5999999999999996e-09
2022-12-13 18:04:34	2022-12-13 18:04:34	13/12/2022	2070.6820000000002	18:04:34.180	0.08	0.12	0.16	0.2	0.0	0.0	0.0	0.02	0.0014	0.0036	0.0075	0.0116	0.0037	-0.0133	-0.0275	-0.0105			1.4e-09	3.5999999999999996e-09
2022-12-13 18:04:40	2022-12-13 18:04:40	13/12/2022	2076.594	18:04:40.092	0.08	0.12	0.22	0.16	0.0	0.0	0.0	0.02	0.0014	0.0039	0.0027	0.02	0.0016	-0.0133	-0.0275	-0.0105			1.4e-09	3.899999999999999e-09
2022-12-13 18:04:47	2022-12-13 18:04:47	13/12/2022	2083.704	18:04:47.202	0.08	0.12	0.16	0.2	0.0	0.0	0.0	0.02	0.0014	0.0045	0.0079	0.0185	0.001	-0.0133	-0.0275	-0.0105			1.4e-09	4.5e-09
2022-12-13 18:04:53	2022-12-13 18:04:53	13/12/2022	2089.626	18:04:53.124	0.08	0.12	0.12	0.22	0.0	0.0	0.0	0.02	0.0014	0.0055	0.0096	0.0195	-0.0472	-0.0137	-0.0275	-0.0105			1.4e-09	5.5e-09
2022-12-13 18:04:59	2022-12-13 18:04:59	13/12/2022	2095.5820000000003	18:04:59.080	0.08	0.1	0.16	0.2	0.0	0.0	0.0	0.02	0.0014	0.0055	0.0096	0.02	0.012	-0.0137	-0.0275	-0.0105			1.4e-09	5.5e-09
2022-12-13 18:05:06	2022-12-13 18:05:06	13/12/2022	2102.6800000000003	18:05:06.178	0.08	0.1	0.18	0.2	0.0	0.0	0.0	0.02	0.0014	0.0055	0.0096	0.0199	0.004	-0.0137	-0.0275	-0.0106			1.4e-09	5.5e-09
2022-12-13 18:05:12	2022-12-13 18:05:12	13/12/2022	2108.6	18:05:12.098	0.08	0.1	0.12	0.22	0.0	0.0	0.0	0.02	0.0014	0.0055	0.0098	0.0193	0.0045	-0.0137	-0.0275	-0.0108			1.4e-09	5.5e-09
2022-12-13 18:05:18	2022-12-13 18:05:18	13/12/2022	2114.514	18:05:18.012	0.08	0.1	0.16	0.18	0.0	0.0	0.0	0.02	0.0014	0.0045	0.0098	0.0191	0.0031	-0.0137	-0.0275	-0.011			1.4e-09	4.5e-09
2022-12-13 18:05:25	2022-12-13 18:05:25	13/12/2022	2121.619	18:05:25.117	0.08	0.1	0.16	0.16	0.0	0.0	0.0	0.02	0.0014	0.0018	0.0098	0.0185	-0.0094	-0.0137	-0.0275	-0.011			1.4e-09	1.7999999999999998e-09
2022-12-13 18:05:31	2022-12-13 18:05:31	13/12/2022	2127.55	18:05:31.048	0.08	0.1	0.16	0.18	0.0	0.0	0.0	0.02	0.0014	0.0024	0.0098	0.0185	0.0119	-0.0137	-0.0275	-0.011			1.4e-09	2.3999999999999996e-09
2022-12-13 18:05:37	2022-12-13 18:05:38	13/12/2022	2134.668	18:05:38.166	0.08	0.1	0.16	0.18	0.0	0.0	0.0	0.02	0.0014	0.0024	0.0094	0.0177	0.0167	-0.0137	-0.0275	-0.011			1.4e-09	2.3999999999999996e-09
2022-12-13 18:05:44	2022-12-13 18:05:44	13/12/2022	2140.588	18:05:44.086	0.08	0.1	0.16	0.14	0.0	0.0	0.0	0.02	0.0014	0.0031	0.0094	0.0173	0.0157	-0.0137	-0.0275	-0.011			1.4e-09	3.0999999999999996e-09
2022-12-13 18:05:50	2022-12-13 18:05:50	13/12/2022	2146.5080000000003	18:05:50.006	0.08	0.1	0.16	0.18	0.0	0.0	0.0	0.02	0.0014	0.0036	0.0094	0.0173	0.0127	-0.0137	-0.0275	-0.011			1.4e-09	3.5999999999999996e-09
2022-12-13 18:05:56	2022-12-13 18:05:57	13/12/2022	2153.614	18:05:57.112	0.08	0.1	0.16	0.14	0.0	0.0	0.0	0.02	0.0014	0.0039	0.0094	0.0162	0.0089	-0.0137	-0.0275	-0.011			1.4e-09	3.899999999999999e-09
2022-12-13 18:06:03	2022-12-13 18:06:03	13/12/2022	2159.529	18:06:03.027	0.08	0.1	0.16	0.18	0.0	0.0	0.0	0.02	0.0014	0.0039	0.0094	0.0162	0.0158	-0.0137	-0.0275	-0.011			1.4e-09	3.899999999999999e-09
2022-12-13 18:06:09	2022-12-13 18:06:10	13/12/2022	2166.638	18:06:10.136	0.08	0.1	0.16	0.18	0.0	0.0	0.0	0.02	0.0011	0.0039	0.0094	0.0162	0.0044	-0.0137	-0.0275	-0.011			1.1e-09	3.899999999999999e-09
2022-12-13 18:06:15	2022-12-13 18:06:16	13/12/2022	2172.567	18:06:16.065	0.08	0.1	0.16	0.14	0.0	0.0	0.0	0.02	0.0011	0.0041	0.0094	0.0172	0.0171	-0.0137	-0.0275	-0.011			1.1e-09	4.1e-09
2022-12-13 18:06:22	2022-12-13 18:06:23	13/12/2022	2179.666	18:06:23.164	0.08	0.1	0.16	0.16	0.0	0.0	0.0	0.02	0.0003	0.0042	0.0094	0.0168	0.0137	-0.0137	-0.0275	-0.011			2.9999999999999995e-10	4.1999999999999996e-09
2022-12-13 18:06:28	2022-12-13 18:06:29	13/12/2022	2185.592	18:06:29.090	0.08	0.1	0.16	0.16	0.0	0.0	0.0	0.02	0.0003	0.0042	0.0094	0.0164	0.0099	-0.0137	-0.0275	-0.011			2.9999999999999995e-10	4.1999999999999996e-09
2022-12-13 18:06:34	2022-12-13 18:06:35	13/12/2022	2191.514	18:06:35.012	0.08	0.1	0.16	0.16	0.0	0.0	0.0	0.02	0.0003	0.0045	0.0094	0.0164	0.0096	-0.0137	-0.0275	-0.011			2.9999999999999995e-10	4.5e-09
2022-12-13 18:06:40	2022-12-13 18:06:40	13/12/2022	2197.436	18:06:40.934	0.08	0.1	0.16	0.12	0.0	0.0	0.0	0.02	0.0003	0.0045	0.0094	0.0175	0.0084	-0.0137	-0.0275	-0.011			2.9999999999999995e-10	4.5e-09
2022-12-13 18:06:47	2022-12-13 18:06:48	13/12/2022	2204.541	18:06:48.039	0.08	0.1	0.16	0.14	0.0	0.0	0.0	0.02	0.0003	0.0045	0.0094	0.0175	0.0091	-0.0137	-0.0275	-0.011			2.9999999999999995e-10	4.5e-09
2022-12-13 18:06:53	2022-12-13 18:06:53	13/12/2022	2210.4610000000002	18:06:53.959	0.08	0.1	0.16	0.14	0.0	0.0	0.0	0.02	0.0003	0.0045	0.0094	0.0175	0.0377	-0.0137	-0.0275	-0.011			2.9999999999999995e-10	4.5e-09
2022-12-13 18:06:59	2022-12-13 18:06:59	13/12/2022	2216.391	18:06:59.889	0.08	0.1	0.16	0.16	0.0	0.0	0.0	0.02	0.0003	0.0045	0.0094	0.0175	0.0099	-0.0145	-0.0275	-0.0108			2.9999999999999995e-10	4.5e-09
2022-12-13 18:07:06	2022-12-13 18:07:06	13/12/2022	2223.496	18:07:06.994	0.08	0.08	0.16	0.16	0.0	0.0	0.0	0.02	0.0003	0.0047	0.0094	0.017	0.0133	-0.0145	-0.0274	-0.0108			2.9999999999999995e-10	4.7e-09
2022-12-13 18:07:12	2022-12-13 18:07:12	13/12/2022	2229.434	18:07:12.932	0.08	0.08	0.16	0.16	0.0	0.0	0.0	0.02	0.0003	0.0049	0.0094	0.0166	0.0091	-0.0145	-0.0274	-0.0108			2.9999999999999995e-10	4.899999999999999e-09
2022-12-13 18:07:18	2022-12-13 18:07:18	13/12/2022	2235.358	18:07:18.856	0.08	0.08	0.14	0.16	0.0	0.0	0.0	0.02	0.0003	0.005	0.0078	0.0166	0.008	-0.0145	-0.0274	-0.0108			2.9999999999999995e-10	5e-09
2022-12-13 18:07:25	2022-12-13 18:07:25	13/12/2022	2242.4610000000002	18:07:25.959	0.08	0.08	0.14	0.16	0.0	0.0	0.0	0.02	0.0003	0.005	0.0078	0.0166	0.0072	-0.0145	-0.0274	-0.0108			2.9999999999999995e-10	5e-09
2022-12-13 18:07:31	2022-12-13 18:07:31	13/12/2022	2248.384	18:07:31.882	0.08	0.08	0.14	0.16	0.0	0.0	0.0	0.02	0.0003	0.005	0.0078	0.0166	0.0071	-0.0145	-0.0274	-0.0108			2.9999999999999995e-10	5e-09
2022-12-13 18:07:37	2022-12-13 18:07:37	13/12/2022	2254.304	18:07:37.802	0.08	0.08	0.14	0.16	0.0	0.0	0.0	0.02	0.0003	0.0035	0.0078	0.0166	0.0071	-0.0145	-0.0274	-0.0108			2.9999999999999995e-10	3.5e-09
2022-12-13 18:07:44	2022-12-13 18:07:44	13/12/2022	2261.4030000000002	18:07:44.901	0.08	0.08	0.14	0.16	0.0	0.0	0.0	0.02	0.0002	0.0035	0.0078	0.0166	0.0076	-0.0145	-0.0274	-0.0108			2e-10	3.5e-09
2022-12-13 18:07:50	2022-12-13 18:07:50	13/12/2022	2267.329	18:07:50.827	0.08	0.08	0.14	0.16	0.0	0.0	0.0	0.02	0.0002	0.0022	0.0078	0.0163	0.0076	-0.0146	-0.0274	-0.0108			2e-10	2.2e-09
2022-12-13 18:07:56	2022-12-13 18:07:56	13/12/2022	2273.2670000000003	18:07:56.765	0.08	0.08	0.14	0.16	0.0	0.0	0.0	0.02	0.0002	0.0033	0.0078	0.0163	0.0076	-0.0146	-0.0274	-0.0108			2e-10	3.2999999999999998e-09
2022-12-13 18:08:03	2022-12-13 18:08:03	13/12/2022	2280.396	18:08:03.894	0.08	0.08	0.12	0.16	0.0	0.0	0.0	0.02	0.0002	0.0053	0.0078	0.0163	0.0078	-0.0146	-0.0274	-0.0112			2e-10	5.2999999999999995e-09
2022-12-13 18:08:09	2022-12-13 18:08:09	13/12/2022	2286.306	18:08:09.804	0.08	0.08	0.12	0.16	0.0	0.0	0.0	0.02	0.0002	0.0053	0.0078	0.0158	0.007	-0.0146	-0.0274	-0.0112			2e-10	5.2999999999999995e-09
2022-12-13 18:08:15	2022-12-13 18:08:15	13/12/2022	2292.2290000000003	18:08:15.727	0.08	0.08	0.12	0.16	0.0	0.0	0.0	0.02	-0.0004	0.0053	0.0078	0.0158	0.007	-0.0146	-0.0283	-0.0112			4e-10	5.2999999999999995e-09
2022-12-13 18:08:22	2022-12-13 18:08:22	13/12/2022	2299.339	18:08:22.837	0.08	0.08	0.12	0.16	0.0	0.0	0.0	0.02	-0.0005	0.0053	0.0084	0.0157	0.007	-0.0146	-0.0283	-0.0112			5e-10	5.2999999999999995e-09
2022-12-13 18:08:28	2022-12-13 18:08:28	13/12/2022	2305.259	18:08:28.757	0.08	0.08	0.12	0.16	0.0	0.0	0.0	0.02	-0.0005	0.0043	0.0084	0.0145	0.007	-0.0146	-0.0283	-0.0112			5e-10	4.3e-09
2022-12-13 18:08:34	2022-12-13 18:08:34	13/12/2022	2311.1890000000003	18:08:34.687	0.08	0.08	0.12	0.16	0.0	0.0	0.0	0.02	-0.0005	0.004	0.0084	0.0145	0.007	-0.0146	-0.0283	-0.0112			5e-10	4e-09
2022-12-13 18:08:41	2022-12-13 18:08:41	13/12/2022	2318.291	18:08:41.789	0.08	0.08	0.12	0.16	0.0	0.0	0.0	0.02	-0.0005	0.0039	0.0084	0.0145	0.007	-0.0151	-0.0283	-0.0112			5e-10	3.899999999999999e-09
2022-12-13 18:08:47	2022-12-13 18:08:47	13/12/2022	2324.2180000000003	18:08:47.716	0.08	0.08	0.12	0.16	0.0	0.0	0.0	0.02	-0.0005	0.0039	0.0084	0.0145	0.007	-0.0151	-0.0283	-0.0112			5e-10	3.899999999999999e-09
2022-12-13 18:08:53	2022-12-13 18:08:53	13/12/2022	2330.123	18:08:53.621	0.08	0.08	0.12	0.16	0.0	0.0	0.0	0.02	-0.0005	0.0039	0.0084	0.0145	0.007	-0.0151	-0.0283	-0.0112			5e-10	3.899999999999999e-09
2022-12-13 18:09:00	2022-12-13 18:09:00	13/12/2022	2337.23	18:09:00.728	0.08	0.08	0.12	0.16	0.0	0.0	0.0	0.02	-0.0005	0.0039	0.0084	0.0145	0.007	-0.0151	-0.0282	-0.0112			5e-10	3.899999999999999e-09
2022-12-13 18:09:06	2022-12-13 18:09:06	13/12/2022	2343.155	18:09:06.653	0.08	0.08	0.12	0.16	0.0	0.0	0.0	0.02	-0.0005	0.0037	0.0084	0.0145	0.007	-0.0151	-0.0282	-0.0112			5e-10	3.7e-09
2022-12-13 18:09:12	2022-12-13 18:09:12	13/12/2022	2349.069	18:09:12.567	0.08	0.08	0.1	0.16	0.0	0.0	0.0	0.02	-0.0005	0.0048	0.0086	0.0145	0.0071	-0.0151	-0.0282	-0.0112			5e-10	4.799999999999999e-09
2022-12-13 18:09:19	2022-12-13 18:09:19	13/12/2022	2355.706	18:09:19.204	0.08	0.08	0.1	0.16	0.0	0.0	0.0	0.02	-0.0005	0.0045	0.0086	0.0145	-0.0015	-0.0151	-0.0282	-0.0112			5e-10	4.5e-09
2022-12-13 18:09:25	2022-12-13 18:09:26	13/12/2022	2362.603	18:09:26.101	0.08	0.08	0.06	0.14	0.0	0.0	0.0	0.02	-0.0005	-0.024	-0.013	-0.0144	-0.0045	-0.0153	-0.0282	-0.0112			5e-10	2.4e-08
2022-12-13 18:09:31	2022-12-13 18:09:31	13/12/2022	2368.029	18:09:31.527	0.08	0.06	0.06	0.14	0.0	0.0	0.0	0.02	-0.0364	-0.0052	-0.0069	-0.01	-0.0048	-0.0153	-0.0282	-0.0112			3.64e-08	5.1999999999999994e-09
2022-12-13 18:09:38	2022-12-13 18:09:38	13/12/2022	2375.1020000000003	18:09:38.600	0.08	0.06	0.06	0.12	0.0	0.0	0.0	0.02	-0.0001	-0.0048	-0.0069	-0.0097	-0.0053	-0.0153	-0.0282	-0.0112			1e-10	4.799999999999999e-09
2022-12-13 18:09:44	2022-12-13 18:09:42	13/12/2022	2378.6510000000003	18:09:42.149	0.08	0.06	0.06	0.12	0.0	0.0	0.0	0.02	0.0003	-0.0051	-0.0069	-0.0097	-0.0058	-0.0153	-0.0282	-0.0114			2.9999999999999995e-10	5.1e-09
2022-12-13 18:09:50																								
2022-12-13 18:09:57																								
2022-12-13 18:10:03																								
2022-12-13 18:10:09																								
2022-12-13 18:10:16																								
2022-12-13 18:10:22																								
2022-12-13 18:10:28																								
