datetime	Date	Elapsed time	Time	VMon1	VMon2	VMon3	VMon4	VMon5	VMon6	VMon7	VMon8	IMon1	IMon2	IMon3	IMon4	IMon5	IMon6	IMon7	IMon8	Comment	hv_grid	em
2023-01-12 17:14:31	12/01/2023	9.439	17:14:31.799	0.0	0.08	0.22	0.18	0.08	0.04	0.0	0.04	0.0021	0.0069	0.0191	0.0021	-0.0342	0.0328	-0.0226	-0.0159		2.0999999999999998e-09	6.9e-09
2023-01-12 17:14:38	12/01/2023	16.525000000000002	17:14:38.885	0.02	0.1	0.26	0.16	0.06	0.04	0.0	0.04	0.0008	0.0069	0.0198	-0.0343	0.0019	0.0372	-0.0226	-0.0159		8e-10	6.9e-09
2023-01-12 17:14:44	12/01/2023	22.424000000000003	17:14:44.784	0.02	0.1	0.2	0.2	0.1	0.06	0.0	0.04	0.0002	0.0069	0.0247	-0.036	-0.0581	-0.0348	-0.0226	-0.0159		2e-10	6.9e-09
2023-01-12 17:14:50	12/01/2023	28.319000000000003	17:14:50.679	0.02	0.1	0.22	0.16	0.1	0.06	0.0	0.04	0.0	0.0069	0.0287	0.0254	0.023	0.028	-0.0226	-0.0159		0.0	6.9e-09
2023-01-12 17:14:57	12/01/2023	35.402	17:14:57.762	0.02	0.1	0.26	0.14	0.08	0.04	0.0	0.04	-0.0005	0.0078	0.0189	0.0353	0.0171	0.026	-0.0226	-0.0159		5e-10	7.799999999999999e-09
2023-01-12 17:15:03	12/01/2023	41.303000000000004	17:15:03.663	0.02	0.1	0.18	0.16	0.1	0.06	0.0	0.04	0.0001	0.0078	0.0186	-0.0413	-0.0435	-0.0235	-0.0226	-0.0159		1e-10	7.799999999999999e-09
2023-01-12 17:15:09	12/01/2023	47.209	17:15:09.569	0.02	0.1	0.22	0.14	0.06	0.04	0.0	0.04	-0.0004	0.0078	0.0185	0.0358	0.0351	0.0335	-0.0222	-0.0159		4e-10	7.799999999999999e-09
2023-01-12 17:15:16	12/01/2023	54.291000000000004	17:15:16.651	0.02	0.1	0.16	0.12	0.1	0.04	0.0	0.04	0.0019	0.0081	0.0151	0.0448	-0.0336	0.0353	-0.0215	-0.0159		1.9e-09	8.1e-09
2023-01-12 17:15:22	12/01/2023	60.202000000000005	17:15:22.562	0.02	0.1	0.18	0.18	0.06	0.04	0.0	0.04	0.0019	0.0093	0.0139	0.0332	0.0278	0.033	-0.0214	-0.0159		1.9e-09	9.299999999999999e-09
2023-01-12 17:15:28	12/01/2023	66.10600000000001	17:15:28.466	0.02	0.1	0.22	0.16	0.12	0.08	0.0	0.04	-0.0013	0.0101	0.0149	-0.022	0.0203	0.0264	-0.0214	-0.0159		1.2999999999999999e-09	1.01e-08
2023-01-12 17:15:35	12/01/2023	73.184	17:15:35.544	0.02	0.1	0.22	0.18	0.06	0.02	0.0	0.04	-0.0013	0.0093	0.0163	0.0204	0.0358	0.0388	-0.0214	-0.0159		1.2999999999999999e-09	9.299999999999999e-09
2023-01-12 17:15:41	12/01/2023	79.107	17:15:41.467	0.02	0.1	0.2	0.16	0.1	0.04	0.0	0.04	-0.0019	0.0099	0.0195	-0.0279	0.0213	0.0306	-0.0214	-0.0159		1.9e-09	9.900000000000001e-09
2023-01-12 17:15:50	12/01/2023	88.551	17:15:50.911	0.02	0.08	0.22	0.14	0.12	0.02	0.0	0.04	-0.0029	0.0099	0.0177	0.0415	0.0175	0.0295	-0.0214	-0.0159		2.8999999999999995e-09	9.900000000000001e-09
2023-01-12 17:15:57	12/01/2023	95.641	17:15:58.001	0.02	0.08	0.18	0.14	0.06	0.06	0.0	0.04	-0.0017	0.0099	0.0189	0.0272	0.0282	0.0271	-0.0214	-0.0159		1.7e-09	9.900000000000001e-09
2023-01-12 17:16:03	12/01/2023	101.53500000000001	17:16:03.895	0.02	0.08	0.22	0.16	0.06	0.04	0.0	0.04	-0.0013	0.0099	0.0187	0.0289	0.0197	0.0271	-0.0214	-0.0159		1.2999999999999999e-09	9.900000000000001e-09
2023-01-12 17:16:09	12/01/2023	107.43900000000001	17:16:09.799	0.02	0.08	0.16	0.18	0.08	0.06	0.0	0.04	-0.0013	0.0102	0.0243	-0.0274	0.0219	-0.0321	-0.0214	-0.0159		1.2999999999999999e-09	1.02e-08
2023-01-12 17:16:16	12/01/2023	114.521	17:16:16.881	0.02	0.08	0.2	0.12	0.12	0.02	0.0	0.04	-0.0029	0.0111	0.0218	0.0429	0.0154	0.0419	-0.0214	-0.0157		2.8999999999999995e-09	1.11e-08
2023-01-12 17:16:22	12/01/2023	120.433	17:16:22.793	0.02	0.08	0.2	0.12	0.12	0.04	0.0	0.04	-0.0029	0.0134	0.0218	0.0375	0.015	-0.0219	-0.0214	-0.0157		2.8999999999999995e-09	1.34e-08
2023-01-12 17:16:28	12/01/2023	126.33800000000001	17:16:28.698	0.02	0.08	0.2	0.12	0.1	0.06	0.0	0.04	-0.0029	0.0131	0.0218	0.0331	0.0154	-0.0335	-0.0214	-0.0157		2.8999999999999995e-09	1.31e-08
2023-01-12 17:16:35	12/01/2023	133.42600000000002	17:16:35.786	0.02	0.08	0.2	0.14	0.1	0.04	0.0	0.04	-0.0042	0.0131	0.0217	0.0295	0.0102	0.0175	-0.0217	-0.0157		4.1999999999999996e-09	1.31e-08
2023-01-12 17:16:41	12/01/2023	139.33700000000002	17:16:41.697	0.02	0.08	0.2	0.14	0.08	0.04	0.0	0.04	-0.0042	0.0131	0.0217	0.0298	0.0167	0.0252	-0.0217	-0.0157		4.1999999999999996e-09	1.31e-08
2023-01-12 17:16:47	12/01/2023	145.23100000000002	17:16:47.591	0.02	0.08	0.2	0.12	0.08	0.04	0.0	0.04	-0.0042	0.0118	0.0206	0.0297	0.0149	0.0272	-0.0217	-0.0155		4.1999999999999996e-09	1.18e-08
2023-01-12 17:16:54	12/01/2023	152.32600000000002	17:16:54.686	0.02	0.08	0.2	0.12	0.06	0.02	0.0	0.04	-0.0039	0.0118	0.0204	0.0339	0.0184	0.0266	-0.0217	-0.0155		3.899999999999999e-09	1.18e-08
2023-01-12 17:17:00	12/01/2023	158.228	17:17:00.588	0.02	0.08	0.2	0.1	0.06	0.04	0.0	0.04	-0.0039	0.0118	0.0204	0.0415	0.0164	0.0266	-0.0217	-0.0151		3.899999999999999e-09	1.18e-08
2023-01-12 17:17:06	12/01/2023	164.125	17:17:06.485	0.02	0.08	0.2	0.16	0.08	0.04	0.0	0.04	-0.0039	0.0118	0.0206	0.0282	-0.0307	0.0245	-0.0217	-0.0151		3.899999999999999e-09	1.18e-08
2023-01-12 17:17:12	12/01/2023	170.036	17:17:12.396	0.02	0.08	0.2	0.14	0.08	0.02	0.0	0.04	-0.0039	0.0118	0.0216	0.0276	0.0156	0.0246	-0.0217	-0.0151		3.899999999999999e-09	1.18e-08
2023-01-12 17:17:19	12/01/2023	177.12400000000002	17:17:19.484	0.02	0.08	0.2	0.12	0.06	0.04	0.0	0.04	-0.0037	0.0125	0.0218	0.0264	0.0147	0.0247	-0.0217	-0.0151		3.7e-09	1.25e-08
2023-01-12 17:17:25	12/01/2023	183.024	17:17:25.384	0.02	0.08	0.18	0.12	0.04	0.02	0.0	0.04	-0.0033	0.0125	0.0226	0.0411	0.0222	0.0251	-0.0217	-0.0151		3.2999999999999998e-09	1.25e-08
2023-01-12 17:17:31	12/01/2023	188.923	17:17:31.283	0.02	0.08	0.18	0.12	0.06	0.04	0.0	0.04	-0.0033	0.0125	0.0226	0.0306	0.0149	0.0251	-0.0217	-0.0151		3.2999999999999998e-09	1.25e-08
2023-01-12 17:17:38	12/01/2023	196.012	17:17:38.372	0.02	0.08	0.18	0.1	0.04	0.02	0.0	0.04	-0.0033	0.0125	0.0226	0.0305	0.015	0.0339	-0.0217	-0.0151		3.2999999999999998e-09	1.25e-08
2023-01-12 17:17:44	12/01/2023	201.918	17:17:44.278	0.02	0.08	0.18	0.14	0.06	0.04	0.0	0.04	-0.0033	0.0125	0.0226	0.029	0.0141	0.0253	-0.0217	-0.0151		3.2999999999999998e-09	1.25e-08
2023-01-12 17:17:50	12/01/2023	207.83300000000003	17:17:50.193	0.02	0.08	0.18	0.12	0.04	0.04	0.0	0.04	-0.0033	0.0125	0.0226	0.0288	0.0154	0.0251	-0.0217	-0.0151		3.2999999999999998e-09	1.25e-08
2023-01-12 17:17:57	12/01/2023	214.925	17:17:57.285	0.04	0.08	0.18	0.14	0.06	0.02	0.0	0.04	-0.0033	0.0125	0.0226	0.0288	0.0154	0.0235	-0.0217	-0.0151		3.2999999999999998e-09	1.25e-08
2023-01-12 17:18:03	12/01/2023	220.828	17:18:03.188	0.04	0.08	0.18	0.12	0.04	0.04	0.0	0.04	-0.0033	0.0122	0.0226	0.0288	0.0173	0.0235	-0.0217	-0.0151		3.2999999999999998e-09	1.22e-08
2023-01-12 17:18:09	12/01/2023	226.73600000000002	17:18:09.096	0.04	0.08	0.16	0.14	0.06	0.04	0.0	0.04	-0.0033	0.0122	0.0226	0.0288	0.0173	0.0235	-0.0221	-0.0151		3.2999999999999998e-09	1.22e-08
2023-01-12 17:18:16	12/01/2023	233.818	17:18:16.178	0.04	0.08	0.16	0.1	0.06	0.04	0.0	0.04	-0.0033	0.0123	0.0226	0.0311	0.0173	0.0232	-0.0221	-0.0151		3.2999999999999998e-09	1.23e-08
2023-01-12 17:18:22	12/01/2023	239.72400000000002	17:18:22.084	0.04	0.08	0.16	0.12	0.08	0.04	0.0	0.04	-0.0033	0.0123	0.0226	0.0302	0.0092	0.0232	-0.0221	-0.0151		3.2999999999999998e-09	1.23e-08
2023-01-12 17:18:28	12/01/2023	246.806	17:18:29.166	0.04	0.08	0.16	0.14	0.06	0.02	0.0	0.04	-0.0033	0.0124	0.0226	0.029	0.0164	0.0256	-0.0221	-0.0151		3.2999999999999998e-09	1.2399999999999999e-08
2023-01-12 17:18:35	12/01/2023	252.709	17:18:35.069	0.04	0.08	0.16	0.12	0.06	0.04	0.0	0.04	-0.0023	0.0124	0.0226	0.0287	0.0164	0.0256	-0.0221	-0.0151		2.3e-09	1.2399999999999999e-08
2023-01-12 17:18:41	12/01/2023	259.795	17:18:42.155	0.04	0.08	0.16	0.14	0.06	0.04	0.0	0.04	-0.0022	0.0126	0.0226	0.0287	0.0164	0.0256	-0.0221	-0.0151		2.2e-09	1.26e-08
2023-01-12 17:18:47	12/01/2023	265.702	17:18:48.062	0.04	0.08	0.14	0.14	0.06	0.04	0.0	0.04	-0.0022	0.0126	0.0226	0.0287	0.0164	0.0256	-0.0221	-0.0151		2.2e-09	1.26e-08
2023-01-12 17:18:54	12/01/2023	272.793	17:18:55.153	0.04	0.08	0.14	0.12	0.06	0.04	0.0	0.04	-0.0022	0.0126	0.0224	0.0299	0.016	0.0256	-0.0221	-0.0151		2.2e-09	1.26e-08
2023-01-12 17:19:00	12/01/2023	278.708	17:19:01.068	0.04	0.08	0.14	0.12	0.06	0.04	0.0	0.04	-0.0022	0.0136	0.0224	0.0299	0.0154	0.0256	-0.0221	-0.014		2.2e-09	1.36e-08
2023-01-12 17:19:06	12/01/2023	284.612	17:19:06.972	0.04	0.08	0.14	0.12	0.06	0.04	0.0	0.04	-0.0022	0.0124	0.0224	0.0291	0.0148	0.0256	-0.0221	-0.0139		2.2e-09	1.2399999999999999e-08
2023-01-12 17:19:13	12/01/2023	291.695	17:19:14.055	0.04	0.08	0.14	0.12	0.06	0.04	0.0	0.04	-0.0021	0.0128	0.0224	0.0291	0.0148	0.0256	-0.0221	-0.0139		2.0999999999999998e-09	1.28e-08
2023-01-12 17:19:19	12/01/2023	297.6	17:19:19.960	0.04	0.08	0.14	0.12	0.06	0.04	0.0	0.04	-0.0021	0.0127	0.0224	0.0291	0.0148	0.0256	-0.0221	-0.0139		2.0999999999999998e-09	1.27e-08
2023-01-12 17:19:25	12/01/2023	303.50800000000004	17:19:25.868	0.04	0.08	0.14	0.12	0.06	0.04	0.0	0.04	-0.0021	0.0127	0.0224	0.0291	0.0148	0.0256	-0.0221	-0.0139		2.0999999999999998e-09	1.27e-08
2023-01-12 17:19:32	12/01/2023	310.59000000000003	17:19:32.950	0.04	0.08	0.14	0.12	0.06	0.04	0.0	0.04	-0.0021	0.0127	0.0224	0.0291	0.0148	0.0256	-0.0221	-0.0138		2.0999999999999998e-09	1.27e-08
2023-01-12 17:19:38	12/01/2023	317.107	17:19:39.467	471.5	60.42	0.0	0.0	0.0	0.0	0.0	0.04	0.5289	2.0186	1.6513	1.2354	0.8424	0.4209	-0.0221	-0.0138		5.289e-07	2.0186e-06
2023-01-12 17:19:44	12/01/2023	322.119	17:19:44.479	499.9	99.9	220.78	70.6	0.0	0.0	0.0	0.04	0.0237	3.1059	3.6371	3.2326	2.3012	1.389	-0.0221	-0.0138		2.3699999999999997e-08	3.1058999999999998e-06
2023-01-12 17:19:51	12/01/2023	328.797	17:19:51.157	499.9	100.06	902.12	752.66	0.0	201.12	0.0	0.04	0.0167	3.7844	6.8749	6.3166	5.3938	4.5059	-0.0224	-0.0138		1.6699999999999997e-08	3.7844e-06
2023-01-12 17:19:57	12/01/2023	334.78900000000004	17:19:57.149	499.9	100.14	999.7	999.74	0.02	499.62	0.0	0.04	0.0164	0.0831	4.8095	4.7733	4.7443	4.7512	-0.0224	-0.0138		1.64e-08	8.309999999999998e-08
2023-01-12 17:20:03	12/01/2023	340.97200000000004	17:20:03.332	499.9	100.08	999.7	999.68	410.68	499.78	0.0	0.04	0.0164	0.6855	6.369	6.4112	6.377	6.0378	-0.0224	-0.0138		1.64e-08	6.854999999999999e-07
2023-01-12 17:20:10	12/01/2023	348.14300000000003	17:20:10.503	499.9	100.12	999.76	999.74	999.54	499.82	0.0	0.04	0.0185	0.0696	8.206	8.192	8.1606	8.1628	-0.0224	-0.0138		1.8499999999999997e-08	6.959999999999999e-08
2023-01-12 17:20:16	12/01/2023	354.15000000000003	17:20:16.510	499.9	100.12	999.78	999.74	999.68	499.84	0.0	0.04	0.0179	0.0317	8.1216	8.1293	8.1077	8.1486	-0.0224	-0.0138	electron activity grid repelling	1.7899999999999998e-08	3.17e-08
2023-01-12 17:20:22	12/01/2023	360.122	17:20:22.482	499.9	100.12	999.78	999.76	999.72	499.86	0.0	0.04	0.0167	0.0313	8.1177	8.1254	8.1027	8.0925	-0.0224	-0.0138		1.6699999999999997e-08	3.13e-08
2023-01-12 17:20:29	12/01/2023	367.27700000000004	17:20:29.637	499.92	100.12	999.8	999.78	999.74	499.86	0.0	0.04	0.0167	0.0263	8.1423	8.1539	8.1313	8.1364	-0.0224	-0.0138		1.6699999999999997e-08	2.63e-08
2023-01-12 17:20:35	12/01/2023	373.274	17:20:35.634	499.92	100.1	999.82	999.82	999.74	499.86	0.0	0.04	0.0159	0.026	8.1727	8.1853	8.1615	8.1659	-0.0224	-0.0138		1.59e-08	2.5999999999999998e-08
2023-01-12 17:20:41	12/01/2023	379.247	17:20:41.607	499.92	100.1	999.84	999.82	999.74	499.86	0.0	0.04	0.016	0.0248	8.2067	8.2219	8.1967	8.2051	-0.0224	-0.0138		1.6e-08	2.4799999999999997e-08
2023-01-12 17:20:48	12/01/2023	386.442	17:20:48.802	499.92	100.1	999.84	999.84	999.74	499.86	0.0	0.04	0.016	0.0215	8.2626	8.2754	8.2495	8.2548	-0.0224	-0.0138		1.6e-08	2.1499999999999997e-08
2023-01-12 17:20:54	12/01/2023	392.416	17:20:54.776	499.92	100.1	999.84	999.86	999.76	499.88	0.0	0.04	0.0151	0.0213	8.2973	8.3106	8.2845	8.2897	-0.0224	-0.0138		1.51e-08	2.13e-08
2023-01-12 17:21:00	12/01/2023	398.379	17:21:00.739	499.92	100.1	999.86	999.86	999.78	499.86	0.0	0.04	0.0164	0.0203	8.3251	8.3388	8.3116	8.3166	-0.0224	-0.0138		1.64e-08	2.0299999999999996e-08
2023-01-12 17:21:07	12/01/2023	405.54900000000004	17:21:07.909	499.92	100.08	999.86	999.86	999.8	499.86	0.0	0.04	0.0143	0.0218	8.3648	8.3752	8.3476	8.3562	-0.0224	-0.0141		1.4299999999999999e-08	2.18e-08
2023-01-12 17:21:13	12/01/2023	411.51800000000003	17:21:13.878	499.92	100.08	999.86	999.88	999.8	499.86	0.0	0.04	0.0143	0.0199	8.4017	8.4147	8.3886	8.3978	-0.0224	-0.0141		1.4299999999999999e-08	1.99e-08
2023-01-12 17:21:19	12/01/2023	417.48600000000005	17:21:19.846	499.92	100.08	999.88	999.88	999.84	499.88	0.0	0.04	0.0143	0.0199	8.4275	8.4405	8.4163	8.4245	-0.0224	-0.0141		1.4299999999999999e-08	1.99e-08
2023-01-12 17:21:25	12/01/2023	423.46000000000004	17:21:25.820	499.92	100.08	999.88	999.92	999.86	499.88	0.0	0.04	0.0143	0.0198	8.4561	8.4722	8.4452	8.4562	-0.0224	-0.0141		1.4299999999999999e-08	1.9800000000000002e-08
2023-01-12 17:21:32	12/01/2023	430.658	17:21:33.018	499.94	100.08	999.9	999.94	999.9	499.9	0.0	0.04	0.0159	0.0166	8.4893	8.5079	8.481	8.4913	-0.0224	-0.0141		1.59e-08	1.66e-08
2023-01-12 17:21:38	12/01/2023	436.627	17:21:38.987	499.94	100.08	999.92	999.94	999.9	499.9	0.0	0.04	0.0159	0.0187	8.5209	8.537	8.508	8.5178	-0.0222	-0.0141		1.59e-08	1.8700000000000002e-08
2023-01-12 17:21:44	12/01/2023	442.59900000000005	17:21:44.959	499.94	100.08	999.92	999.96	999.9	499.9	0.0	0.04	0.0161	0.0187	8.5467	8.5615	8.5304	8.5436	-0.0222	-0.0141		1.61e-08	1.8700000000000002e-08
2023-01-12 17:21:51	12/01/2023	449.78200000000004	17:21:52.142	499.94	100.08	999.9	999.94	999.9	499.88	0.0	0.04	0.0167	0.0187	8.6451	8.6602	8.6295	8.6415	-0.0222	-0.0141		1.6699999999999997e-08	1.8700000000000002e-08
2023-01-12 17:21:57	12/01/2023	455.78400000000005	17:21:58.144	499.94	100.08	999.92	999.96	999.9	499.88	0.0	0.04	0.0173	0.0181	8.6982	8.7107	8.6833	8.6956	-0.0222	-0.0141		1.73e-08	1.81e-08
2023-01-12 17:22:03	12/01/2023	461.76700000000005	17:22:04.127	499.94	100.08	999.92	999.96	999.92	499.9	0.0	0.04	0.0171	0.0181	8.6479	8.6618	8.6318	8.6431	-0.0222	-0.0136		1.71e-08	1.81e-08
2023-01-12 17:22:10	12/01/2023	467.721	17:22:10.081	499.94	100.08	999.92	999.98	999.92	499.9	0.0	0.04	0.018	0.0172	8.6688	8.6857	8.6555	8.6685	-0.0222	-0.0136		1.8e-08	1.72e-08
2023-01-12 17:22:16	12/01/2023	473.69800000000004	17:22:16.058	499.94	100.08	999.92	999.98	999.94	499.9	0.0	0.04	0.016	0.0172	8.7004	8.7172	8.6868	8.7004	-0.0222	-0.0136		1.6e-08	1.72e-08
2023-01-12 17:22:22	12/01/2023	479.694	17:22:22.054	499.94	100.08	999.94	999.98	999.94	499.9	0.0	0.04	0.0156	0.0176	8.734	8.7519	8.7206	8.7365	-0.0222	-0.0136		1.5599999999999997e-08	1.76e-08
2023-01-12 17:22:29	12/01/2023	486.90000000000003	17:22:29.260	499.94	100.08	999.94	1000.02	999.96	499.92	0.0	0.04	0.0167	0.0172	8.7635	8.7839	8.7528	8.7645	-0.0222	-0.0136		1.6699999999999997e-08	1.72e-08
2023-01-12 17:22:35	12/01/2023	492.88000000000005	17:22:35.240	499.94	100.08	999.96	1000.02	999.96	499.92	0.0	0.04	0.0151	0.0172	8.7818	8.8021	8.7719	8.7832	-0.0222	-0.0136		1.51e-08	1.72e-08
2023-01-12 17:22:41	12/01/2023	498.86600000000004	17:22:41.226	499.94	100.08	999.96	1000.02	999.96	499.92	0.0	0.04	0.0141	0.0172	8.8065	8.8242	8.7924	8.8066	-0.0222	-0.0136		1.4099999999999999e-08	1.72e-08
2023-01-12 17:22:48	12/01/2023	506.03900000000004	17:22:48.399	499.96	100.08	999.94	1000.02	999.98	499.92	0.0	0.04	0.0176	0.0193	8.8508	8.8705	8.8376	8.8502	-0.0222	-0.0136		1.76e-08	1.93e-08
2023-01-12 17:22:54	12/01/2023	512.02	17:22:54.380	499.96	100.08	999.94	1000.0	999.98	499.92	0.0	0.04	0.0185	0.0193	8.8778	8.8966	8.8623	8.8748	-0.0222	-0.0136		1.8499999999999997e-08	1.93e-08
2023-01-12 17:23:00	12/01/2023	517.995	17:23:00.355	499.96	100.08	999.94	1000.0	999.98	499.92	0.0	0.04	0.0167	0.0194	8.898	8.9139	8.8813	8.8964	-0.0222	-0.0136		1.6699999999999997e-08	1.94e-08
2023-01-12 17:23:07	12/01/2023	525.169	17:23:07.529	499.96	100.08	999.96	1000.02	999.98	499.92	0.0	0.04	0.0163	0.0194	8.9191	8.9383	8.9083	8.9212	-0.0222	-0.0136		1.6299999999999997e-08	1.94e-08
2023-01-12 17:23:13	12/01/2023	531.1370000000001	17:23:13.497	499.96	100.08	999.96	1000.02	999.98	499.92	0.0	0.04	0.0161	0.0194	8.9394	8.9602	8.9296	8.9419	-0.0222	-0.0136		1.61e-08	1.94e-08
2023-01-12 17:23:19	12/01/2023	537.115	17:23:19.475	499.96	100.08	999.96	1000.02	999.98	499.92	0.0	0.04	0.0148	0.0195	8.9577	8.9798	8.9458	8.959	-0.0222	-0.0136		1.48e-08	1.95e-08
2023-01-12 17:23:26	12/01/2023	544.291	17:23:26.651	499.96	100.08	999.96	1000.02	999.98	499.92	0.0	0.04	0.0143	0.0195	8.9798	8.9994	8.9667	8.9811	-0.0221	-0.0136		1.4299999999999999e-08	1.95e-08
2023-01-12 17:23:32	12/01/2023	550.282	17:23:32.642	499.96	100.08	999.96	1000.04	999.98	499.92	0.0	0.04	0.0169	0.0195	9.0006	9.0213	8.9867	8.9996	-0.0215	-0.0136		1.69e-08	1.95e-08
2023-01-12 17:23:38	12/01/2023	556.267	17:23:38.627	499.96	100.08	999.96	1000.04	1000.0	499.92	0.0	0.04	0.0181	0.0195	9.0158	9.036	9.0011	9.012	-0.0215	-0.0136		1.81e-08	1.95e-08
2023-01-12 17:23:45	12/01/2023	563.448	17:23:45.808	499.96	100.08	999.96	1000.04	1000.02	499.92	0.0	0.04	0.0208	0.0209	9.0517	9.0681	9.0326	9.0416	-0.0215	-0.0136		2.0799999999999998e-08	2.09e-08
2023-01-12 17:23:51	12/01/2023	569.6740000000001	17:23:52.034	429.64	100.08	999.98	1000.06	1000.0	499.94	0.0	0.04	-0.3861	0.0209	9.0715	9.0912	9.0597	9.0702	-0.0215	-0.013		3.861e-07	2.09e-08
2023-01-12 17:23:57	12/01/2023	575.69	17:23:58.050	0.3	100.0	999.98	1000.06	1000.02	499.94	0.0	0.04	-0.4222	2.6064	9.0771	9.1024	9.0708	9.0893	-0.0215	-0.0126	grid transparent	4.222e-07	2.6063999999999997e-06
2023-01-12 17:24:04	12/01/2023	581.711	17:24:04.071	0.18	100.04	999.98	1000.06	1000.02	499.94	0.0	0.04	-0.3907	2.618	9.1236	9.1425	9.1068	9.1181	-0.0214	-0.0126		3.9069999999999997e-07	2.6179999999999998e-06
2023-01-12 17:24:10	12/01/2023	587.7090000000001	17:24:10.069	0.18	100.04	999.98	1000.06	1000.02	499.94	0.0	0.04	-0.3844	2.611	9.1443	9.1639	9.1275	9.1383	-0.0214	-0.0124		3.8440000000000003e-07	2.611e-06
2023-01-12 17:24:16	12/01/2023	593.688	17:24:16.048	0.18	100.04	999.98	1000.06	1000.02	499.92	0.0	0.04	-0.3831	2.6034	9.1657	9.1847	9.1511	9.1636	-0.0214	-0.0124		3.831e-07	2.6034e-06
2023-01-12 17:24:23	12/01/2023	600.8580000000001	17:24:23.218	0.18	100.06	999.98	1000.06	1000.02	499.92	0.0	0.04	-0.3796	2.6106	9.1869	9.204	9.1719	9.1862	-0.0214	-0.0117		3.796e-07	2.6105999999999996e-06
2023-01-12 17:24:29	12/01/2023	606.87	17:24:29.230	0.18	100.06	999.98	1000.06	1000.04	499.92	0.0	0.04	-0.3772	2.6013	9.2132	9.233	9.2025	9.215	-0.0214	-0.0114		3.7719999999999996e-07	2.6013e-06
2023-01-12 17:24:35	12/01/2023	612.842	17:24:35.202	0.18	100.06	999.98	1000.06	1000.04	499.92	0.0	0.04	-0.3771	2.6027	9.2331	9.2574	9.2197	9.2334	-0.0214	-0.0114		3.7709999999999996e-07	2.6027e-06
2023-01-12 17:24:42	12/01/2023	620.019	17:24:42.379	0.16	100.06	999.98	1000.06	1000.04	499.92	0.0	0.04	-0.3805	2.6071	9.2456	9.2648	9.2309	9.245	-0.0214	-0.0114		3.805e-07	2.6071e-06
2023-01-12 17:24:48	12/01/2023	625.9960000000001	17:24:48.356	0.16	100.06	999.98	1000.06	1000.04	499.94	0.0	0.04	-0.3823	2.6009	9.2768	9.3014	9.2668	9.2806	-0.0214	-0.0114		3.823e-07	2.6009e-06
2023-01-12 17:24:54	12/01/2023	631.9680000000001	17:24:54.328	0.16	100.06	999.98	1000.06	1000.04	499.94	0.0	0.04	-0.3825	2.6039	9.2968	9.319	9.2845	9.2959	-0.0214	-0.0114		3.825e-07	2.6038999999999998e-06
2023-01-12 17:25:01	12/01/2023	639.082	17:25:01.442	0.16	100.06	999.98	1000.06	1000.04	499.94	0.0	0.04	-0.3828	2.6142	9.3024	9.326	9.293	9.3019	-0.0214	-0.0114		3.8279999999999996e-07	2.6142e-06
2023-01-12 17:25:07	12/01/2023	645.043	17:25:07.403	0.16	100.06	999.98	1000.06	1000.04	499.94	0.0	0.04	-0.3812	2.6041	9.3192	9.3398	9.3061	9.3183	-0.0214	-0.0114		3.8119999999999995e-07	2.6040999999999998e-06
2023-01-12 17:25:13	12/01/2023	650.9830000000001	17:25:13.343	0.16	100.06	999.98	1000.06	1000.04	499.94	0.0	0.04	-0.3801	2.6068	9.3252	9.353	9.3161	9.3304	-0.021	-0.0114		3.8009999999999997e-07	2.6067999999999998e-06
2023-01-12 17:25:20	12/01/2023	658.119	17:25:20.479	0.14	100.06	1000.0	1000.06	1000.04	499.94	0.0	0.04	-0.3802	2.5997	9.3403	9.363	9.3273	9.3397	-0.021	-0.0114		3.802e-07	2.5997e-06
2023-01-12 17:25:26	12/01/2023	664.09	17:25:26.450	0.16	100.06	1000.0	1000.06	1000.04	499.94	0.0	0.04	-0.3829	2.6023	9.3599	9.3793	9.3448	9.3575	-0.021	-0.0114		3.829e-07	2.6023e-06
2023-01-12 17:25:32	12/01/2023	670.061	17:25:32.421	0.16	100.06	1000.0	1000.08	1000.04	499.94	0.0	0.04	-0.3845	2.6063	9.3806	9.4015	9.3699	9.3829	-0.021	-0.0114		3.845e-07	2.6063e-06
2023-01-12 17:25:38	12/01/2023	675.993	17:25:38.353	0.14	100.06	1000.0	1000.08	1000.04	499.94	0.0	0.04	-0.3782	2.6092	9.3906	9.4125	9.3769	9.3912	-0.021	-0.0114		3.782e-07	2.6092e-06
2023-01-12 17:25:45	12/01/2023	683.1750000000001	17:25:45.535	0.12	100.06	1000.0	1000.08	1000.04	499.96	0.0	0.04	-0.3782	2.6126	9.4183	9.4314	9.3968	9.4074	-0.021	-0.0114		3.782e-07	2.6125999999999998e-06
2023-01-12 17:25:51	12/01/2023	689.1460000000001	17:25:51.506	0.14	100.06	1000.0	1000.08	1000.04	499.96	0.0	0.04	-0.3851	2.618	9.4292	9.4528	9.4216	9.4321	-0.021	-0.0114		3.851e-07	2.6179999999999998e-06
2023-01-12 17:25:57	12/01/2023	695.125	17:25:57.485	0.14	100.06	1000.0	1000.08	1000.06	499.94	0.0	0.04	-0.3836	2.625	9.4421	9.4742	9.439	9.4506	-0.021	-0.0108		3.8359999999999997e-07	2.625e-06
2023-01-12 17:26:04	12/01/2023	702.2990000000001	17:26:04.659	0.12	100.06	1000.0	1000.1	1000.06	499.94	0.0	0.04	-0.3807	2.6174	9.4712	9.4934	9.4579	9.4679	-0.021	-0.0108		3.8069999999999996e-07	2.6173999999999997e-06
2023-01-12 17:26:10	12/01/2023	708.2810000000001	17:26:10.641	0.12	100.06	1000.0	1000.1	1000.06	499.94	0.0	0.04	-0.3843	2.6149	9.4805	9.5044	9.4728	9.4842	-0.021	-0.0101		3.8429999999999997e-07	2.6148999999999997e-06
2023-01-12 17:26:16	12/01/2023	714.255	17:26:16.615	0.12	100.06	1000.0	1000.1	1000.06	499.94	0.0	0.04	-0.3847	2.621	9.4978	9.5242	9.4893	9.5018	-0.021	-0.0101		3.8469999999999994e-07	2.621e-06
2023-01-12 17:26:23	12/01/2023	721.4250000000001	17:26:23.785	0.12	100.06	1000.0	1000.1	1000.06	499.94	0.0	0.04	-0.3852	2.6284	9.5036	9.5276	9.4933	9.5041	-0.021	-0.0101		3.852e-07	2.6284e-06
2023-01-12 17:26:29	12/01/2023	727.4060000000001	17:26:29.766	0.12	100.06	1000.0	1000.1	1000.06	499.94	0.0	0.04	-0.3844	2.6328	9.5196	9.5413	9.5063	9.5161	-0.021	-0.0101		3.8440000000000003e-07	2.6328e-06
2023-01-12 17:26:35	12/01/2023	733.3810000000001	17:26:35.741	0.12	100.06	1000.0	1000.1	1000.06	499.94	0.0	0.04	-0.3834	2.6381	9.5369	9.5627	9.5284	9.541	-0.021	-0.0101		3.834e-07	2.6381e-06
2023-01-12 17:26:42	12/01/2023	740.558	17:26:42.918	0.12	100.08	1000.0	1000.1	1000.06	499.94	0.0	0.04	-0.3842	2.6385	9.5631	9.5823	9.5482	9.5563	-0.021	-0.0101		3.8419999999999996e-07	2.6385e-06
2023-01-12 17:26:48	12/01/2023	746.5390000000001	17:26:48.899	0.12	100.08	1000.0	1000.1	1000.06	499.94	0.0	0.04	-0.3853	2.6382	9.569	9.5921	9.5569	9.5679	-0.021	-0.0101		3.8529999999999994e-07	2.6381999999999996e-06
2023-01-12 17:26:54	12/01/2023	752.517	17:26:54.877	0.12	100.08	1000.02	1000.1	1000.06	499.94	0.0	0.04	-0.3882	2.6392	9.5873	9.6092	9.5757	9.5856	-0.021	-0.0101		3.882e-07	2.6392e-06
2023-01-12 17:27:01	12/01/2023	759.687	17:27:02.047	0.14	100.08	1000.02	1000.1	1000.06	499.94	0.0	0.04	-0.3855	2.6537	9.6009	9.622	9.5854	9.5952	-0.021	-0.0101		3.855e-07	2.6537e-06
2023-01-12 17:27:07	12/01/2023	765.6600000000001	17:27:08.020	0.14	100.08	1000.02	1000.1	1000.06	499.94	0.0	0.04	-0.3888	2.6605	9.6132	9.6331	9.5975	9.6081	-0.021	-0.0101		3.888e-07	2.6604999999999998e-06
2023-01-12 17:27:13	12/01/2023	771.6650000000001	17:27:14.025	0.16	100.08	1000.02	1000.1	1000.06	499.94	0.0	0.04	-0.3896	2.6603	9.6241	9.6497	9.6127	9.6252	-0.021	-0.0101		3.896e-07	2.6602999999999998e-06
2023-01-12 17:27:20	12/01/2023	777.6510000000001	17:27:20.011	0.12	100.08	1000.02	1000.1	1000.04	499.94	0.0	0.04	-0.3886	2.6577	9.6449	9.6667	9.629	9.6373	-0.021	-0.0101		3.8859999999999997e-07	2.6577e-06
2023-01-12 17:27:26	12/01/2023	784.831	17:27:27.191	0.14	100.08	1000.02	1000.1	1000.06	499.94	0.0	0.04	-0.3917	2.6624	9.6519	9.6747	9.6377	9.6491	-0.021	-0.0101		3.917e-07	2.6623999999999997e-06
2023-01-12 17:27:32	12/01/2023	790.8000000000001	17:27:33.160	0.12	100.08	1000.02	1000.1	1000.06	499.94	0.0	0.04	-0.3938	2.6741	9.6715	9.6963	9.6583	9.6717	-0.021	-0.0102		3.9379999999999994e-07	2.6741e-06
2023-01-12 17:27:39	12/01/2023	796.7800000000001	17:27:39.140	0.12	100.08	1000.02	1000.1	1000.06	499.94	0.0	0.04	-0.3938	2.6733	9.6765	9.7019	9.6668	9.6816	-0.021	-0.0102		3.9379999999999994e-07	2.6732999999999995e-06
2023-01-12 17:27:45	12/01/2023	802.754	17:27:45.114	0.14	100.08	1000.0	1000.12	1000.06	499.94	0.0	0.04	-0.3922	2.6746	9.6873	9.7129	9.6742	9.6882	-0.021	-0.0102		3.922e-07	2.6745999999999998e-06
2023-01-12 17:27:51	12/01/2023	808.7320000000001	17:27:51.092	0.12	100.08	1000.0	1000.12	1000.08	499.96	0.0	0.04	-0.3918	2.68	9.7095	9.7304	9.6933	9.7035	-0.021	-0.0102		3.9179999999999995e-07	2.68e-06
2023-01-12 17:27:58	12/01/2023	815.902	17:27:58.262	0.12	100.08	1000.02	1000.12	1000.08	499.96	0.0	0.04	-0.393	2.6806	9.722	9.7472	9.7097	9.722	-0.0208	-0.0102		3.93e-07	2.6806e-06
2023-01-12 17:28:04	12/01/2023	821.8820000000001	17:28:04.242	0.12	100.08	1000.02	1000.12	1000.08	499.96	0.0	0.04	-0.3933	2.6804	9.7411	9.7641	9.7284	9.7395	-0.0208	-0.0102		3.9329999999999995e-07	2.6804e-06
2023-01-12 17:28:10	12/01/2023	827.87	17:28:10.230	0.12	100.08	1000.02	1000.12	1000.08	499.96	0.0	0.04	-0.391	2.6726	9.7536	9.7786	9.7394	9.7534	-0.0208	-0.0102		3.91e-07	2.6726e-06
2023-01-12 17:28:17	12/01/2023	835.041	17:28:17.401	0.12	100.08	1000.02	1000.12	1000.08	499.94	0.0	0.04	-0.3946	2.6926	9.7651	9.7902	9.7525	9.7664	-0.0208	-0.0102		3.946e-07	2.6926e-06
2023-01-12 17:28:23	12/01/2023	841.022	17:28:23.382	0.12	100.08	1000.02	1000.12	1000.08	499.96	0.0	0.04	-0.3933	2.6837	9.7703	9.797	9.7597	9.7729	-0.0208	-0.0102		3.9329999999999995e-07	2.6837e-06
2023-01-12 17:28:29	12/01/2023	847.003	17:28:29.363	0.14	100.08	1000.02	1000.12	1000.08	499.96	0.0	0.04	-0.3889	2.6203	9.834	9.8245	9.7865	9.7984	-0.0208	-0.0106		3.889e-07	2.6202999999999997e-06
2023-01-12 17:28:36	12/01/2023	854.4250000000001	17:28:36.785	40.48	100.08	1000.02	1000.12	1000.08	499.96	0.0	0.04	0.3755	2.6225	9.9356	9.8955	9.8546	9.7965	-0.0208	-0.0106		3.755e-07	2.6225e-06
2023-01-12 17:28:42	12/01/2023	860.417	17:28:42.777	499.58	100.1	1000.02	1000.12	1000.08	499.96	0.0	0.04	0.03	0.0294	9.8156	9.84	9.8027	9.8109	-0.0208	-0.0125	grid repelling	3e-08	2.94e-08
2023-01-12 17:28:48	12/01/2023	866.4040000000001	17:28:48.764	499.86	100.08	1000.02	1000.12	1000.08	499.96	0.0	0.04	0.0206	0.0233	9.82	9.8452	9.8097	9.8241	-0.0208	-0.0125		2.06e-08	2.33e-08
2023-01-12 17:28:55	12/01/2023	873.585	17:28:55.945	499.88	100.08	1000.02	1000.12	1000.08	499.96	0.0	0.04	0.0176	0.0235	9.831	9.8566	9.8169	9.8283	-0.0208	-0.0125		1.76e-08	2.35e-08
2023-01-12 17:29:01	12/01/2023	879.57	17:29:01.930	499.9	100.08	1000.02	1000.12	1000.08	499.96	0.0	0.04	0.0176	0.0224	9.8427	9.867	9.8294	9.8391	-0.0208	-0.0125		1.76e-08	2.24e-08
2023-01-12 17:29:07	12/01/2023	885.5530000000001	17:29:07.913	499.9	100.08	1000.02	1000.12	1000.08	499.96	0.0	0.04	0.0176	0.0224	9.8533	9.8817	9.8415	9.8566	-0.0208	-0.0125		1.76e-08	2.24e-08
2023-01-12 17:29:14	12/01/2023	892.7470000000001	17:29:15.107	499.9	100.08	1000.02	1000.12	1000.08	499.96	0.0	0.04	0.0174	0.0227	9.8594	9.8853	9.8462	9.859	-0.0208	-0.0125		1.7399999999999997e-08	2.27e-08
2023-01-12 17:29:20	12/01/2023	898.738	17:29:21.098	499.9	100.08	1000.02	1000.12	1000.08	499.96	0.0	0.04	0.0171	0.0226	9.8707	9.8946	9.858	9.8697	-0.0208	-0.0124		1.71e-08	2.2599999999999997e-08
2023-01-12 17:29:26	12/01/2023	904.7280000000001	17:29:27.088	499.9	100.08	1000.02	1000.12	1000.08	499.96	0.0	0.04	0.0162	0.0216	9.8866	9.9114	9.8762	9.8895	-0.0208	-0.0124		1.62e-08	2.16e-08
2023-01-12 17:29:33	12/01/2023	910.7130000000001	17:29:33.073	499.9	100.08	1000.02	1000.12	1000.08	499.96	0.0	0.04	0.0162	0.0216	9.8924	9.9176	9.8795	9.8919	-0.0207	-0.0124		1.62e-08	2.16e-08
2023-01-12 17:29:39	12/01/2023	916.7040000000001	17:29:39.064	499.9	100.08	1000.02	1000.12	1000.08	499.96	0.0	0.04	0.0162	0.0203	9.9033	9.9287	9.8926	9.9054	-0.0207	-0.0124		1.62e-08	2.0299999999999996e-08
2023-01-12 17:29:45	12/01/2023	922.696	17:29:45.056	499.9	100.08	1000.02	1000.12	1000.08	499.96	0.0	0.04	0.0162	0.0201	9.9107	9.94	9.9023	9.9169	-0.0207	-0.0124		1.62e-08	2.0099999999999998e-08
2023-01-12 17:29:51	12/01/2023	928.6780000000001	17:29:51.038	499.92	100.08	1000.02	1000.12	1000.06	499.96	0.0	0.04	0.0162	0.0201	9.9247	9.9524	9.9132	9.9276	-0.0207	-0.0124		1.62e-08	2.0099999999999998e-08
2023-01-12 17:29:58	12/01/2023	935.8620000000001	17:29:58.222	499.92	100.08	1000.02	1000.12	1000.06	499.96	0.0	0.04	0.0162	0.0201	9.9385	9.9657	9.9267	9.9414	-0.0207	-0.0124		1.62e-08	2.0099999999999998e-08
2023-01-12 17:30:04	12/01/2023	941.8520000000001	17:30:04.212	499.94	100.08	1000.02	1000.12	1000.06	499.96	0.0	0.04	0.0162	0.0206	9.9535	9.9737	9.9345	9.9456	-0.0207	-0.0124		1.62e-08	2.06e-08
2023-01-12 17:30:10	12/01/2023	947.8330000000001	17:30:10.193	499.94	100.08	1000.02	1000.12	1000.06	499.96	0.0	0.04	0.0162	0.0206	9.9599	9.9829	9.9489	9.9596	-0.0207	-0.0124		1.62e-08	2.06e-08
2023-01-12 17:30:17	12/01/2023	955.028	17:30:17.388	499.94	100.08	1000.02	1000.12	1000.06	499.96	0.0	0.04	0.0162	0.0208	9.9789	9.9986	9.9627	9.9728	-0.0207	-0.0124		1.62e-08	2.0799999999999998e-08
2023-01-12 17:30:23	12/01/2023	961.0250000000001	17:30:23.385	499.94	100.08	1000.02	1000.12	1000.06	499.98	0.0	0.04	0.0162	0.0208	9.982	10.0068	9.9724	9.9839	-0.0207	-0.0124		1.62e-08	2.0799999999999998e-08
2023-01-12 17:30:29	12/01/2023	967.0500000000001	17:30:29.410	499.94	100.08	1000.02	1000.12	1000.06	499.98	0.0	0.04	0.0164	0.0208	9.9869	10.0105	9.9747	9.9855	-0.0207	-0.0124		1.64e-08	2.0799999999999998e-08
2023-01-12 17:30:36	12/01/2023	974.244	17:30:36.604	499.94	100.08	1000.02	1000.12	1000.06	499.98	0.0	0.04	0.0164	0.0228	9.9997	10.0272	9.9895	9.9988	-0.0207	-0.0124		1.64e-08	2.28e-08
2023-01-12 17:30:42	12/01/2023	980.7210000000001	17:30:43.081	219.06	100.08	1000.0	1000.12	1000.06	499.98	0.0	0.04	-0.4814	0.1015	10.0056	10.0352	9.9991	10.008	-0.0207	-0.0124	grid transparent	4.814e-07	1.015e-07
2023-01-12 17:30:48	12/01/2023	986.7090000000001	17:30:49.069	0.28	100.02	1000.0	1000.12	1000.06	499.98	0.0	0.04	-0.4301	2.8065	10.0183	10.0468	10.0018	10.0168	-0.0205	-0.0124		4.3009999999999997e-07	2.8065e-06
2023-01-12 17:30:55	12/01/2023	992.6980000000001	17:30:55.058	0.18	100.04	1000.0	1000.12	1000.08	499.98	0.0	0.04	-0.4118	2.7848	10.035	10.0563	10.0206	10.032	-0.0203	-0.0124		4.1179999999999997e-07	2.7848e-06
2023-01-12 17:31:01	12/01/2023	998.701	17:31:01.061	0.16	100.04	1000.0	1000.12	1000.08	499.98	0.0	0.04	-0.4068	2.7716	10.0486	10.0666	10.0318	10.044	-0.0203	-0.0124		4.0679999999999996e-07	2.7716e-06
2023-01-12 17:31:07	12/01/2023	1004.696	17:31:07.056	0.18	100.06	1000.0	1000.14	1000.08	499.98	0.0	0.04	-0.402	2.7523	10.0535	10.0754	10.039	10.0529	-0.0201	-0.0124		4.02e-07	2.7523e-06
2023-01-12 17:31:14	12/01/2023	1011.8990000000001	17:31:14.259	0.16	100.06	1000.0	1000.14	1000.08	499.96	0.0	0.04	-0.3998	2.7542	10.0728	10.0971	10.0602	10.0733	-0.0201	-0.0124		3.9979999999999997e-07	2.7542e-06
2023-01-12 17:31:20	12/01/2023	1017.9000000000001	17:31:20.260	0.16	100.06	1000.0	1000.14	1000.08	499.96	0.0	0.04	-0.3991	2.7496	10.0718	10.0946	10.0595	10.0685	-0.0201	-0.0124		3.9909999999999997e-07	2.7496e-06
2023-01-12 17:31:26	12/01/2023	1023.9090000000001	17:31:26.269	0.16	100.06	1000.0	1000.14	1000.08	499.96	0.0	0.04	-0.4006	2.7483	10.0761	10.0997	10.0622	10.0757	-0.0199	-0.0124		4.006e-07	2.7483e-06
2023-01-12 17:31:33	12/01/2023	1031.121	17:31:33.481	0.16	100.06	1000.0	1000.14	1000.08	499.96	0.0	0.04	-0.398	2.748	10.0888	10.1109	10.073	10.0872	-0.0199	-0.0124		3.98e-07	2.748e-06
2023-01-12 17:31:39	12/01/2023	1037.122	17:31:39.482	0.16	100.06	1000.0	1000.14	1000.1	499.98	0.0	0.04	-0.3989	2.7448	10.1004	10.1208	10.0858	10.0979	-0.0193	-0.0124		3.9889999999999995e-07	2.7448e-06
2023-01-12 17:31:45	12/01/2023	1043.1290000000001	17:31:45.489	0.16	100.06	1000.0	1000.14	1000.1	499.98	0.0	0.04	-0.3985	2.7473	10.1136	10.1346	10.0982	10.1095	-0.0193	-0.0124		3.9850000000000003e-07	2.7473e-06
2023-01-12 17:31:52	12/01/2023	1050.325	17:31:52.685	0.16	100.06	1000.0	1000.14	1000.1	499.98	0.0	0.04	-0.3985	2.7475	10.1221	10.1461	10.11	10.1221	-0.0193	-0.0122		3.9850000000000003e-07	2.7475e-06
2023-01-12 17:31:58	12/01/2023	1056.326	17:31:58.686	0.16	100.06	1000.0	1000.14	1000.1	499.98	0.0	0.04	-0.4003	2.7475	10.1347	10.1582	10.122	10.1322	-0.0191	-0.0118		4.0029999999999995e-07	2.7475e-06
2023-01-12 17:32:04	12/01/2023	1062.3290000000002	17:32:04.689	0.16	100.06	1000.0	1000.14	1000.1	499.98	0.0	0.04	-0.3979	2.7467	10.1374	10.1632	10.1251	10.1397	-0.0191	-0.0118		3.979e-07	2.7467e-06
2023-01-12 17:32:11	12/01/2023	1069.534	17:32:11.894	0.16	100.06	1000.0	1000.14	1000.1	499.98	0.0	0.04	-0.4015	2.7498	10.1528	10.1762	10.1411	10.1533	-0.0191	-0.0116		4.015e-07	2.7498e-06
2023-01-12 17:32:17	12/01/2023	1075.567	17:32:17.927	0.16	100.06	1000.0	1000.14	1000.1	499.98	0.0	0.04	-0.3988	2.7492	10.1629	10.1897	10.1525	10.165	-0.0191	-0.0116		3.9879999999999994e-07	2.7492e-06
2023-01-12 17:32:23	12/01/2023	1081.569	17:32:23.929	0.14	100.06	1000.0	1000.14	1000.1	499.98	0.0	0.04	-0.4044	2.7589	10.1735	10.2003	10.1615	10.1768	-0.0191	-0.0116		4.0439999999999994e-07	2.7589e-06
2023-01-12 17:32:30	12/01/2023	1088.7730000000001	17:32:31.133	0.16	100.06	1000.0	1000.14	1000.1	499.98	0.0	0.04	-0.398	2.7537	10.184	10.2094	10.1728	10.1834	-0.0191	-0.011		3.98e-07	2.7536999999999996e-06
2023-01-12 17:32:36	12/01/2023	1094.776	17:32:37.136	0.14	100.06	1000.0	1000.14	1000.1	499.98	0.0	0.04	-0.4011	2.7624	10.1927	10.2186	10.1878	10.1991	-0.0191	-0.011		4.011e-07	2.7624e-06
2023-01-12 17:32:42	12/01/2023	1100.7720000000002	17:32:43.132	0.14	100.06	1000.0	1000.14	1000.08	499.98	0.0	0.04	-0.4023	2.7665	10.208	10.2325	10.2262	10.2361	-0.0191	-0.011		4.023e-07	2.7665e-06
2023-01-12 17:32:49	12/01/2023	1106.768	17:32:49.128	0.12	100.08	1000.0	1000.14	1000.08	499.98	0.0	0.04	-0.3792	2.5825	10.3359	10.3659	10.3461	10.3539	-0.0191	-0.011		3.7919999999999995e-07	2.5825e-06
2023-01-12 17:32:55	12/01/2023	1112.766	17:32:55.126	0.12	100.08	1000.02	1000.14	1000.1	499.98	0.0	0.04	-0.3893	2.6951	10.2986	10.3256	10.2889	10.3113	-0.0191	-0.011		3.8929999999999997e-07	2.6951e-06
2023-01-12 17:33:01	12/01/2023	1118.765	17:33:01.125	0.14	100.08	1000.02	1000.14	1000.1	499.98	0.0	0.04	-0.3933	2.6772	10.306	10.3353	10.2972	10.3111	-0.0191	-0.011		3.9329999999999995e-07	2.6772e-06
2023-01-12 17:33:08	12/01/2023	1125.948	17:33:08.308	0.14	100.06	1000.02	1000.14	1000.1	499.98	0.0	0.04	-0.4029	2.7613	10.2619	10.2863	10.2473	10.2587	-0.0191	-0.011		4.029e-07	2.7612999999999997e-06
2023-01-12 17:33:14	12/01/2023	1131.949	17:33:14.309	0.12	100.06	1000.02	1000.14	1000.1	499.98	0.0	0.04	-0.403	2.7772	10.2631	10.2923	10.2536	10.2628	-0.0191	-0.011		4.03e-07	2.7772e-06
2023-01-12 17:33:20	12/01/2023	1137.96	17:33:20.320	0.12	100.06	1000.02	1000.14	1000.1	499.98	0.0	0.04	-0.4026	2.7867	10.2636	10.2936	10.2541	10.2684	-0.0191	-0.011		4.026e-07	2.7867e-06
2023-01-12 17:33:27	12/01/2023	1145.1580000000001	17:33:27.518	0.12	100.06	1000.02	1000.14	1000.1	499.98	0.0	0.04	-0.4089	2.7916	10.2719	10.2996	10.2628	10.2732	-0.0191	-0.011		4.0889999999999996e-07	2.7915999999999997e-06
2023-01-12 17:33:33	12/01/2023	1151.1470000000002	17:33:33.507	0.12	100.06	1000.02	1000.14	1000.1	499.98	0.0	0.04	-0.4055	2.7924	10.2883	10.3133	10.2773	10.2899	-0.0191	-0.011		4.055e-07	2.7924e-06
2023-01-12 17:33:39	12/01/2023	1157.151	17:33:39.511	0.12	100.06	1000.02	1000.14	1000.1	499.98	0.0	0.04	-0.4044	2.797	10.2889	10.3128	10.278	10.2909	-0.0191	-0.011		4.0439999999999994e-07	2.797e-06
2023-01-12 17:33:46	12/01/2023	1164.3490000000002	17:33:46.709	0.12	100.06	1000.0	1000.14	1000.1	500.0	0.0	0.04	-0.4043	2.7864	10.3224	10.3463	10.3096	10.3181	-0.0191	-0.0105		4.043e-07	2.7863999999999997e-06
2023-01-12 17:33:52	12/01/2023	1170.3580000000002	17:33:52.718	0.12	100.06	1000.0	1000.14	1000.1	500.0	0.0	0.04	-0.4028	2.7765	10.3384	10.3614	10.3263	10.3354	-0.0191	-0.0104		4.028e-07	2.7765e-06
2023-01-12 17:33:58	12/01/2023	1176.353	17:33:58.713	0.12	100.06	1000.0	1000.14	1000.1	500.0	0.0	0.04	-0.4016	2.7777	10.3507	10.3718	10.3379	10.3456	-0.0191	-0.0104		4.016e-07	2.7776999999999997e-06
2023-01-12 17:34:04	12/01/2023	1182.351	17:34:04.711	0.12	100.06	1000.0	1000.14	1000.1	500.0	0.0	0.04	-0.4029	2.7832	10.3416	10.366	10.3302	10.3425	-0.0191	-0.0104		4.029e-07	2.7832e-06
2023-01-12 17:34:11	12/01/2023	1189.549	17:34:11.909	0.12	100.06	1000.0	1000.14	1000.1	499.98	0.0	0.04	-0.3999	2.7817	10.354	10.3777	10.3401	10.3507	-0.0191	-0.0104		3.999e-07	2.7816999999999996e-06
2023-01-12 17:34:17	12/01/2023	1195.5430000000001	17:34:17.903	0.1	100.06	1000.0	1000.14	1000.1	499.98	0.0	0.04	-0.399	2.7878	10.3532	10.3768	10.3391	10.3519	-0.0191	-0.0104		3.99e-07	2.7878e-06
2023-01-12 17:34:23	12/01/2023	1201.537	17:34:23.897	0.1	100.06	1000.0	1000.14	1000.1	499.98	0.0	0.04	-0.4022	2.7974	10.3512	10.3771	10.3395	10.3526	-0.0191	-0.0104		4.022e-07	2.7974e-06
2023-01-12 17:34:30	12/01/2023	1208.558	17:34:30.918	401.32	100.12	1000.0	1000.14	1000.1	499.98	0.0	0.04	0.5246	0.0591	10.3711	10.3855	10.3661	10.3735	-0.0191	-0.0104		5.245999999999999e-07	5.91e-08
2023-01-12 17:34:36	12/01/2023	1214.566	17:34:36.926	499.92	100.1	1000.0	1000.14	1000.1	499.98	0.0	0.04	0.025	0.0278	10.3842	10.4094	10.3723	10.384	-0.0191	-0.0104		2.5e-08	2.7799999999999997e-08
2023-01-12 17:34:42	12/01/2023	1220.5810000000001	17:34:42.941	499.9	100.1	1000.0	1000.16	1000.1	499.98	0.0	0.04	0.0216	0.0252	10.3893	10.4182	10.3787	10.3909	-0.0189	-0.0104		2.16e-08	2.52e-08
2023-01-12 17:34:49	12/01/2023	1227.8020000000001	17:34:50.162	499.9	100.1	1000.0	1000.16	1000.1	499.98	0.0	0.04	0.0205	0.0229	10.375	10.3966	10.3596	10.3707	-0.0189	-0.0104		2.05e-08	2.29e-08
2023-01-12 17:34:55	12/01/2023	1233.7930000000001	17:34:56.153	499.9	100.08	1000.0	1000.16	1000.1	499.98	0.0	0.04	0.0194	0.0227	10.3799	10.4039	10.366	10.3796	-0.0189	-0.0105		1.94e-08	2.27e-08
2023-01-12 17:35:01	12/01/2023	1239.798	17:35:02.158	499.9	100.08	1000.0	1000.16	1000.1	499.98	0.0	0.04	0.0194	0.0226	10.3934	10.4188	10.3815	10.3951	-0.0189	-0.0113	grid repelling	1.94e-08	2.2599999999999997e-08
2023-01-12 17:35:08	12/01/2023	1245.805	17:35:08.165	499.9	100.08	1000.0	1000.16	1000.1	499.98	0.0	0.04	0.0194	0.0226	10.4082	10.4344	10.3968	10.4099	-0.0189	-0.0117		1.94e-08	2.2599999999999997e-08
2023-01-12 17:35:14	12/01/2023	1251.8400000000001	17:35:14.200	499.9	100.08	1000.0	1000.16	1000.1	499.98	0.0	0.04	0.0189	0.0226	10.413	10.439	10.4029	10.4153	-0.0189	-0.0117		1.89e-08	2.2599999999999997e-08
2023-01-12 17:35:20	12/01/2023	1257.851	17:35:20.211	499.9	100.08	1000.0	1000.16	1000.1	499.98	0.0	0.04	0.0188	0.0219	10.4275	10.4519	10.4156	10.427	-0.0189	-0.0117		1.88e-08	2.1899999999999998e-08
2023-01-12 17:35:27	12/01/2023	1265.064	17:35:27.424	499.9	100.08	1000.0	1000.16	1000.1	499.98	0.0	0.04	0.0188	0.0219	10.4207	10.4483	10.4083	10.4224	-0.0192	-0.0117		1.88e-08	2.1899999999999998e-08
2023-01-12 17:35:33	12/01/2023	1271.076	17:35:33.436	499.92	100.08	1000.0	1000.16	1000.1	499.98	0.0	0.04	0.0188	0.0219	10.4204	10.4469	10.4074	10.4188	-0.0192	-0.0117		1.88e-08	2.1899999999999998e-08
2023-01-12 17:35:39	12/01/2023	1277.085	17:35:39.445	499.92	100.08	1000.02	1000.16	1000.1	499.98	0.0	0.04	0.0188	0.0226	10.4244	10.4503	10.411	10.4216	-0.0192	-0.0117		1.88e-08	2.2599999999999997e-08
2023-01-12 17:35:46	12/01/2023	1284.3010000000002	17:35:46.661	499.92	100.08	1000.02	1000.16	1000.1	499.98	0.0	0.04	0.0188	0.0226	10.4316	10.4568	10.4172	10.4293	-0.0192	-0.0117		1.88e-08	2.2599999999999997e-08
2023-01-12 17:35:52	12/01/2023	1290.308	17:35:52.668	499.92	100.08	1000.02	1000.16	1000.1	499.98	0.0	0.04	0.0188	0.0228	10.4409	10.4677	10.4256	10.4395	-0.0192	-0.0117		1.88e-08	2.28e-08
2023-01-12 17:35:58	12/01/2023	1296.327	17:35:58.687	499.92	100.08	1000.02	1000.16	1000.1	499.98	0.0	0.04	0.0189	0.0227	10.4427	10.4709	10.4313	10.4463	-0.0192	-0.0117		1.89e-08	2.27e-08
2023-01-12 17:36:05	12/01/2023	1303.554	17:36:05.914	499.94	100.08	1000.02	1000.16	1000.1	499.98	0.0	0.04	0.0189	0.0227	10.448	10.4756	10.437	10.454	-0.0192	-0.0117		1.89e-08	2.27e-08
2023-01-12 17:36:11	12/01/2023	1309.567	17:36:11.927	499.94	100.08	1000.02	1000.16	1000.1	499.98	0.0	0.04	0.0189	0.0226	10.4529	10.4824	10.443	10.457	-0.0192	-0.0117		1.89e-08	2.2599999999999997e-08
2023-01-12 17:36:17	12/01/2023	1315.5790000000002	17:36:17.939	499.94	100.08	1000.02	1000.16	1000.1	499.98	0.0	0.04	0.0189	0.0226	10.4633	10.4917	10.4532	10.465	-0.0192	-0.0118		1.89e-08	2.2599999999999997e-08
2023-01-12 17:36:24	12/01/2023	1322.789	17:36:25.149	499.94	100.08	1000.02	1000.16	1000.1	499.98	0.0	0.04	0.0189	0.0223	10.4732	10.502	10.4612	10.4746	-0.0192	-0.0118		1.89e-08	2.2299999999999998e-08
2023-01-12 17:36:30	12/01/2023	1328.787	17:36:31.147	499.94	100.08	1000.02	1000.16	1000.1	499.98	0.0	0.04	0.0189	0.0223	10.4948	10.5221	10.4837	10.4954	-0.0192	-0.0121		1.89e-08	2.2299999999999998e-08
2023-01-12 17:36:36	12/01/2023	1334.795	17:36:37.155	499.94	100.08	1000.02	1000.16	1000.1	499.98	0.0	0.04	0.0189	0.0223	10.4917	10.5183	10.4804	10.4921	-0.0192	-0.0121		1.89e-08	2.2299999999999998e-08
2023-01-12 17:36:43	12/01/2023	1340.795	17:36:43.155	499.96	100.08	1000.02	1000.16	1000.1	499.98	0.0	0.04	0.0196	0.0223	10.5004	10.5248	10.4841	10.4972	-0.0193	-0.0121		1.9599999999999997e-08	2.2299999999999998e-08
2023-01-12 17:36:49	12/01/2023	1346.851	17:36:49.211	499.96	100.08	1000.02	1000.16	1000.1	499.98	0.0	0.04	0.0196	0.0223	10.4943	10.5225	10.4808	10.4945	-0.0193	-0.0126		1.9599999999999997e-08	2.2299999999999998e-08
2023-01-12 17:36:55	12/01/2023	1352.852	17:36:55.212	499.96	100.08	1000.02	1000.16	1000.1	499.98	0.0	0.04	0.0196	0.0226	10.5037	10.5278	10.4881	10.5002	-0.0193	-0.0126		1.9599999999999997e-08	2.2599999999999997e-08
2023-01-12 17:37:02	12/01/2023	1360.063	17:37:02.423	499.96	100.08	1000.02	1000.16	1000.1	499.98	0.0	0.04	0.0196	0.0207	10.5074	10.5339	10.495	10.5048	-0.0193	-0.0126		1.9599999999999997e-08	2.07e-08
2023-01-12 17:37:08	12/01/2023	1366.0720000000001	17:37:08.432	499.96	100.08	1000.02	1000.16	1000.1	499.98	0.0	0.04	0.0196	0.0221	10.513	10.5378	10.4982	10.5099	-0.0193	-0.0126		1.9599999999999997e-08	2.21e-08
2023-01-12 17:37:14	12/01/2023	1372.082	17:37:14.442	499.96	100.08	1000.02	1000.16	1000.1	499.98	0.0	0.04	0.0196	0.0219	10.5114	10.5376	10.5001	10.5126	-0.0193	-0.0126		1.9599999999999997e-08	2.1899999999999998e-08
2023-01-12 17:37:21	12/01/2023	1379.3000000000002	17:37:21.660	499.96	100.08	1000.02	1000.16	1000.1	499.98	0.0	0.04	0.0196	0.0234	10.5238	10.547	10.5105	10.5246	-0.0193	-0.0126		1.9599999999999997e-08	2.34e-08
2023-01-12 17:37:27	12/01/2023	1385.3120000000001	17:37:27.672	499.96	100.08	1000.02	1000.16	1000.1	499.98	0.0	0.04	0.0196	0.0228	10.5223	10.5476	10.5093	10.5213	-0.0193	-0.0126		1.9599999999999997e-08	2.28e-08
2023-01-12 17:37:33	12/01/2023	1391.323	17:37:33.683	499.96	100.08	1000.02	1000.16	1000.1	499.98	0.0	0.04	0.0196	0.0228	10.5275	10.5542	10.5146	10.5282	-0.0195	-0.0126		1.9599999999999997e-08	2.28e-08
2023-01-12 17:37:40	12/01/2023	1398.537	17:37:40.897	499.96	100.08	1000.02	1000.16	1000.08	499.98	0.0	0.04	0.0196	0.0228	10.5406	10.5653	10.5272	10.5386	-0.0195	-0.0126		1.9599999999999997e-08	2.28e-08
2023-01-12 17:37:46	12/01/2023	1404.5520000000001	17:37:46.912	499.96	100.08	1000.02	1000.16	1000.08	499.98	0.0	0.04	0.0196	0.0219	10.545	10.5702	10.5325	10.5461	-0.0195	-0.0126		1.9599999999999997e-08	2.1899999999999998e-08
2023-01-12 17:37:52	12/01/2023	1410.567	17:37:52.927	499.96	100.08	1000.02	1000.16	1000.08	499.98	0.0	0.04	0.0196	0.0224	10.5531	10.5775	10.5374	10.5506	-0.0195	-0.0126		1.9599999999999997e-08	2.24e-08
2023-01-12 17:37:59	12/01/2023	1417.7820000000002	17:38:00.142	499.96	100.08	1000.02	1000.14	1000.08	499.98	0.0	0.04	0.0196	0.0221	10.5652	10.5921	10.5528	10.566	-0.0195	-0.0126		1.9599999999999997e-08	2.21e-08
2023-01-12 17:38:05	12/01/2023	1423.799	17:38:06.159	499.96	100.08	1000.02	1000.16	1000.08	499.98	0.0	0.04	0.0196	0.0213	10.5579	10.5858	10.5436	10.5579	-0.0195	-0.0126		1.9599999999999997e-08	2.13e-08
2023-01-12 17:38:11	12/01/2023	1429.8190000000002	17:38:12.179	499.96	100.08	1000.02	1000.16	1000.08	499.98	0.0	0.04	0.0196	0.0234	10.5668	10.5922	10.553	10.5695	-0.0195	-0.0126		1.9599999999999997e-08	2.34e-08
2023-01-12 17:38:17	12/01/2023	1435.8490000000002	17:38:18.209	499.96	100.08	1000.02	1000.14	1000.1	499.98	0.0	0.04	0.0196	0.0234	10.5995	10.6254	10.5839	10.6003	-0.0195	-0.0124		1.9599999999999997e-08	2.34e-08
2023-01-12 17:38:24	12/01/2023	1441.863	17:38:24.223	499.96	100.08	1000.04	1000.14	1000.1	499.98	0.0	0.04	0.0196	0.0234	10.5945	10.6158	10.5764	10.5913	-0.0195	-0.0124		1.9599999999999997e-08	2.34e-08
2023-01-12 17:38:30	12/01/2023	1447.8690000000001	17:38:30.229	499.98	100.08	1000.04	1000.14	1000.1	499.98	0.0	0.04	0.0196	0.0234	10.5893	10.6138	10.5735	10.5881	-0.0195	-0.0124		1.9599999999999997e-08	2.34e-08
2023-01-12 17:38:36	12/01/2023	1453.882	17:38:36.242	499.98	100.08	1000.04	1000.16	1000.1	499.98	0.0	0.04	0.0196	0.0234	10.584	10.6076	10.5679	10.5795	-0.0195	-0.0124		1.9599999999999997e-08	2.34e-08
2023-01-12 17:38:43	12/01/2023	1461.0900000000001	17:38:43.450	499.98	100.08	1000.04	1000.16	1000.1	499.98	0.0	0.04	0.0197	0.0228	10.5856	10.61	10.5705	10.5818	-0.0195	-0.0124		1.9699999999999998e-08	2.28e-08
2023-01-12 17:38:49	12/01/2023	1467.101	17:38:49.461	499.98	100.08	1000.04	1000.16	1000.1	499.98	0.0	0.04	0.0197	0.0228	10.5916	10.6173	10.579	10.5919	-0.0194	-0.0123		1.9699999999999998e-08	2.28e-08
2023-01-12 17:38:55	12/01/2023	1473.1090000000002	17:38:55.469	499.98	100.08	1000.04	1000.16	1000.1	499.98	0.0	0.04	0.0197	0.0228	10.5953	10.6244	10.5838	10.5992	-0.0194	-0.0123		1.9699999999999998e-08	2.28e-08
2023-01-12 17:39:02	12/01/2023	1480.3190000000002	17:39:02.679	499.98	100.08	1000.04	1000.16	1000.1	499.98	0.0	0.04	0.0197	0.0225	10.6026	10.6294	10.5904	10.6033	-0.0194	-0.0123		1.9699999999999998e-08	2.25e-08
2023-01-12 17:39:08	12/01/2023	1486.332	17:39:08.692	499.98	100.08	1000.04	1000.16	1000.1	499.98	0.0	0.04	0.0197	0.0225	10.6101	10.6361	10.5969	10.6089	-0.0189	-0.0123		1.9699999999999998e-08	2.25e-08
2023-01-12 17:39:14	12/01/2023	1492.352	17:39:14.712	499.98	100.08	1000.02	1000.16	1000.1	499.98	0.0	0.04	0.0197	0.0212	10.6249	10.6503	10.6138	10.6281	-0.0186	-0.0123		1.9699999999999998e-08	2.1199999999999998e-08
2023-01-12 17:39:21	12/01/2023	1499.563	17:39:21.923	499.98	100.08	1000.02	1000.16	1000.1	499.98	0.0	0.04	0.0197	0.0211	10.6368	10.6634	10.6251	10.6408	-0.0185	-0.0123		1.9699999999999998e-08	2.11e-08
2023-01-12 17:39:27	12/01/2023	1505.5780000000002	17:39:27.938	499.98	100.08	1000.02	1000.16	1000.1	499.98	0.0	0.04	0.0197	0.0211	10.6351	10.6602	10.6218	10.6364	-0.0185	-0.0123		1.9699999999999998e-08	2.11e-08
2023-01-12 17:39:33	12/01/2023	1511.594	17:39:33.954	499.98	100.08	1000.02	1000.16	1000.1	499.98	0.0	0.04	0.0197	0.0211	10.6428	10.666	10.6283	10.6407	-0.0185	-0.0123		1.9699999999999998e-08	2.11e-08
2023-01-12 17:39:40	12/01/2023	1518.818	17:39:41.178	499.98	100.08	1000.02	1000.16	1000.1	499.96	0.0	0.04	0.0198	0.0211	10.7099	10.7322	10.6971	10.7065	-0.0185	-0.0123		1.9800000000000002e-08	2.11e-08
2023-01-12 17:39:46	12/01/2023	1524.8300000000002	17:39:47.190	499.98	100.08	1000.02	1000.16	1000.1	499.98	0.0	0.04	0.0198	0.0219	10.6893	10.7166	10.6789	10.6876	-0.0185	-0.0123		1.9800000000000002e-08	2.1899999999999998e-08
2023-01-12 17:39:52	12/01/2023	1529.66	17:39:52.020	499.98	100.08	1000.02	1000.16	1000.1	499.98	0.0	0.04	0.0198	0.0219	10.6921	10.7183	10.6815	10.6887	-0.0185	-0.0123		1.9800000000000002e-08	2.1899999999999998e-08
2023-01-12 17:39:59	12/01/2023	1537.5110000000002	17:39:59.871	449.4	100.08	1000.02	1000.16	1000.1	499.96	0.0	0.04	-0.4348	0.0225	10.7073	10.7324	10.6949	10.7053	-0.0185	-0.0123		4.348e-07	2.25e-08
2023-01-12 17:40:05	12/01/2023	1543.6180000000002	17:40:05.978	0.18	100.0	1000.02	1000.16	1000.1	499.98	0.0	0.04	-0.4711	2.9207	10.6366	10.6737	10.622	10.6305	-0.0185	-0.0123		4.711e-07	2.9207e-06
2023-01-12 17:40:11	12/01/2023	1549.651	17:40:12.011	0.18	100.02	1000.02	1000.16	1000.1	499.98	0.0	0.04	-0.4216	2.9167	10.6606	10.6847	10.6474	10.655	-0.0185	-0.0123	grid transparent	4.2159999999999996e-07	2.9167e-06
2023-01-12 17:40:18	12/01/2023	1555.681	17:40:18.041	0.16	100.02	1000.02	1000.16	1000.1	499.98	0.0	0.04	-0.4153	2.8994	10.6622	10.6851	10.6483	10.6595	-0.0185	-0.0123		4.1529999999999997e-07	2.8993999999999997e-06
2023-01-12 17:40:24	12/01/2023	1561.683	17:40:24.043	0.18	100.04	1000.02	1000.16	1000.1	499.98	0.0	0.04	-0.4105	2.8793	10.6643	10.6868	10.6488	10.6568	-0.0185	-0.0123		4.105e-07	2.8793e-06
2023-01-12 17:40:30	12/01/2023	1567.651	17:40:30.011	0.18	100.04	1000.02	1000.16	1000.1	499.98	0.0	0.04	-0.4099	2.8592	10.6711	10.6945	10.66	10.6708	-0.0185	-0.0123		4.099e-07	2.8591999999999997e-06
2023-01-12 17:40:37	12/01/2023	1574.8410000000001	17:40:37.201	0.18	100.04	1000.02	1000.16	1000.1	499.98	0.0	0.04	-0.4104	2.8584	10.6774	10.7027	10.667	10.6782	-0.0185	-0.0123		4.1039999999999997e-07	2.8584e-06
2023-01-12 17:40:43	12/01/2023	1580.8470000000002	17:40:43.207	0.18	100.04	1000.02	1000.16	1000.1	499.98	0.0	0.04	-0.4058	2.8515	10.687	10.7117	10.6748	10.6841	-0.0185	-0.0123		4.058e-07	2.8515e-06
2023-01-12 17:40:49	12/01/2023	1586.846	17:40:49.206	0.16	100.04	1000.02	1000.16	1000.1	499.98	0.0	0.04	-0.4078	2.853	10.6856	10.7098	10.6751	10.6811	-0.0185	-0.0122		4.078e-07	2.853e-06
2023-01-12 17:40:56	12/01/2023	1594.0510000000002	17:40:56.411	0.18	100.04	1000.02	1000.16	1000.1	499.98	0.0	0.04	-0.4107	2.862	10.6905	10.7112	10.6756	10.6823	-0.0185	-0.0122		4.107e-07	2.862e-06
2023-01-12 17:41:02	12/01/2023	1600.0500000000002	17:41:02.410	0.16	100.04	1000.02	1000.16	1000.1	499.96	0.0	0.04	-0.4088	2.8476	10.7087	10.7292	10.692	10.7035	-0.0185	-0.0122		4.0879999999999995e-07	2.8475999999999996e-06
2023-01-12 17:41:08	12/01/2023	1606.047	17:41:08.407	0.16	100.04	1000.02	1000.16	1000.1	499.96	0.0	0.04	-0.3993	2.7851	10.7759	10.7899	10.7538	10.764	-0.0183	-0.0122		3.993e-07	2.7851e-06
2023-01-12 17:41:15	12/01/2023	1613.2410000000002	17:41:15.601	0.18	100.04	1000.02	1000.16	1000.1	499.96	0.0	0.04	-0.4105	2.8434	10.7173	10.7452	10.7099	10.7199	-0.0183	-0.0122		4.105e-07	2.8433999999999997e-06
2023-01-12 17:41:21	12/01/2023	1619.24	17:41:21.600	0.16	100.06	1000.02	1000.16	1000.1	499.96	0.0	0.04	-0.3978	2.7709	10.7905	10.8055	10.7694	10.7749	-0.0183	-0.0122		3.978e-07	2.7709e-06
2023-01-12 17:41:27	12/01/2023	1625.2440000000001	17:41:27.604	0.16	100.04	1000.02	1000.16	1000.1	499.96	0.0	0.04	-0.4056	2.8092	10.7465	10.7727	10.739	10.7475	-0.0183	-0.0122		4.056e-07	2.8092e-06
2023-01-12 17:41:34	12/01/2023	1632.44	17:41:34.800	0.16	100.04	1000.02	1000.16	1000.1	499.96	0.0	0.04	-0.4129	2.8429	10.7313	10.7565	10.721	10.7273	-0.0183	-0.0122		4.1289999999999995e-07	2.8429e-06
2023-01-12 17:41:40	12/01/2023	1638.433	17:41:40.793	0.16	100.04	1000.02	1000.16	1000.1	499.96	0.0	0.04	-0.4079	2.8481	10.7511	10.7595	10.7252	10.7328	-0.0176	-0.0122		4.0789999999999994e-07	2.8481e-06
2023-01-12 17:41:46	12/01/2023	1644.4370000000001	17:41:46.797	0.16	100.04	1000.02	1000.16	1000.1	499.96	0.0	0.04	-0.4119	2.8435	10.7443	10.771	10.7354	10.7491	-0.0176	-0.0122		4.119e-07	2.8435e-06
2023-01-12 17:41:53	12/01/2023	1651.6370000000002	17:41:53.997	0.14	100.04	1000.02	1000.16	1000.1	499.96	0.0	0.04	-0.4121	2.8515	10.7392	10.7639	10.7296	10.7418	-0.0176	-0.0122		4.121e-07	2.8515e-06
2023-01-12 17:41:59	12/01/2023	1657.6290000000001	17:41:59.989	0.16	100.04	1000.02	1000.16	1000.1	499.96	0.0	0.04	-0.4126	2.8632	10.7388	10.7589	10.7244	10.7356	-0.0175	-0.0119		4.1260000000000003e-07	2.8632e-06
2023-01-12 17:42:05	12/01/2023	1663.631	17:42:05.991	0.16	100.04	1000.02	1000.16	1000.1	499.96	0.0	0.04	-0.4128	2.864	10.7388	10.7629	10.7287	10.7406	-0.0175	-0.0119		4.128e-07	2.8639999999999996e-06
2023-01-12 17:42:12	12/01/2023	1670.834	17:42:13.194	0.16	100.04	1000.02	1000.16	1000.1	499.96	0.0	0.04	-0.4133	2.8656	10.7418	10.7655	10.7315	10.7423	-0.0175	-0.0119		4.133e-07	2.8656e-06
2023-01-12 17:42:18	12/01/2023	1676.824	17:42:19.184	0.16	100.04	1000.02	1000.16	1000.1	499.96	0.0	0.04	-0.4173	2.8702	10.7433	10.7654	10.7287	10.7363	-0.0175	-0.0116		4.173e-07	2.8702e-06
2023-01-12 17:42:24	12/01/2023	1682.823	17:42:25.183	0.14	100.04	1000.02	1000.16	1000.1	499.96	0.0	0.04	-0.4169	2.8654	10.7471	10.7694	10.7359	10.7473	-0.0175	-0.0113		4.169e-07	2.8654e-06
2023-01-12 17:42:30	12/01/2023	1688.817	17:42:31.177	0.14	100.04	1000.02	1000.16	1000.1	499.96	0.0	0.04	-0.4144	2.8592	10.7486	10.7725	10.7358	10.7474	-0.0175	-0.0113		4.1439999999999995e-07	2.8591999999999997e-06
2023-01-12 17:42:37	12/01/2023	1694.8200000000002	17:42:37.180	0.14	100.04	1000.02	1000.16	1000.1	499.96	0.0	0.04	-0.4157	2.8656	10.7665	10.7857	10.7462	10.7585	-0.0175	-0.0113		4.157e-07	2.8656e-06
2023-01-12 17:42:43	12/01/2023	1700.834	17:42:43.194	0.14	100.04	1000.02	1000.16	1000.1	499.96	0.0	0.04	-0.4134	2.8664	10.7708	10.7925	10.7568	10.7709	-0.0175	-0.0113		4.134e-07	2.8663999999999998e-06
2023-01-12 17:42:49	12/01/2023	1706.826	17:42:49.186	0.14	100.06	1000.02	1000.16	1000.1	499.96	0.0	0.04	-0.4111	2.8785	10.7753	10.8021	10.7666	10.7788	-0.0175	-0.0113		4.111e-07	2.8784999999999996e-06
2023-01-12 17:42:56	12/01/2023	1714.0210000000002	17:42:56.381	0.12	100.06	1000.02	1000.16	1000.12	499.96	0.0	0.04	-0.4166	2.8732	10.7918	10.8154	10.7815	10.7924	-0.0175	-0.0113		4.166e-07	2.8732e-06
2023-01-12 17:43:02	12/01/2023	1720.018	17:43:02.378	0.12	100.06	1000.02	1000.16	1000.12	499.96	0.0	0.04	-0.4133	2.8628	10.8051	10.8205	10.7847	10.798	-0.0175	-0.0113		4.133e-07	2.8628e-06
2023-01-12 17:43:08	12/01/2023	1726.373	17:43:08.733	431.42	100.1	1000.02	1000.16	1000.12	499.96	0.0	0.04	0.5281	0.0704	10.7991	10.8382	10.7963	10.7883	-0.0175	-0.0113		5.281e-07	7.04e-08
2023-01-12 17:43:15	12/01/2023	1733.582	17:43:15.942	499.88	100.08	1000.02	1000.16	1000.12	499.96	0.0	0.04	0.0251	0.0238	10.7806	10.8049	10.768	10.7786	-0.0175	-0.0114		2.51e-08	2.38e-08
2023-01-12 17:43:21	12/01/2023	1739.594	17:43:21.954	499.9	100.08	1000.02	1000.14	1000.1	499.96	0.0	0.04	0.0217	0.0238	10.9164	10.9314	10.8942	10.9035	-0.0175	-0.0114		2.17e-08	2.38e-08
2023-01-12 17:43:27	12/01/2023	1745.604	17:43:27.964	499.9	100.08	1000.02	1000.16	1000.1	499.96	0.0	0.04	0.0213	0.0225	10.8282	10.8503	10.8151	10.825	-0.0175	-0.0114		2.13e-08	2.25e-08
2023-01-12 17:43:34	12/01/2023	1752.813	17:43:35.173	499.9	100.08	1000.02	1000.16	1000.12	499.96	0.0	0.04	0.0182	0.024	10.8008	10.8198	10.7835	10.7941	-0.0175	-0.0114		1.82e-08	2.4e-08
2023-01-12 17:43:40	12/01/2023	1758.832	17:43:41.192	499.9	100.08	1000.02	1000.16	1000.12	499.96	0.0	0.04	0.0173	0.0236	10.8007	10.8211	10.7881	10.7991	-0.0175	-0.0114		1.73e-08	2.36e-08
2023-01-12 17:43:46	12/01/2023	1764.8400000000001	17:43:47.200	499.9	100.08	1000.02	1000.16	1000.12	499.96	0.0	0.04	0.0173	0.0236	10.798	10.8196	10.7855	10.7953	-0.0175	-0.0114		1.73e-08	2.36e-08
2023-01-12 17:43:53	12/01/2023	1770.845	17:43:53.205	499.9	100.08	1000.02	1000.16	1000.12	499.96	0.0	0.04	0.0173	0.0227	10.7943	10.8181	10.7806	10.7922	-0.0167	-0.0114		1.73e-08	2.27e-08
2023-01-12 17:43:59	12/01/2023	1776.844	17:43:59.204	499.9	100.08	1000.02	1000.16	1000.12	499.96	0.0	0.04	0.0174	0.0221	10.8069	10.8297	10.7923	10.8046	-0.0151	-0.0114		1.7399999999999997e-08	2.21e-08
2023-01-12 17:44:05	12/01/2023	1782.8570000000002	17:44:05.217	499.9	100.08	1000.02	1000.16	1000.12	499.96	0.0	0.04	0.0174	0.0235	10.8207	10.8402	10.8033	10.8147	-0.0151	-0.0114		1.7399999999999997e-08	2.35e-08
2023-01-12 17:44:12	12/01/2023	1790.096	17:44:12.456	499.92	100.06	1000.02	1000.16	1000.12	499.96	0.0	0.04	0.0174	0.0235	10.8168	10.8358	10.8033	10.8134	-0.0151	-0.0114		1.7399999999999997e-08	2.35e-08
2023-01-12 17:44:18	12/01/2023	1796.115	17:44:18.475	499.92	100.06	1000.02	1000.16	1000.12	499.96	0.0	0.04	0.0174	0.0225	10.8173	10.8444	10.8059	10.8171	-0.0151	-0.0114		1.7399999999999997e-08	2.25e-08
2023-01-12 17:44:24	12/01/2023	1802.125	17:44:24.485	499.92	100.06	1000.02	1000.16	1000.1	499.96	0.0	0.04	0.0174	0.024	10.8266	10.8489	10.8115	10.8226	-0.0151	-0.0114		1.7399999999999997e-08	2.4e-08
2023-01-12 17:44:31	12/01/2023	1809.342	17:44:31.702	499.92	100.06	1000.02	1000.16	1000.1	499.96	0.0	0.04	0.0174	0.0243	10.8204	10.8473	10.8112	10.8195	-0.0151	-0.0114		1.7399999999999997e-08	2.43e-08
2023-01-12 17:44:37	12/01/2023	1815.371	17:44:37.731	499.92	100.06	1000.02	1000.16	1000.1	499.96	0.0	0.04	0.0174	0.0223	10.8289	10.8506	10.8134	10.8229	-0.0151	-0.0114		1.7399999999999997e-08	2.2299999999999998e-08
2023-01-12 17:44:43	12/01/2023	1821.3780000000002	17:44:43.738	499.92	100.06	1000.02	1000.16	1000.1	499.96	0.0	0.04	0.0174	0.0223	10.833	10.857	10.8215	10.8323	-0.0151	-0.0122		1.7399999999999997e-08	2.2299999999999998e-08
2023-01-12 17:44:50	12/01/2023	1828.593	17:44:50.953	499.92	100.06	1000.02	1000.16	1000.1	499.96	0.0	0.04	0.0177	0.0232	10.842	10.8679	10.8286	10.8368	-0.0151	-0.0122		1.77e-08	2.3199999999999996e-08
2023-01-12 17:44:56	12/01/2023	1834.602	17:44:56.962	499.94	100.06	1000.02	1000.16	1000.1	499.96	0.0	0.04	0.0177	0.0232	10.8412	10.863	10.827	10.8334	-0.0151	-0.0122		1.77e-08	2.3199999999999996e-08
2023-01-12 17:45:02	12/01/2023	1840.6350000000002	17:45:02.995	499.94	100.06	1000.02	1000.16	1000.1	499.96	0.0	0.04	0.0181	0.0232	10.8421	10.8692	10.831	10.8435	-0.0151	-0.0122		1.81e-08	2.3199999999999996e-08
2023-01-12 17:45:09	12/01/2023	1846.6460000000002	17:45:09.006	499.94	100.06	1000.02	1000.16	1000.1	499.96	0.0	0.04	0.0181	0.0236	10.8517	10.8729	10.8345	10.8405	-0.0151	-0.0122		1.81e-08	2.36e-08
2023-01-12 17:45:15	12/01/2023	1852.663	17:45:15.023	499.94	100.06	1000.02	1000.16	1000.1	499.96	0.0	0.04	0.0181	0.0236	10.851	10.8754	10.8397	10.8497	-0.0151	-0.0122		1.81e-08	2.36e-08
2023-01-12 17:45:21	12/01/2023	1858.6740000000002	17:45:21.034	499.94	100.06	1000.02	1000.16	1000.1	499.96	0.0	0.04	0.0181	0.0234	10.8521	10.8746	10.8371	10.8471	-0.0151	-0.0122		1.81e-08	2.34e-08
2023-01-12 17:45:28	12/01/2023	1865.874	17:45:28.234	499.94	100.06	1000.02	1000.16	1000.1	499.96	0.0	0.04	0.0182	0.0236	10.8645	10.8857	10.8481	10.8583	-0.0151	-0.0122		1.82e-08	2.36e-08
2023-01-12 17:45:34	12/01/2023	1871.8870000000002	17:45:34.247	499.94	100.06	1000.02	1000.16	1000.1	499.96	0.0	0.04	0.0186	0.0236	10.863	10.8859	10.8495	10.862	-0.0151	-0.0122		1.8599999999999998e-08	2.36e-08
2023-01-12 17:45:40	12/01/2023	1877.8970000000002	17:45:40.257	499.94	100.06	1000.02	1000.16	1000.1	499.96	0.0	0.04	0.0186	0.0232	10.8655	10.8888	10.85	10.8624	-0.0151	-0.0122		1.8599999999999998e-08	2.3199999999999996e-08
2023-01-12 17:45:47	12/01/2023	1885.1160000000002	17:45:47.476	499.94	100.06	1000.02	1000.16	1000.1	499.96	0.0	0.04	0.0186	0.0241	10.8707	10.8923	10.8532	10.8627	-0.0151	-0.0122		1.8599999999999998e-08	2.4099999999999997e-08
2023-01-12 17:45:53	12/01/2023	1891.1270000000002	17:45:53.487	499.94	100.06	1000.02	1000.16	1000.1	499.96	0.0	0.04	0.0186	0.0241	10.8874	10.9098	10.8711	10.8832	-0.0151	-0.0122		1.8599999999999998e-08	2.4099999999999997e-08
2023-01-12 17:45:59	12/01/2023	1897.1450000000002	17:45:59.505	499.94	100.06	1000.02	1000.14	1000.1	499.96	0.0	0.04	0.0185	0.0241	10.9029	10.926	10.8899	10.9019	-0.0151	-0.0122		1.8499999999999997e-08	2.4099999999999997e-08
2023-01-12 17:46:06	12/01/2023	1904.355	17:46:06.715	499.94	100.06	1000.02	1000.14	1000.1	499.98	0.0	0.04	0.0185	0.0241	10.9156	10.9374	10.9	10.9121	-0.0151	-0.0122		1.8499999999999997e-08	2.4099999999999997e-08
2023-01-12 17:46:12	12/01/2023	1910.3600000000001	17:46:12.720	499.94	100.06	1000.02	1000.16	1000.1	499.98	0.0	0.04	0.0185	0.0223	10.9054	10.926	10.8916	10.9001	-0.0148	-0.0122		1.8499999999999997e-08	2.2299999999999998e-08
2023-01-12 17:46:18	12/01/2023	1916.3750000000002	17:46:18.735	499.94	100.06	1000.02	1000.16	1000.1	499.98	0.0	0.04	0.0185	0.0229	10.9042	10.9251	10.8913	10.8993	-0.0148	-0.0122		1.8499999999999997e-08	2.29e-08
2023-01-12 17:46:25	12/01/2023	1923.5870000000002	17:46:25.947	499.96	100.06	1000.04	1000.16	1000.1	499.98	0.0	0.04	0.0189	0.0233	10.9086	10.9332	10.8965	10.9056	-0.0148	-0.0122		1.89e-08	2.33e-08
2023-01-12 17:46:31	12/01/2023	1929.601	17:46:31.961	499.96	100.06	1000.04	1000.16	1000.1	499.98	0.0	0.04	0.0191	0.0233	10.9012	10.9239	10.8856	10.8947	-0.0148	-0.0122		1.91e-08	2.33e-08
2023-01-12 17:46:37	12/01/2023	1935.6370000000002	17:46:37.997	499.96	100.06	1000.04	1000.16	1000.1	499.98	0.0	0.04	0.0191	0.0233	10.901	10.9221	10.8863	10.8935	-0.0148	-0.0122		1.91e-08	2.33e-08
2023-01-12 17:46:43	12/01/2023	1941.6450000000002	17:46:44.005	499.96	100.06	1000.04	1000.16	1000.1	499.98	0.0	0.04	0.0191	0.0233	10.9003	10.924	10.8863	10.8944	-0.0148	-0.0122		1.91e-08	2.33e-08
2023-01-12 17:46:50	12/01/2023	1947.653	17:46:50.013	499.96	100.06	1000.04	1000.16	1000.12	499.98	0.0	0.04	0.0191	0.0232	10.9016	10.9257	10.8867	10.895	-0.0148	-0.0122		1.91e-08	2.3199999999999996e-08
2023-01-12 17:46:56	12/01/2023	1953.67	17:46:56.030	499.96	100.06	1000.04	1000.16	1000.12	499.98	0.0	0.04	0.0189	0.0242	10.9128	10.9325	10.8974	10.9038	-0.0148	-0.0122		1.89e-08	2.4199999999999998e-08
2023-01-12 17:47:02	12/01/2023	1959.6860000000001	17:47:02.046	499.96	100.06	1000.04	1000.16	1000.12	499.98	0.0	0.04	0.0189	0.0242	10.9102	10.9364	10.8985	10.908	-0.0148	-0.0122		1.89e-08	2.4199999999999998e-08
2023-01-12 17:47:09	12/01/2023	1966.891	17:47:09.251	499.96	100.06	1000.04	1000.16	1000.12	499.98	0.0	0.04	0.0189	0.0235	10.9179	10.9375	10.9044	10.9116	-0.0148	-0.0122		1.89e-08	2.35e-08
2023-01-12 17:47:15	12/01/2023	1972.903	17:47:15.263	499.96	100.06	1000.04	1000.16	1000.12	499.98	0.0	0.04	0.0189	0.0227	10.9205	10.9437	10.9084	10.9191	-0.0148	-0.0122		1.89e-08	2.27e-08
2023-01-12 17:47:21	12/01/2023	1978.9180000000001	17:47:21.278	499.96	100.06	1000.04	1000.16	1000.12	499.98	0.0	0.04	0.0189	0.0241	10.9204	10.9423	10.9058	10.9114	-0.0148	-0.0122		1.89e-08	2.4099999999999997e-08
2023-01-12 17:47:28	12/01/2023	1986.1390000000001	17:47:28.499	499.96	100.06	1000.04	1000.16	1000.12	499.98	0.0	0.04	0.0186	0.0241	10.9215	10.9421	10.9056	10.9146	-0.0148	-0.0121		1.8599999999999998e-08	2.4099999999999997e-08
2023-01-12 17:47:34	12/01/2023	1992.1560000000002	17:47:34.516	499.96	100.06	1000.04	1000.16	1000.12	499.98	0.0	0.04	0.0186	0.0241	10.9215	10.9439	10.9059	10.9165	-0.0148	-0.0121		1.8599999999999998e-08	2.4099999999999997e-08
2023-01-12 17:47:40	12/01/2023	1998.1390000000001	17:47:40.499	499.96	100.06	1000.04	1000.16	1000.12	499.98	0.0	0.04	0.0186	0.0241	10.9205	10.9413	10.9024	10.9104	-0.0148	-0.0121		1.8599999999999998e-08	2.4099999999999997e-08
2023-01-12 17:47:47	12/01/2023	2005.354	17:47:47.714	499.96	100.06	1000.04	1000.16	1000.12	499.98	0.0	0.04	0.0189	0.0241	10.9277	10.9498	10.911	10.9229	-0.0148	-0.0114		1.89e-08	2.4099999999999997e-08
2023-01-12 17:47:53	12/01/2023	2011.3660000000002	17:47:53.726	499.96	100.06	1000.04	1000.16	1000.12	499.98	0.0	0.04	0.0202	0.0241	10.9252	10.9512	10.9144	10.9251	-0.0148	-0.0114		2.02e-08	2.4099999999999997e-08
2023-01-12 17:47:59	12/01/2023	2017.393	17:47:59.753	499.96	100.06	1000.02	1000.16	1000.12	499.98	0.0	0.04	0.0202	0.0251	10.931	10.9531	10.9146	10.9223	-0.0148	-0.0114		2.02e-08	2.51e-08
2023-01-12 17:48:06	12/01/2023	2024.605	17:48:06.965	499.96	100.06	1000.02	1000.16	1000.12	499.98	0.0	0.04	0.0202	0.025	10.9315	10.9548	10.9193	10.9302	-0.0148	-0.0109		2.02e-08	2.5e-08
2023-01-12 17:48:12	12/01/2023	2030.6180000000002	17:48:12.978	499.96	100.06	1000.02	1000.16	1000.12	499.98	0.0	0.04	0.02	0.0244	10.9353	10.9637	10.9248	10.9349	-0.0148	-0.0108		2e-08	2.44e-08
2023-01-12 17:48:18	12/01/2023	2036.6270000000002	17:48:18.987	499.96	100.06	1000.02	1000.16	1000.12	499.98	0.0	0.04	0.02	0.0244	10.9531	10.9762	10.9373	10.9461	-0.0148	-0.0108		2e-08	2.44e-08
2023-01-12 17:48:25	12/01/2023	2043.823	17:48:26.183	499.96	100.06	1000.02	1000.16	1000.12	499.98	0.0	0.04	0.02	0.0244	10.9628	10.9842	10.948	10.9569	-0.0148	-0.0108		2e-08	2.44e-08
2023-01-12 17:48:31	12/01/2023	2049.8340000000003	17:48:32.194	499.96	100.06	1000.02	1000.16	1000.12	499.98	0.0	0.04	0.0198	0.0237	10.9859	11.0101	10.9735	10.9815	-0.0148	-0.0108		1.9800000000000002e-08	2.3699999999999997e-08
2023-01-12 17:48:37	12/01/2023	2054.6490000000003	17:48:37.009	499.96	100.06	1000.02	1000.16	1000.12	499.98	0.0	0.04	0.0198	0.0237	10.9811	11.0061	10.9662	10.9746	-0.0148	-0.0108		1.9800000000000002e-08	2.3699999999999997e-08
2023-01-12 17:48:44	12/01/2023	2061.8630000000003	17:48:44.223	499.96	100.06	1000.02	1000.16	1000.12	499.98	0.0	0.04	0.0198	0.0237	10.9754	10.9962	10.9602	10.9667	-0.0148	-0.0108		1.9800000000000002e-08	2.3699999999999997e-08
2023-01-12 17:48:50	12/01/2023	2067.8940000000002	17:48:50.254	499.98	100.06	1000.02	1000.16	1000.12	499.98	0.0	0.04	0.0198	0.0241	10.9753	10.9956	10.9563	10.9666	-0.0148	-0.0108		1.9800000000000002e-08	2.4099999999999997e-08
2023-01-12 17:48:56	12/01/2023	2073.909	17:48:56.269	499.98	100.06	1000.02	1000.16	1000.12	499.98	0.0	0.04	0.02	0.0238	10.986	11.0107	10.973	10.9833	-0.0148	-0.0108		2e-08	2.38e-08
2023-01-12 17:49:03	12/01/2023	2081.1310000000003	17:49:03.491	499.98	100.06	1000.02	1000.16	1000.12	499.98	0.0	0.04	0.02	0.0223	10.9771	11.0016	10.9613	10.9697	-0.0148	-0.0108		2e-08	2.2299999999999998e-08
2023-01-12 17:49:09	12/01/2023	2087.137	17:49:09.497	499.98	100.06	1000.02	1000.16	1000.12	499.98	0.0	0.04	0.02	0.0223	10.987	11.0074	10.9709	10.9813	-0.0132	-0.0108		2e-08	2.2299999999999998e-08
2023-01-12 17:49:15	12/01/2023	2093.1490000000003	17:49:15.509	499.98	100.06	1000.02	1000.16	1000.12	499.98	0.0	0.04	0.02	0.0223	10.9913	11.0154	10.9732	10.9828	-0.0132	-0.0108		2e-08	2.2299999999999998e-08
2023-01-12 17:49:22	12/01/2023	2100.36	17:49:22.720	499.98	100.06	1000.02	1000.16	1000.12	499.98	0.0	0.04	0.02	0.0223	10.9945	11.0167	10.9793	10.9869	-0.0132	-0.0108		2e-08	2.2299999999999998e-08
2023-01-12 17:49:28	12/01/2023	2106.364	17:49:28.724	499.98	100.06	1000.02	1000.16	1000.12	499.98	0.0	0.04	0.02	0.0229	10.9971	11.0231	10.9825	10.9958	-0.0132	-0.0108		2e-08	2.29e-08
2023-01-12 17:49:34	12/01/2023	2112.373	17:49:34.733	499.98	100.06	1000.02	1000.16	1000.12	499.98	0.0	0.04	0.02	0.0229	10.9926	11.0164	10.9781	10.9862	-0.0132	-0.0106		2e-08	2.29e-08
2023-01-12 17:49:41	12/01/2023	2119.579	17:49:41.939	499.98	100.06	1000.02	1000.16	1000.12	499.98	0.0	0.04	0.0198	0.0229	10.9915	11.0164	10.9781	10.9861	-0.0132	-0.0102		1.9800000000000002e-08	2.29e-08
2023-01-12 17:49:47	12/01/2023	2125.5950000000003	17:49:47.955	499.98	100.06	1000.02	1000.16	1000.12	499.98	0.0	0.04	0.0197	0.0231	10.9953	11.0177	10.9803	10.9879	-0.0132	-0.0102		1.9699999999999998e-08	2.31e-08
2023-01-12 17:49:53	12/01/2023	2131.6	17:49:53.960	499.98	100.06	1000.02	1000.16	1000.12	499.98	0.0	0.04	0.0197	0.0228	10.996	11.0205	10.9843	10.995	-0.0132	-0.0102		1.9699999999999998e-08	2.28e-08
2023-01-12 17:50:00	12/01/2023	2138.82	17:50:01.180	499.98	100.06	1000.02	1000.16	1000.12	499.98	0.0	0.04	0.0198	0.0227	11.0111	11.0342	10.9974	11.0073	-0.0132	-0.0102		1.9800000000000002e-08	2.27e-08
2023-01-12 17:50:06	12/01/2023	2144.839	17:50:07.199	499.98	100.06	1000.02	1000.16	1000.12	499.98	0.0	0.04	0.0198	0.0227	11.0151	11.0349	10.9996	11.0086	-0.0132	-0.0102		1.9800000000000002e-08	2.27e-08
2023-01-12 17:50:12	12/01/2023	2149.648	17:50:12.008	499.98	100.06	1000.02	1000.16	1000.12	499.98	0.0	0.04	0.0206	0.0224	11.0207	11.0405	11.0048	11.014	-0.0132	-0.0102		2.06e-08	2.24e-08
2023-01-12 17:50:19	12/01/2023	2156.868	17:50:19.228	499.98	100.06	1000.02	1000.16	1000.12	499.98	0.0	0.04	0.0206	0.0232	11.0151	11.0328	10.9974	11.0059	-0.0132	-0.0102		2.06e-08	2.3199999999999996e-08
2023-01-12 17:50:25	12/01/2023	2162.878	17:50:25.238	499.98	100.06	1000.02	1000.16	1000.12	499.98	0.0	0.04	0.0206	0.0235	11.0064	11.0311	10.9949	11.0033	-0.0132	-0.01		2.06e-08	2.35e-08
2023-01-12 17:50:31	12/01/2023	2168.893	17:50:31.253	499.98	100.06	1000.02	1000.16	1000.12	499.98	0.0	0.04	0.0206	0.0235	11.0109	11.0332	10.9958	11.0039	-0.0137	-0.01		2.06e-08	2.35e-08
2023-01-12 17:50:38	12/01/2023	2176.099	17:50:38.459	499.98	100.06	1000.02	1000.16	1000.12	499.98	0.0	0.04	0.0205	0.0237	11.0169	11.0365	11.0005	11.0091	-0.0137	-0.01		2.05e-08	2.3699999999999997e-08
2023-01-12 17:50:44	12/01/2023	2182.121	17:50:44.481	499.98	100.06	1000.02	1000.16	1000.12	499.96	0.0	0.04	0.0205	0.0234	11.0178	11.0417	11.0072	11.0174	-0.0137	-0.01		2.05e-08	2.34e-08
2023-01-12 17:50:50	12/01/2023	2188.138	17:50:50.498	499.98	100.06	1000.02	1000.16	1000.12	499.98	0.0	0.04	0.0209	0.0224	11.0186	11.0423	11.0056	11.0153	-0.0137	-0.01		2.09e-08	2.24e-08
2023-01-12 17:50:56	12/01/2023	2194.147	17:50:56.507	499.98	100.06	1000.02	1000.16	1000.12	499.96	0.0	0.04	0.0209	0.0245	11.0261	11.0494	11.0131	11.0253	-0.0137	-0.01		2.09e-08	2.45e-08
2023-01-12 17:51:03	12/01/2023	2201.36	17:51:03.720	499.98	100.06	1000.02	1000.16	1000.12	499.98	0.0	0.04	0.0222	0.0245	11.0284	11.0537	11.0174	11.0303	-0.014	-0.01		2.22e-08	2.45e-08
2023-01-12 17:51:09	12/01/2023	2207.371	17:51:09.731	499.98	100.06	1000.02	1000.16	1000.12	499.98	0.0	0.04	0.0222	0.0238	11.0333	11.054	11.0186	11.0319	-0.0141	-0.01		2.22e-08	2.38e-08
2023-01-12 17:51:15	12/01/2023	2213.38	17:51:15.740	499.96	100.06	1000.02	1000.16	1000.12	499.98	0.0	0.04	0.0222	0.0238	11.0356	11.058	11.0222	11.0347	-0.0141	-0.01		2.22e-08	2.38e-08
2023-01-12 17:51:22	12/01/2023	2220.587	17:51:22.947	499.96	100.06	1000.02	1000.16	1000.12	499.96	0.0	0.04	0.0214	0.0238	11.0385	11.0621	11.0241	11.0343	-0.0143	-0.01		2.1399999999999996e-08	2.38e-08
2023-01-12 17:51:28	12/01/2023	2226.605	17:51:28.965	499.96	100.06	1000.02	1000.16	1000.12	499.96	0.0	0.04	0.0214	0.0238	11.0387	11.0621	11.0261	11.0388	-0.0144	-0.01		2.1399999999999996e-08	2.38e-08
2023-01-12 17:51:34	12/01/2023	2232.6150000000002	17:51:34.975	499.96	100.06	1000.02	1000.16	1000.12	499.96	0.0	0.04	0.0217	0.0238	11.046	11.0675	11.0315	11.0402	-0.0149	-0.01		2.17e-08	2.38e-08
2023-01-12 17:51:41	12/01/2023	2239.824	17:51:42.184	499.96	100.06	1000.02	1000.16	1000.12	499.96	0.0	0.04	0.0217	0.0238	11.0495	11.0718	11.0385	11.0474	-0.0152	-0.01		2.17e-08	2.38e-08
2023-01-12 17:51:47	12/01/2023	2245.837	17:51:48.197	499.96	100.06	1000.02	1000.16	1000.12	499.96	0.0	0.04	0.0216	0.0238	11.0533	11.0754	11.04	11.051	-0.0152	-0.01		2.16e-08	2.38e-08
2023-01-12 17:51:53	12/01/2023	2250.685	17:51:53.045	499.96	100.06	1000.02	1000.16	1000.12	499.96	0.0	0.04	0.0216	0.0256	11.0581	11.0839	11.0463	11.0564	-0.0154	-0.01		2.16e-08	2.56e-08
2023-01-12 17:52:00	12/01/2023	2257.898	17:52:00.258	499.96	100.06	1000.02	1000.16	1000.12	499.96	0.0	0.04	0.0216	0.0254	11.0547	11.08	11.0412	11.0508	-0.016	-0.01		2.16e-08	2.54e-08
2023-01-12 17:52:06	12/01/2023	2263.914	17:52:06.274	499.96	100.06	1000.02	1000.16	1000.12	499.96	0.0	0.04	0.021	0.0254	11.0556	11.0794	11.0427	11.0519	-0.016	-0.01		2.1e-08	2.54e-08
2023-01-12 17:52:12	12/01/2023	2269.915	17:52:12.275	499.96	100.06	1000.02	1000.16	1000.12	499.96	0.0	0.04	0.021	0.024	11.06	11.0833	11.0479	11.0588	-0.0173	-0.01		2.1e-08	2.4e-08
2023-01-12 17:52:19	12/01/2023	2277.125	17:52:19.485	499.96	100.06	1000.02	1000.16	1000.12	499.96	0.0	0.04	0.021	0.024	11.0678	11.0913	11.0541	11.0642	-0.0173	-0.01		2.1e-08	2.4e-08
2023-01-12 17:52:25	12/01/2023	2283.7110000000002	17:52:26.071	1.14	99.96	1000.02	1000.16	1000.12	499.98	0.0	0.04	-0.5508	2.9765	10.9793	11.0519	10.9967	11.0066	-0.0173	-0.01	grid transparent	5.508e-07	2.9765000000000002e-06
2023-01-12 17:52:31	12/01/2023	2289.702	17:52:32.062	0.16	100.04	1000.02	1000.16	1000.12	499.96	0.0	0.04	-0.4419	3.0328	11.0757	11.0983	11.0605	11.0712	-0.0173	-0.01		4.419e-07	3.0328e-06
2023-01-12 17:52:38	12/01/2023	2295.71	17:52:38.070	0.16	100.04	1000.02	1000.16	1000.12	499.96	0.0	0.04	-0.4322	3.0058	11.0778	11.1001	11.0626	11.0708	-0.0174	-0.0099		4.3219999999999997e-07	3.0057999999999997e-06
2023-01-12 17:52:44	12/01/2023	2301.713	17:52:44.073	0.16	100.04	1000.02	1000.16	1000.12	499.96	0.0	0.04	-0.4291	2.9908	11.0751	11.0981	11.0608	11.0716	-0.0174	-0.0098		4.2909999999999994e-07	2.9908e-06
2023-01-12 17:52:50	12/01/2023	2307.715	17:52:50.075	0.14	100.06	1000.02	1000.16	1000.12	499.96	0.0	0.04	-0.4273	2.99	11.083	11.1065	11.0694	11.0803	-0.0174	-0.0098		4.2729999999999997e-07	2.99e-06
2023-01-12 17:52:57	12/01/2023	2314.916	17:52:57.276	0.16	100.06	1000.02	1000.16	1000.12	499.96	0.0	0.04	-0.4287	2.9766	11.089	11.1095	11.0731	11.0836	-0.0174	-0.0098		4.287e-07	2.9765999999999996e-06
2023-01-12 17:53:03	12/01/2023	2320.922	17:53:03.282	0.14	100.06	1000.02	1000.16	1000.12	499.96	0.0	0.04	-0.4266	2.9748	11.0865	11.1105	11.0706	11.0816	-0.0174	-0.0098		4.2659999999999997e-07	2.9748e-06
2023-01-12 17:53:09	12/01/2023	2326.9230000000002	17:53:09.283	0.16	100.06	1000.02	1000.16	1000.12	499.96	0.0	0.04	-0.425	2.9753	11.0835	11.1061	11.0691	11.0822	-0.0174	-0.0098		4.2499999999999995e-07	2.9752999999999997e-06
2023-01-12 17:53:16	12/01/2023	2334.119	17:53:16.479	0.16	100.06	1000.02	1000.16	1000.12	499.96	0.0	0.04	-0.4279	2.9802	11.0945	11.1152	11.0793	11.0913	-0.0174	-0.0098		4.2789999999999996e-07	2.9802e-06
2023-01-12 17:53:22	12/01/2023	2340.125	17:53:22.485	0.14	100.06	1000.02	1000.16	1000.12	499.96	0.0	0.04	-0.4297	2.9778	11.0953	11.1148	11.0804	11.0914	-0.0174	-0.0098		4.297e-07	2.9777999999999997e-06
2023-01-12 17:53:28	12/01/2023	2346.136	17:53:28.496	0.16	100.06	1000.02	1000.16	1000.12	499.96	0.0	0.04	-0.4306	2.9774	11.0976	11.1176	11.0808	11.0943	-0.0174	-0.0098		4.3059999999999995e-07	2.9773999999999996e-06
2023-01-12 17:53:35	12/01/2023	2353.3340000000003	17:53:35.694	0.16	100.06	1000.02	1000.16	1000.12	499.96	0.0	0.04	-0.4309	2.9706	11.0971	11.1168	11.0791	11.0906	-0.0174	-0.0105		4.309e-07	2.9706e-06
2023-01-12 17:53:41	12/01/2023	2359.337	17:53:41.697	0.14	100.06	1000.02	1000.16	1000.12	499.96	0.0	0.04	-0.4301	2.9694	11.0969	11.1184	11.0823	11.0954	-0.0174	-0.0105		4.3009999999999997e-07	2.9694e-06
2023-01-12 17:53:47	12/01/2023	2365.3360000000002	17:53:47.696	0.14	100.06	1000.02	1000.16	1000.12	499.96	0.0	0.04	-0.4286	2.9699	11.1043	11.1275	11.0872	11.0969	-0.0174	-0.0105		4.2859999999999996e-07	2.9698999999999997e-06
2023-01-12 17:53:54	12/01/2023	2372.5620000000004	17:53:54.922	0.14	100.06	1000.02	1000.16	1000.12	499.96	0.0	0.04	-0.4295	2.9699	11.1037	11.1273	11.0885	11.1001	-0.0174	-0.0108		4.295e-07	2.9698999999999997e-06
2023-01-12 17:54:00	12/01/2023	2378.578	17:54:00.938	0.14	100.06	1000.02	1000.16	1000.12	499.96	0.0	0.04	-0.4266	2.9714	11.1041	11.1254	11.0866	11.097	-0.0174	-0.0112		4.2659999999999997e-07	2.9714e-06
2023-01-12 17:54:06	12/01/2023	2384.576	17:54:06.936	0.14	100.06	1000.02	1000.16	1000.12	499.96	0.0	0.04	-0.4285	2.9711	11.1047	11.1284	11.0903	11.1024	-0.0174	-0.0112		4.2849999999999995e-07	2.9711e-06
2023-01-12 17:54:13	12/01/2023	2391.779	17:54:14.139	0.14	100.06	1000.02	1000.16	1000.12	499.96	0.0	0.04	-0.432	2.9793	11.1079	11.1306	11.0929	11.1061	-0.0174	-0.0112		4.3199999999999995e-07	2.9792999999999996e-06
2023-01-12 17:54:19	12/01/2023	2397.7780000000002	17:54:20.138	0.14	100.06	1000.02	1000.16	1000.12	499.96	0.0	0.04	-0.4286	2.9751	11.1063	11.1308	11.0946	11.1061	-0.0174	-0.0112		4.2859999999999996e-07	2.9750999999999997e-06
2023-01-12 17:54:25	12/01/2023	2403.7830000000004	17:54:26.143	0.14	100.06	1000.02	1000.16	1000.12	499.96	0.0	0.04	-0.4309	2.9767	11.1086	11.1312	11.098	11.1076	-0.0174	-0.0112		4.309e-07	2.9767e-06
2023-01-12 17:54:32	12/01/2023	2409.771	17:54:32.131	0.14	100.06	1000.02	1000.16	1000.12	499.96	0.0	0.04	-0.4286	2.9738	11.1087	11.1308	11.0978	11.1066	-0.0173	-0.0112		4.2859999999999996e-07	2.9738000000000002e-06
2023-01-12 17:54:38	12/01/2023	2415.7740000000003	17:54:38.134	0.14	100.06	1000.02	1000.16	1000.12	499.96	0.0	0.04	-0.4316	2.9683	11.1069	11.1313	11.0975	11.1064	-0.0173	-0.0112		4.316e-07	2.9683e-06
2023-01-12 17:54:44	12/01/2023	2421.786	17:54:44.146	0.14	100.06	1000.02	1000.16	1000.12	499.96	0.0	0.04	-0.4305	2.9683	11.1085	11.1321	11.0982	11.1065	-0.0173	-0.0112		4.305e-07	2.9683e-06
2023-01-12 17:54:51	12/01/2023	2428.9880000000003	17:54:51.348	0.12	100.06	1000.02	1000.16	1000.12	499.96	0.0	0.04	-0.4329	2.9776	11.124	11.1457	11.1122	11.1235	-0.0173	-0.0112		4.3289999999999997e-07	2.9775999999999997e-06
2023-01-12 17:54:57	12/01/2023	2434.9970000000003	17:54:57.357	0.12	100.06	1000.02	1000.16	1000.12	499.96	0.0	0.04	-0.4322	2.9741	11.1367	11.1616	11.1274	11.1387	-0.0173	-0.0112		4.3219999999999997e-07	2.9741e-06
2023-01-12 17:55:03	12/01/2023	2440.9970000000003	17:55:03.357	0.14	100.06	1000.02	1000.16	1000.1	499.96	0.0	0.04	-0.433	2.9916	11.1503	11.1751	11.139	11.1532	-0.0173	-0.0112		4.3299999999999997e-07	2.9916e-06
2023-01-12 17:55:09	12/01/2023	2447.002	17:55:09.362	0.14	100.06	1000.02	1000.16	1000.1	499.96	0.0	0.04	-0.4345	2.9919	11.1531	11.1762	11.1416	11.153	-0.0167	-0.0112		4.345e-07	2.9918999999999997e-06
2023-01-12 17:55:16	12/01/2023	2454.197	17:55:16.557	0.14	100.06	1000.02	1000.16	1000.1	499.96	0.0	0.04	-0.4337	3.0008	11.1635	11.1875	11.153	11.1624	-0.0167	-0.0112		4.3369999999999997e-07	3.0007999999999997e-06
2023-01-12 17:55:22	12/01/2023	2460.221	17:55:22.581	0.12	100.06	1000.02	1000.16	1000.1	499.96	0.0	0.04	-0.4331	3.011	11.187	11.2067	11.1718	11.1793	-0.0167	-0.0109		4.331e-07	3.011e-06
2023-01-12 17:55:28	12/01/2023	2466.222	17:55:28.582	0.14	100.06	1000.02	1000.16	1000.12	499.96	0.0	0.04	-0.4328	2.9946	11.1725	11.1961	11.161	11.1731	-0.0167	-0.0109		4.328e-07	2.9946e-06
2023-01-12 17:55:35	12/01/2023	2473.4680000000003	17:55:35.828	0.14	100.06	1000.02	1000.16	1000.12	499.96	0.0	0.04	-0.4363	2.9934	11.1667	11.1926	11.1577	11.1689	-0.0167	-0.0109		4.363e-07	2.9933999999999996e-06
2023-01-12 17:55:41	12/01/2023	2479.467	17:55:41.827	0.14	100.08	1000.02	1000.16	1000.12	499.96	0.0	0.04	-0.4324	3.0006	11.1732	11.1954	11.1593	11.1677	-0.0167	-0.0109		4.324e-07	3.0005999999999997e-06
2023-01-12 17:55:47	12/01/2023	2485.469	17:55:47.829	0.14	100.08	1000.02	1000.16	1000.12	499.96	0.0	0.04	-0.4334	3.002	11.1758	11.199	11.1658	11.1774	-0.0167	-0.0109		4.334e-07	3.002e-06
2023-01-12 17:55:54	12/01/2023	2491.6620000000003	17:55:54.022	0.14	100.08	1000.02	1000.16	1000.12	499.96	0.0	0.04	-0.4359	3.0108	11.1772	11.1991	11.1642	11.1754	-0.0166	-0.0109		4.359e-07	3.0108e-06
2023-01-12 17:56:00	12/01/2023	2498.319	17:56:00.679	0.14	0.5	579.56	759.86	920.44	500.1	0.0	0.04	-0.2318	-1.4704	5.5029	5.9568	6.6939	7.5683	-0.0166	-0.0109		2.318e-07	1.4704e-06
2023-01-12 17:56:06	12/01/2023	2504.534	17:56:06.894	0.06	0.46	11.56	188.9	349.62	4.42	0.0	0.04	-0.0015	-3.7834	-3.0896	-2.6135	-1.7182	-0.28	-0.0166	-0.0109		1.5e-09	3.7833999999999996e-06
2023-01-12 17:56:13	12/01/2023	2511.6310000000003	17:56:13.991	0.06	0.1	0.16	0.2	0.12	0.0	0.0	0.04	-0.0015	-0.0523	-0.0144	-0.0455	-0.0646	-0.0182	-0.0166	-0.0109		1.5e-09	5.23e-08
2023-01-12 17:56:19	12/01/2023	2517.5440000000003	17:56:19.904	0.06	0.12	0.14	0.14	0.02	0.02	0.0	0.04	-0.0015	-0.0047	0.014	0.0039	-0.0296	0.0072	-0.0166	-0.0113	no electron activity	1.5e-09	4.7e-09
2023-01-12 17:56:25	12/01/2023	2523.4880000000003	17:56:25.848	0.06	0.08	0.14	0.16	0.02	0.0	0.0	0.04	-0.0015	0.0039	0.004	-0.0183	-0.0162	0.0	-0.0166	-0.0113		1.5e-09	3.899999999999999e-09
2023-01-12 17:56:32	12/01/2023	2530.577	17:56:32.937	0.06	0.12	0.18	0.14	0.02	0.02	0.0	0.04	-0.0015	-0.0013	0.0076	0.0452	-0.0123	-0.0317	-0.0166	-0.0113		1.5e-09	1.2999999999999999e-09
2023-01-12 17:56:38	12/01/2023	2536.4900000000002	17:56:38.850	0.06	0.14	0.18	0.14	0.02	0.04	0.0	0.04	-0.0015	-0.0457	-0.0353	0.0472	-0.0084	0.0108	-0.0166	-0.0113		1.5e-09	4.569999999999999e-08
2023-01-12 17:56:44	12/01/2023	2542.3940000000002	17:56:44.754	0.06	0.12	0.16	0.18	0.02	0.02	0.0	0.04	-0.0015	0.0203	0.0281	0.0237	-0.0029	0.0166	-0.0166	-0.0113		1.5e-09	2.0299999999999996e-08
2023-01-12 17:56:51	12/01/2023	2549.485	17:56:51.845	0.06	0.06	0.22	0.18	0.02	0.02	0.0	0.04	-0.0016	0.0227	-0.0557	-0.0249	-0.006	0.0266	-0.0166	-0.0113		1.6e-09	2.27e-08
2023-01-12 17:56:57	12/01/2023	2555.407	17:56:57.767	0.06	0.1	0.22	0.14	0.0	0.04	0.0	0.04	-0.0016	0.0207	0.0251	0.0569	-0.0077	0.0484	-0.016	-0.0113		1.6e-09	2.07e-08
2023-01-12 17:57:03	12/01/2023	2561.3450000000003	17:57:03.705	0.06	0.1	0.22	0.12	0.04	0.04	0.0	0.04	-0.0016	-0.0335	0.0264	-0.0006	-0.0645	0.0131	-0.016	-0.0113		1.6e-09	3.35e-08
2023-01-12 17:57:10	12/01/2023	2568.472	17:57:10.832	0.06	0.06	0.2	0.16	0.04	0.02	0.0	0.04	-0.0016	0.0226	0.0332	0.047	-0.0574	0.0022	-0.0167	-0.0113		1.6e-09	2.2599999999999997e-08
2023-01-12 17:57:16	12/01/2023	2574.4030000000002	17:57:16.763	0.06	0.08	0.22	0.14	0.02	0.0	0.0	0.04	-0.0016	0.0221	0.0187	0.0197	-0.0239	0.0598	-0.0167	-0.0113		1.6e-09	2.21e-08
2023-01-12 17:57:22	12/01/2023	2580.313	17:57:22.673	0.06	0.08	0.18	0.18	0.06	0.0	0.0	0.04	-0.0016	0.0234	0.0284	-0.0183	-0.003	0.0289	-0.0167	-0.0113		1.6e-09	2.34e-08
2023-01-12 17:57:29	12/01/2023	2587.405	17:57:29.765	0.06	0.06	0.18	0.18	0.04	0.02	0.0	0.04	-0.0016	0.0258	0.0247	0.0357	-0.0131	0.0169	-0.0167	-0.0113		1.6e-09	2.58e-08
2023-01-12 17:57:35	12/01/2023	2593.32	17:57:35.680	0.06	0.12	0.18	0.16	0.04	0.04	0.0	0.04	-0.0016	0.0119	0.0241	-0.0302	-0.0519	0.0182	-0.0167	-0.0113		1.6e-09	1.19e-08
2023-01-12 17:57:41	12/01/2023	2599.228	17:57:41.588	0.06	0.1	0.2	0.14	0.02	0.02	0.0	0.04	-0.0016	0.0114	0.0259	0.0389	0.0084	0.0317	-0.0167	-0.0109		1.6e-09	1.14e-08
2023-01-12 17:57:48	12/01/2023	2606.3230000000003	17:57:48.683	0.06	0.08	0.26	0.16	0.04	0.06	0.0	0.04	-0.0016	0.0156	0.0224	0.0449	-0.0177	-0.0313	-0.0167	-0.0109		1.6e-09	1.5599999999999997e-08
2023-01-12 17:57:54	12/01/2023	2612.2360000000003	17:57:54.596	0.06	0.12	0.22	0.16	0.06	0.02	0.0	0.04	-0.0016	0.0132	0.0202	0.0389	-0.0044	0.0399	-0.0167	-0.0109		1.6e-09	1.3199999999999999e-08
2023-01-12 17:58:00	12/01/2023	2618.139	17:58:00.499	0.06	0.1	0.16	0.14	0.02	0.0	0.0	0.04	-0.0016	0.0141	0.0297	0.049	-0.0067	0.0109	-0.0167	-0.0108		1.6e-09	1.4099999999999999e-08
2023-01-12 17:58:07	12/01/2023	2625.233	17:58:07.593	0.06	0.1	0.28	0.14	0.04	0.0	0.0	0.04	-0.0016	0.0127	-0.0533	0.0369	-0.0176	0.0486	-0.0167	-0.0108		1.6e-09	1.27e-08
2023-01-12 17:58:13	12/01/2023	2631.141	17:58:13.501	0.06	0.08	0.18	0.16	0.08	0.06	0.0	0.04	-0.0016	0.0145	0.0229	0.0482	-0.0471	-0.0066	-0.0167	-0.0108		1.6e-09	1.45e-08
2023-01-12 17:58:19	12/01/2023	2637.052	17:58:19.412	0.06	0.1	0.24	0.16	0.06	0.04	0.0	0.04	-0.0016	0.0134	0.0197	-0.0186	-0.0091	0.0424	-0.0167	-0.0108		1.6e-09	1.34e-08
2023-01-12 17:58:26	12/01/2023	2644.165	17:58:26.525	0.06	0.1	0.2	0.14	0.02	0.02	0.0	0.04	-0.0016	0.0123	0.0236	0.054	-0.008	0.0467	-0.0167	-0.0108		1.6e-09	1.23e-08
2023-01-12 17:58:32	12/01/2023	2650.0800000000004	17:58:32.440	0.06	0.12	0.2	0.2	0.1	0.02	0.0	0.04	-0.0016	0.0123	0.0222	0.0312	-0.0562	0.0531	-0.0167	-0.0108		1.6e-09	1.23e-08
2023-01-12 17:58:38	12/01/2023	2655.993	17:58:38.353	0.06	0.12	0.22	0.14	0.06	0.04	0.0	0.04	-0.0016	0.0122	0.0233	0.0485	0.0044	0.0389	-0.0167	-0.0108		1.6e-09	1.22e-08
2023-01-12 17:58:45	12/01/2023	2663.0910000000003	17:58:45.451	0.06	0.12	0.22	0.2	0.12	0.02	0.0	0.04	-0.0016	0.0124	0.0236	-0.019	-0.035	0.0411	-0.0173	-0.0108		1.6e-09	1.2399999999999999e-08
2023-01-12 17:58:51	12/01/2023	2669.001	17:58:51.361	0.06	0.12	0.22	0.12	0.08	0.06	0.0	0.04	-0.0016	0.0137	0.023	0.0457	0.0033	-0.0202	-0.0173	-0.0108		1.6e-09	1.37e-08
2023-01-12 17:58:57	12/01/2023	2674.92	17:58:57.280	0.06	0.12	0.18	0.2	0.12	0.02	0.0	0.04	-0.0016	0.0137	0.0227	0.0371	-0.0047	0.0468	-0.0173	-0.0108		1.6e-09	1.37e-08
2023-01-12 17:59:04	12/01/2023	2681.9680000000003	17:59:04.328	0.06	0.12	0.2	0.14	0.1	0.04	0.0	0.04	-0.0016	0.0141	0.0235	0.0397	-0.0024	-0.0181	-0.0174	-0.0108		1.6e-09	1.4099999999999999e-08
2023-01-12 17:59:10	12/01/2023	2687.9080000000004	17:59:10.268	0.06	0.12	0.16	0.22	0.08	0.0	0.0	0.04	-0.0016	0.0143	0.0264	0.0358	-0.0278	0.0494	-0.0174	-0.0108		1.6e-09	1.4299999999999999e-08
2023-01-12 17:59:16	12/01/2023	2693.817	17:59:16.177	0.06	0.12	0.2	0.16	0.1	0.02	0.0	0.04	-0.0016	0.0151	-0.0416	-0.0103	-0.0019	0.0411	-0.0174	-0.0108		1.6e-09	1.51e-08
2023-01-12 17:59:22	12/01/2023	2699.7580000000003	17:59:22.118	0.06	0.1	0.18	0.14	0.1	0.02	0.0	0.04	-0.0016	0.0151	0.024	0.0412	-0.0386	0.0374	-0.0174	-0.0108		1.6e-09	1.51e-08
2023-01-12 17:59:29	12/01/2023	2706.885	17:59:29.245	0.06	0.1	0.14	0.2	0.08	0.02	0.0	0.04	-0.0016	0.0151	0.0285	-0.0261	0.0031	0.0492	-0.0174	-0.0108		1.6e-09	1.51e-08
2023-01-12 17:59:35	12/01/2023	2712.781	17:59:35.141	0.06	0.1	0.18	0.16	0.12	0.0	0.0	0.04	-0.0016	0.0151	0.0236	0.0453	-0.0446	0.0433	-0.0174	-0.0108		1.6e-09	1.51e-08
2023-01-12 17:59:41	12/01/2023	2718.679	17:59:41.039	0.06	0.1	0.2	0.14	0.1	0.02	0.0	0.04	-0.0016	0.0145	0.0234	0.0404	-0.0405	0.0426	-0.0174	-0.0108		1.6e-09	1.45e-08
2023-01-12 17:59:48	12/01/2023	2725.797	17:59:48.157	0.06	0.1	0.16	0.16	0.08	0.02	0.0	0.04	-0.0016	0.0145	0.0232	0.0383	0.0229	0.0337	-0.0174	-0.0108		1.6e-09	1.45e-08
2023-01-12 17:59:54	12/01/2023	2731.7250000000004	17:59:54.085	0.06	0.1	0.18	0.14	0.1	0.02	0.0	0.04	-0.0016	0.0126	0.0214	0.0367	0.0045	0.0322	-0.0174	-0.0108		1.6e-09	1.26e-08
2023-01-12 18:00:00	12/01/2023	2738.791	18:00:01.151	0.06	0.1	0.18	0.16	0.12	0.04	0.0	0.04	-0.0016	0.0131	0.0211	0.0346	-0.0317	-0.028	-0.0174	-0.0108		1.6e-09	1.31e-08
2023-01-12 18:00:07	12/01/2023	2744.703	18:00:07.063	0.06	0.1	0.18	0.14	0.1	0.04	0.0	0.04	-0.0016	0.0125	0.0211	0.0336	0.0081	0.0321	-0.0174	-0.0108		1.6e-09	1.25e-08
2023-01-12 18:00:13	12/01/2023	2751.789	18:00:14.149	0.06	0.1	0.18	0.16	0.06	0.04	0.0	0.04	-0.0016	0.0126	0.0211	0.0354	0.0127	0.0305	-0.0174	-0.0108		1.6e-09	1.26e-08
2023-01-12 18:00:19	12/01/2023	2757.713	18:00:20.073	0.06	0.1	0.18	0.14	0.06	0.02	0.0	0.04	-0.0016	0.0126	0.0211	0.0367	0.005	0.0303	-0.0174	-0.011		1.6e-09	1.26e-08
2023-01-12 18:00:26	12/01/2023	2764.8010000000004	18:00:27.161	0.06	0.1	0.18	0.14	0.06	0.02	0.0	0.04	-0.0016	0.0126	0.0211	0.0356	0.011	0.0306	-0.0174	-0.011		1.6e-09	1.26e-08
2023-01-12 18:00:32	12/01/2023	2770.704	18:00:33.064	0.06	0.1	0.18	0.14	0.08	0.04	0.0	0.04	-0.0016	0.0126	0.0211	0.0307	0.0148	0.0298	-0.0174	-0.011		1.6e-09	1.26e-08
2023-01-12 18:00:38	12/01/2023	2776.6110000000003	18:00:38.971	0.06	0.1	0.18	0.16	0.08	0.0	0.0	0.04	-0.0016	0.0133	0.0211	0.0307	0.0158	0.0302	-0.0174	-0.011		1.6e-09	1.3299999999999998e-08
2023-01-12 18:00:45	12/01/2023	2783.706	18:00:46.066	0.06	0.1	0.18	0.16	0.08	0.0	0.0	0.04	-0.0016	0.0133	0.0211	0.0321	0.0157	0.0297	-0.0174	-0.011		1.6e-09	1.3299999999999998e-08
2023-01-12 18:00:51	12/01/2023	2789.6090000000004	18:00:51.969	0.06	0.1	0.18	0.12	0.08	0.04	0.0	0.04	-0.0016	0.0133	0.0217	0.0329	0.008	0.0285	-0.0174	-0.011		1.6e-09	1.3299999999999998e-08
2023-01-12 18:00:57	12/01/2023	2795.516	18:00:57.876	0.06	0.1	0.18	0.12	0.08	0.02	0.0	0.04	-0.0016	0.0131	0.0217	0.0315	0.0167	0.028	-0.0174	-0.011		1.6e-09	1.31e-08
2023-01-12 18:01:04	12/01/2023	2802.632	18:01:04.992	0.06	0.1	0.18	0.16	0.08	0.0	0.0	0.04	-0.0016	0.0131	0.0217	0.0331	0.017	0.0294	-0.0174	-0.011		1.6e-09	1.31e-08
2023-01-12 18:01:10	12/01/2023	2808.545	18:01:10.905	0.06	0.08	0.18	0.14	0.06	0.04	0.0	0.04	-0.0017	0.0131	0.0217	0.0349	0.01	0.028	-0.0174	-0.011		1.7e-09	1.31e-08
2023-01-12 18:01:16	12/01/2023	2814.445	18:01:16.805	0.06	0.08	0.16	0.14	0.06	0.0	0.0	0.04	-0.0017	0.0131	0.0227	0.0428	0.0001	0.0288	-0.0174	-0.011		1.7e-09	1.31e-08
2023-01-12 18:01:23	12/01/2023	2821.5370000000003	18:01:23.897	0.06	0.08	0.16	0.16	0.04	0.04	0.0	0.04	-0.0017	0.0131	0.023	0.034	0.0146	0.0288	-0.0174	-0.011		1.7e-09	1.31e-08
2023-01-12 18:01:29	12/01/2023	2827.442	18:01:29.802	0.06	0.08	0.16	0.14	0.06	0.02	0.0	0.04	-0.0025	0.0127	0.023	0.0336	0.0159	0.0292	-0.0174	-0.011		2.5e-09	1.27e-08
2023-01-12 18:01:35	12/01/2023	2833.349	18:01:35.709	0.06	0.08	0.16	0.14	0.08	0.02	0.0	0.04	-0.0025	0.0124	0.0237	0.0257	0.0084	0.0292	-0.0174	-0.011		2.5e-09	1.2399999999999999e-08
2023-01-12 18:01:42	12/01/2023	2840.4500000000003	18:01:42.810	0.06	0.08	0.16	0.12	0.08	0.0	0.0	0.04	-0.0028	0.0124	0.0237	0.0328	0.0127	0.0294	-0.0174	-0.011		2.8e-09	1.2399999999999999e-08
2023-01-12 18:01:48	12/01/2023	2846.3790000000004	18:01:48.739	0.06	0.08	0.16	0.12	0.08	0.02	0.0	0.04	-0.0029	0.0124	0.0237	0.0327	0.0172	0.0292	-0.0174	-0.011		2.8999999999999995e-09	1.2399999999999999e-08
2023-01-12 18:01:54	12/01/2023	2852.2830000000004	18:01:54.643	0.06	0.08	0.14	0.14	0.06	0.02	0.0	0.04	-0.0029	0.0124	0.0237	0.0305	0.0219	0.0278	-0.0174	-0.011		2.8999999999999995e-09	1.2399999999999999e-08
2023-01-12 18:02:01	12/01/2023	2859.342	18:02:01.702	0.06	0.08	0.14	0.1	0.04	0.0	0.0	0.04	-0.0029	0.0124	0.0237	0.0313	0.0356	0.0254	-0.0174	-0.0117		2.8999999999999995e-09	1.2399999999999999e-08
2023-01-12 18:02:07	12/01/2023	2865.246	18:02:07.606	0.06	0.08	0.14	0.14	0.06	0.0	0.0	0.04	-0.0024	0.0124	0.0238	0.0313	0.0181	0.0261	-0.0174	-0.0117		2.3999999999999996e-09	1.2399999999999999e-08
2023-01-12 18:02:13	12/01/2023	2871.1490000000003	18:02:13.509	0.06	0.08	0.14	0.12	0.06	0.02	0.0	0.04	-0.0022	0.0124	0.0238	0.0313	0.0151	0.0261	-0.0174	-0.0127		2.2e-09	1.2399999999999999e-08
2023-01-12 18:02:20	12/01/2023	2878.226	18:02:20.586	0.06	0.08	0.14	0.14	0.04	0.02	0.0	0.04	-0.0017	0.0124	0.0238	0.0313	0.0165	0.0261	-0.0174	-0.0127		1.7e-09	1.2399999999999999e-08
2023-01-12 18:02:26	12/01/2023	2884.1580000000004	18:02:26.518	0.06	0.08	0.14	0.12	0.08	0.02	0.0	0.04	-0.0017	0.0111	0.0238	0.0415	-0.0457	0.0261	-0.0174	-0.0127		1.7e-09	1.11e-08
2023-01-12 18:02:32	12/01/2023	2890.0640000000003	18:02:32.424	0.06	0.08	0.14	0.14	0.04	0.02	0.0	0.04	-0.0017	0.0111	0.0238	0.0312	0.0186	0.0261	-0.0175	-0.0127		1.7e-09	1.11e-08
2023-01-12 18:02:39	12/01/2023	2897.168	18:02:39.528	0.06	0.08	0.14	0.14	0.06	0.02	0.0	0.04	0.0007	0.0111	0.0242	0.0289	0.0173	0.0261	-0.0176	-0.0127		7e-10	1.11e-08
2023-01-12 18:02:45	12/01/2023	2903.067	18:02:45.427	0.06	0.08	0.14	0.14	0.08	0.02	0.0	0.04	0.0005	0.0111	0.0242	0.03	0.0103	0.0261	-0.0176	-0.0127		5e-10	1.11e-08
2023-01-12 18:02:51	12/01/2023	2908.972	18:02:51.332	0.06	0.08	0.14	0.16	0.08	0.02	0.0	0.04	0.0	0.0118	0.0242	0.0295	0.0166	0.0261	-0.0176	-0.0127		0.0	1.18e-08
2023-01-12 18:02:58	12/01/2023	2916.0640000000003	18:02:58.424	0.06	0.08	0.14	0.12	0.06	0.02	0.0	0.04	-0.0007	0.0118	0.0242	0.0308	0.0167	0.0261	-0.0176	-0.0127		7e-10	1.18e-08
2023-01-12 18:03:04	12/01/2023	2921.992	18:03:04.352	0.06	0.08	0.14	0.14	0.04	0.02	0.0	0.04	-0.0007	0.0118	0.0242	0.0308	0.0159	0.0261	-0.0176	-0.0127		7e-10	1.18e-08
2023-01-12 18:03:10	12/01/2023	2927.889	18:03:10.249	0.06	0.08	0.14	0.14	0.06	0.02	0.0	0.04	-0.0006	0.0107	0.0237	0.0229	0.0152	0.0261	-0.0176	-0.0127		5.999999999999999e-10	1.0699999999999998e-08
2023-01-12 18:03:17	12/01/2023	2934.9790000000003	18:03:17.339	0.06	0.08	0.14	0.12	0.06	0.0	0.0	0.04	-0.0005	0.0107	0.0237	0.0299	0.0157	0.027	-0.0176	-0.0127		5e-10	1.0699999999999998e-08
2023-01-12 18:03:23	12/01/2023	2940.876	18:03:23.236	0.06	0.08	0.14	0.14	0.04	0.02	0.0	0.04	-0.0005	0.0107	0.0237	0.0299	0.016	0.027	-0.0176	-0.0127		5e-10	1.0699999999999998e-08
2023-01-12 18:03:29	12/01/2023	2946.777	18:03:29.137	0.06	0.08	0.14	0.12	0.06	0.02	0.0	0.04	-0.0005	0.0107	0.0233	0.0289	0.016	0.027	-0.0176	-0.0127		5e-10	1.0699999999999998e-08
2023-01-12 18:03:35	12/01/2023	2952.6910000000003	18:03:35.051	0.06	0.08	0.14	0.14	0.04	0.02	0.0	0.04	-0.0008	0.0107	0.0233	0.0289	0.0172	0.0269	-0.0176	-0.0127		8e-10	1.0699999999999998e-08
2023-01-12 18:03:42	12/01/2023	2959.771	18:03:42.131	0.06	0.08	0.14	0.1	0.06	0.02	0.0	0.04	-0.0006	0.0107	0.0233	0.0284	0.0104	0.0269	-0.0176	-0.0127		5.999999999999999e-10	1.0699999999999998e-08
2023-01-12 18:03:48	12/01/2023	2965.7200000000003	18:03:48.080	0.06	0.08	0.14	0.14	0.04	0.02	0.0	0.04	0.0001	0.0114	0.0233	0.0284	0.0158	0.0268	-0.0176	-0.0127		1e-10	1.14e-08
2023-01-12 18:03:54	12/01/2023	2972.804	18:03:55.164	0.06	0.08	0.14	0.14	0.02	0.02	0.0	0.04	-0.002	0.0114	0.0233	0.0284	0.0168	0.0268	-0.0177	-0.0127		2e-09	1.14e-08
2023-01-12 18:04:01	12/01/2023	2973.9880000000003	18:03:56.348	0.06	0.08	0.14	0.14	0.02	0.02	0.0	0.04	-0.0024	0.0114	0.0233	0.0284	0.0168	0.0268	-0.0177	-0.0127		2.3999999999999996e-09	1.14e-08
2023-01-12 18:04:07																						
2023-01-12 18:04:13																						
2023-01-12 18:04:20																						
2023-01-12 18:04:26																						
2023-01-12 18:04:32																						
